{
"time": 6.95,
"perf_time": 6.94164535,
"instructions": 8892301252.00000000,
"cycles": 28948263364.00000000,
"cache-references": 12410604.00000000,
"cache-misses": 1248328.00000000,
"branches": 2372969273.00000000,
"branch-misses": 21189785.00000000,
"cpu-clock": 6.93820863,
"task-clock": 6.93399508,
"faults": 1062.00000000,
"minor-faults": 1027.00000000,
"major-faults": 34.00000000,
"cs": 64.00000000,
"migrations": 0.00000000,
"L1-dcache-loads": 1458427478.00000000,
"L1-dcache-load-misses": 3426025.00000000,
"dTLB-loads": 1507676.00000000,
"dTLB-load-misses": 14515.00000000,
"weights": 3104556.00000000,
"energy": 17101594.00000000
}
