{
"time": [6.98,6.95,6.95,6.94,6.95,6.94,6.96,6.95,6.94,6.95,6.94,6.96,6.95,6.94,6.93,6.96,6.95,6.93,6.95,6.93,6.95],
"perf_time": [6.96484094,6.96232863,6.93739080,6.94356114,6.93856677,6.95452409,6.93693342,6.94127442,6.96208768,6.95180219,6.96752896,6.93925554,6.93852424,6.94552527,6.93739534,6.93944153,6.93947659,6.93716563,6.95315039,6.94164535,6.95153980],
"instructions": [8901513360.00000000,8892751628.00000000,8892102199.00000000,8892446629.00000000,8891926310.00000000,8891395412.00000000,8896003136.00000000,8892301252.00000000,8892535460.00000000,8892029498.00000000,8892280005.00000000,8892174724.00000000,8893145610.00000000,8892309208.00000000,8892942778.00000000,8895602027.00000000,8892186837.00000000,8891803638.00000000,8892194882.00000000,8891829723.00000000,8901379073.00000000],
"cycles": [28948263364.00000000,28861352758.00000000,28974179131.00000000,28983260107.00000000,28977374890.00000000,28911622560.00000000,28901845662.00000000,28860397327.00000000,28943727925.00000000,28975644750.00000000,28977918115.00000000,29004458823.00000000,28917119478.00000000,28977606986.00000000,28941721169.00000000,28968749355.00000000,28958352043.00000000,28982064047.00000000,28923137055.00000000,28934262016.00000000,28947736433.00000000],
"cache-references": [12419050.00000000,12403507.00000000,13079993.00000000,12214341.00000000,12507523.00000000,12248648.00000000,12361052.00000000,12586212.00000000,12410604.00000000,12226162.00000000,12418075.00000000,12441656.00000000,12336695.00000000,12319169.00000000,12428841.00000000,12489037.00000000,12351999.00000000,12537943.00000000,12288223.00000000,12438137.00000000,12273047.00000000],
"cache-misses": [1394532.00000000,1209836.00000000,1236477.00000000,1183526.00000000,1212039.00000000,1309393.00000000,1175133.00000000,1219646.00000000,1249095.00000000,1196991.00000000,1138452.00000000,1333895.00000000,1360811.00000000,1248328.00000000,1339873.00000000,1341978.00000000,1159272.00000000,1340397.00000000,1230481.00000000,1415589.00000000,1460744.00000000],
"branches": [2375247945.00000000,2372850877.00000000,2373162386.00000000,2373617161.00000000,2372821706.00000000,2373077126.00000000,2372749845.00000000,2372969273.00000000,2372840365.00000000,2372874287.00000000,2372810606.00000000,2373001409.00000000,2372840017.00000000,2373634757.00000000,2373003523.00000000,2373122770.00000000,2372948112.00000000,2372936330.00000000,2373004135.00000000,2372787325.00000000,2373085580.00000000],
"branch-misses": [21238873.00000000,21189785.00000000,21191888.00000000,21193315.00000000,21188216.00000000,21189655.00000000,21206704.00000000,21190181.00000000,21187287.00000000,21199489.00000000,21188842.00000000,21190812.00000000,21189136.00000000,21186535.00000000,21201216.00000000,21186907.00000000,21186757.00000000,21188805.00000000,21199553.00000000,21190783.00000000,21188751.00000000],
"cpu-clock": [6.96699531,6.93820863,6.92611316,6.93526045,6.92793900,6.92742455,6.94047733,6.94584814,6.94227468,6.95352697,6.93340116,6.95263923,6.94184600,6.93908395,6.93144835,6.93461576,6.95726854,6.94473412,6.92728361,6.92527842,6.93160989],
"task-clock": [6.95994777,6.94363734,6.93035583,6.93399508,6.92984767,6.92872296,6.94955800,6.95984245,6.92747337,6.95037758,6.93190378,6.94372066,6.95320501,6.92843200,6.92547369,6.92969695,6.94421227,6.93369630,6.92832780,6.93607214,6.94093158],
"faults": [1064.00000000,1063.00000000,1061.00000000,1062.00000000,1059.00000000,1061.00000000,1063.00000000,1059.00000000,1060.00000000,1061.00000000,1062.00000000,1062.00000000,1065.00000000,1063.00000000,1064.00000000,1061.00000000,1062.00000000,1061.00000000,1062.00000000,1061.00000000,1060.00000000],
"minor-faults": [1027.00000000,1029.00000000,1028.00000000,1025.00000000,1028.00000000,1030.00000000,1024.00000000,1027.00000000,1026.00000000,1026.00000000,1028.00000000,1028.00000000,1027.00000000,1029.00000000,1028.00000000,1029.00000000,1026.00000000,1027.00000000,1027.00000000,1026.00000000,1030.00000000],
"major-faults": [34.00000000,34.00000000,34.00000000,34.00000000,34.00000000,34.00000000,34.00000000,34.00000000,34.00000000,34.00000000,34.00000000,34.00000000,33.00000000,34.00000000,34.00000000,34.00000000,34.00000000,34.00000000,34.00000000,34.00000000,34.00000000],
"cs": [45.00000000,56.00000000,374.00000000,60.00000000,79.00000000,50.00000000,65.00000000,102.00000000,54.00000000,75.00000000,114.00000000,55.00000000,345.00000000,49.00000000,54.00000000,64.00000000,98.00000000,77.00000000,340.00000000,64.00000000,53.00000000],
"migrations": [2.00000000,0.00000000,0.00000000,0.00000000,0.00000000,0.00000000,1.00000000,0.00000000,0.00000000,1.00000000,0.00000000,1.00000000,1.00000000,3.00000000,0.00000000,0.00000000,0.00000000,0.00000000,0.00000000,0.00000000,0.00000000],
"L1-dcache-loads": [1460816143.00000000,1457504490.00000000,1458664198.00000000,1457056881.00000000,1458331620.00000000,1457465510.00000000,1458438999.00000000,1457032014.00000000,1458905692.00000000,1459192345.00000000,1457090016.00000000,1459606060.00000000,1458458032.00000000,1458119462.00000000,1459122710.00000000,1458798410.00000000,1458285942.00000000,1458427478.00000000,1457908768.00000000,1458223536.00000000,1458517068.00000000],
"L1-dcache-load-misses": [3562527.00000000,3386841.00000000,3363620.00000000,3415753.00000000,6897778.00000000,3451719.00000000,3398872.00000000,7244850.00000000,3433851.00000000,3429624.00000000,3543134.00000000,3393615.00000000,3408038.00000000,3425190.00000000,3426025.00000000,3445746.00000000,3547913.00000000,3441715.00000000,3405407.00000000,3405454.00000000,3409325.00000000],
"dTLB-loads": [1506431.00000000,1515286.00000000,1498352.00000000,1507676.00000000,1550632.00000000,1563311.00000000,1504406.00000000,1580398.00000000,1506966.00000000,1503836.00000000,1498985.00000000,1563002.00000000,1560184.00000000,1505621.00000000,1574462.00000000,1504616.00000000,1507417.00000000,1518671.00000000,1501223.00000000,1577419.00000000,1563017.00000000],
"dTLB-load-misses": [16679.00000000,14992.00000000,14323.00000000,14691.00000000,14286.00000000,14061.00000000,14391.00000000,14158.00000000,14911.00000000,14193.00000000,14675.00000000,14556.00000000,14616.00000000,15443.00000000,14371.00000000,14634.00000000,15226.00000000,14484.00000000,14493.00000000,14515.00000000,14402.00000000],
"weights": [2972270.00000000,3433410.00000000,2985461.00000000,3220528.00000000,3104556.00000000,3334309.00000000,2858023.00000000,2746431.00000000,5207694.00000000,3376115.00000000,3093857.00000000,2910161.00000000,2613328.00000000,4641224.00000000,3240018.00000000,2956530.00000000,2455135.00000000,5147575.00000000,2723427.00000000,3538327.00000000,3255630.00000000],
"energy": [18043272.00000000,17968294.00000000,17720885.00000000,17528284.00000000,17495509.00000000,17428756.00000000,17294165.00000000,17194240.00000000,17101594.00000000,17154477.00000000,16995780.00000000,16933679.00000000,17090318.00000000,16937082.00000000,17056583.00000000,17068987.00000000,17139891.00000000,17056903.00000000,17035954.00000000,16996359.00000000,16931146.00000000]
}
