{
    "original": {
        "median_execution_time": 13.62635409203358,
        "search_type": "genetic_programming"
    },
    "items": [
        {
            "item_name": "time",
            "median_execution_time": 2.387959692045115,
            "duration": 178.98557631392032,
            "patch_contents": "ParamSetting(('minisat_simplified.params', 'param', 'rinc'), 2188.9577716520566)\n",
            "number_of_retries": 1,
            "number_of_steps": 10,
            "best_fitness": 2.2968,
            "reference_fitness": 13.6909,
            "params": false,
            "fitness_values": [
                12.765,
                8.8758,
                2.2968,
                13.0092,
                10.7178,
                15.7235,
                2.3531,
                3.1213
            ],
            "new_highs": 2,
            "new_highs_ratio": 0.25
        },
        {
            "item_name": "weights",
            "median_execution_time": 2.3335938369855285,
            "duration": 218.33505023096222,
            "patch_contents": "ParamSetting(('minisat_simplified.params', 'param', 'rinc'), 3474.3136806071107)\n",
            "number_of_retries": 1,
            "number_of_steps": 10,
            "best_fitness": 37186778.89,
            "reference_fitness": 164319629.837,
            "params": false,
            "fitness_values": [
                164310466.0,
                134030030.419,
                117404795.015,
                189940724.709,
                164435811.391,
                126113126.648,
                37186778.89,
                70175430.994,
                186231336.172
            ],
            "new_highs": 3,
            "new_highs_ratio": 0.3333333333333333
        },
        {
            "item_name": "energy",
            "median_execution_time": 2.3585169150028378,
            "duration": 202.01052836701274,
            "patch_contents": "ParamSetting(('minisat_simplified.params', 'param', 'rinc'), 3474.3136806071107)\n",
            "number_of_retries": 1,
            "number_of_steps": 10,
            "best_fitness": 76716965.0,
            "reference_fitness": 454109603.0,
            "params": false,
            "fitness_values": [
                429027694.0,
                291721898.0,
                79211541.0,
                433199780.0,
                351945697.0,
                516082991.0,
                76716965.0,
                102227120.0
            ],
            "new_highs": 3,
            "new_highs_ratio": 0.375
        }
    ]
}