{
"time": 2.00,
"perf_time": 2.00463355,
"instructions": 2562233512.00000000,
"cycles": 8284463321.00000000,
"cache-references": 5090549.00000000,
"cache-misses": 701791.00000000,
"branches": 682062701.00000000,
"branch-misses": 6141140.00000000,
"cpu-clock": 2.00339875,
"task-clock": 1.99786528,
"faults": 1060.00000000,
"minor-faults": 1025.00000000,
"major-faults": 34.00000000,
"cs": 44.00000000,
"migrations": 0.00000000,
"L1-dcache-loads": 426224405.00000000,
"L1-dcache-load-misses": 1343538.00000000,
"dTLB-loads": 536487.00000000,
"dTLB-load-misses": 12365.00000000,
"weights": 3524280.00000000,
"energy": 4943638.00000000
}
