number_of_retries,execution_rank_per_item_median,execution_rank_per_item_IQR
1.0,3.142857142857143,0.4285714285714288
2.0,3.0,0.2500000000000009
3.0,2.9285714285714284,0.4642857142857144
4.0,2.9285714285714284,0.39285714285714324
5.0,3.071428571428572,0.5000000000000004
