number_of_retries,execution_rank_per_item_median,execution_rank_per_item_IQR
1.0,2.8846153846153846,0.5089285714285716
2.0,2.9285714285714284,0.3035714285714288
3.0,2.8873626373626373,0.4642857142857144
4.0,2.9642857142857144,0.3392857142857144
5.0,3.0,0.5178571428571432
