number_of_retries,execution_rank_per_item_median,execution_rank_per_item_mean,execution_rank_per_item_std,execution_rank_per_item_IQR
1.0,3.142857142857143,3.0779220779220777,0.3892097507201724,0.4285714285714288
2.0,3.0,2.9740259740259742,0.28797804492691065,0.2500000000000009
3.0,2.9285714285714284,2.9740259740259742,0.29841883878119635,0.4642857142857144
4.0,2.9885714285714284,3.005324675324675,0.3249528009112047,0.3571428571428581
5.0,3.071428571428572,2.9922077922077928,0.3894718368358766,0.5000000000000004
