number_of_retries,average_decrease_percentage_per_step,std_deviation_of_decreases,proportion_of_large_decreases
1,0.047146146490892396,11180545.773024917,0.1764705882352941
2,0.045601228802870195,10009045.076560099,0.2
3,0.0474280478192539,9802622.245514635,0.2
4,0.05041138907378885,10330874.97485442,0.1818181818181818
5,0.05056672040427175,6588037.114875359,0.2
