number_of_retries,average_decrease_percentage_per_step,std_deviation_of_decreases,proportion_of_large_decreases
1,0.0521254138527804,11838444.335251268,0.1702898550724637
2,0.051417604479250645,12331060.067874998,0.2
3,0.050413440512893454,11307751.369403753,0.1818181818181818
4,0.0558421146893993,12056935.929758634,0.1818181818181818
5,0.0558394132039317,6588037.114875359,0.2
