{
    "original": {
        "median_execution_time": 9.62934049544856,
        "search_type": "local_search"
    },
    "items": [
        {
            "item_name": "time",
            "median_execution_time": 10.278004934894852,
            "duration": 1882.483011553064,
            "patch_contents": "SrcmlStmtDeletion(('src/main/java/weka/classifiers/trees/RandomForest.java.xml', 'stmt', 105)) | SrcmlStmtDeletion(('src/main/java/weka/classifiers/trees/RandomForest.java.xml', 'stmt', 120)) | SrcmlStmtDeletion(('src/main/java/weka/classifiers/trees/RandomForest.java.xml', 'stmt', 134)) | SrcmlStmtDeletion(('src/main/java/weka/classifiers/trees/RandomForest.java.xml', 'stmt', 20))\n",
            "number_of_retries": 1,
            "number_of_steps": 270,
            "best_fitness": 9.9366,
            "reference_fitness": 10.3095,
            "params": false,
            "fitness_values": [
                10.5082,
                10.617,
                10.7056,
                10.6734,
                10.5575,
                10.2407,
                10.3095,
                10.4154,
                10.2528,
                10.2857,
                10.3059,
                10.2535,
                10.4218,
                10.4187,
                10.2016,
                10.2726,
                10.1811,
                10.1523,
                10.3119,
                10.1283,
                10.1523,
                10.1677,
                10.6503,
                10.1283,
                10.1283,
                10.2604,
                10.0571,
                10.4566,
                10.151,
                10.1283,
                10.243,
                10.1112,
                10.2704,
                10.3696,
                10.1233,
                10.0766,
                10.2301,
                10.0833,
                10.0777,
                10.3168,
                10.1203,
                10.4546,
                10.1233,
                10.6034,
                10.4021,
                9.9851,
                10.0922,
                10.2984,
                10.0571,
                9.9366,
                10.3447,
                10.225,
                10.3224,
                10.5032,
                10.2766,
                10.1647,
                10.4566,
                10.0573,
                9.9366,
                10.1584,
                9.9366,
                10.4336,
                10.4566,
                10.3447,
                10.0984,
                10.3224,
                10.1584,
                10.306,
                10.2506,
                10.1915,
                10.2972,
                10.2486,
                10.0868,
                10.0364,
                10.3623,
                10.3409,
                10.2991,
                10.3198,
                10.1301,
                10.3145,
                10.1851,
                10.2506,
                10.3623,
                10.4183,
                10.1301,
                10.1772,
                10.1507,
                10.2497,
                10.299,
                10.1531,
                10.3731,
                10.1319,
                10.1606,
                10.4112,
                10.2256,
                10.2972,
                10.3507
            ],
            "new_highs": 8,
            "new_highs_ratio": 0.08247422680412371
        }
    ]
}