{
    "original": {
        "median_execution_time": 0.07074379920959473
    },
    "items": [
        {
            "item_name": "time",
            "median_execution_time": 0.0015096664428710938,
            "duration": 13.168473958969116,
            "patch_contents": "SrcmlStmtDeletion(('triangle.c.xml', 'stmt', 3)) | SrcmlStmtReplacement(('triangle.c.xml', 'stmt', 6), ('triangle.c.xml', 'stmt', 13)) | SrcmlStmtInsertion(('triangle.c.xml', '_inter_block', 28), ('triangle.c.xml', 'stmt', 0))\n",
            "number_of_retries": 1,
            "number_of_steps": 100,
            "best_fitness": 0.0105,
            "reference_fitness": 0.0861,
            "params": false,
            "fitness_values": [
                0.0799,
                0.0861,
                0.0164,
                0.0115,
                0.0111,
                0.0115,
                0.0827,
                0.0151,
                0.0111,
                0.0115,
                0.0149,
                0.0111,
                0.0115,
                0.0827,
                0.0108,
                0.0111,
                0.0107,
                0.0115,
                0.0808,
                0.0107,
                0.0808,
                0.0107,
                0.0115,
                0.0808,
                0.0147,
                0.0105,
                0.0817,
                0.0148,
                0.0148,
                0.015,
                0.0107,
                0.0105,
                0.0105,
                0.0146,
                0.0148,
                0.0817,
                0.0107,
                0.0149,
                0.0149,
                0.0146
            ],
            "new_highs": 6
        },
        {
            "item_name": "perf_time",
            "median_execution_time": 0.0011920928955078125,
            "duration": 13.137998819351196,
            "patch_contents": "SrcmlStmtDeletion(('triangle.c.xml', 'stmt', 1)) | SrcmlStmtInsertion(('triangle.c.xml', '_inter_block', 13), ('triangle.c.xml', 'stmt', 12))\n",
            "number_of_retries": 1,
            "number_of_steps": 100,
            "best_fitness": 0.001043,
            "reference_fitness": 0.071898,
            "params": false,
            "fitness_values": [
                0.001616,
                0.071898,
                0.001572,
                0.001352,
                0.001043,
                0.001616,
                0.071307,
                0.001043,
                0.00112,
                0.001043,
                0.001423,
                0.071307,
                0.001616,
                0.001043,
                0.071307,
                0.001744,
                0.001616,
                0.001043,
                0.071307,
                0.001616,
                0.00165,
                0.001294,
                0.0015,
                0.001604,
                0.001402,
                0.001658,
                0.001443,
                0.001378,
                0.001886,
                0.001046,
                0.001087,
                0.001622,
                0.001426,
                0.001095,
                0.001493,
                0.00189,
                0.001408,
                0.001043,
                0.001043,
                0.001616,
                0.001853,
                0.071307,
                0.001052,
                0.001043
            ],
            "new_highs": 3
        },
        {
            "item_name": "time",
            "median_execution_time": 0.0012035369873046875,
            "duration": 9.281814575195312,
            "patch_contents": "SrcmlStmtInsertion(('triangle.c.xml', '_inter_block', 0), ('triangle.c.xml', 'stmt', 17)) | SrcmlStmtDeletion(('triangle.c.xml', 'stmt', 3)) | SrcmlStmtReplacement(('triangle.c.xml', 'stmt', 3), ('triangle.c.xml', 'stmt', 5)) | SrcmlStmtInsertion(('triangle.c.xml', '_inter_block', 30), ('triangle.c.xml', 'stmt', 16)) | SrcmlStmtReplacement(('triangle.c.xml', 'stmt', 17), ('triangle.c.xml', 'stmt', 9))\n",
            "number_of_retries": 1,
            "number_of_steps": 100,
            "best_fitness": 0.0083,
            "reference_fitness": 0.0773,
            "params": true,
            "fitness_values": [
                0.0788,
                0.0153,
                0.0773,
                0.0104,
                0.0153,
                0.0147,
                0.0093,
                0.0104,
                0.0144,
                0.0084,
                0.0093,
                0.0083,
                0.0084,
                0.0121,
                0.0083,
                0.0086,
                0.0085,
                0.01,
                0.0084,
                0.0146,
                0.0083,
                0.0146,
                0.0083,
                0.0084,
                0.0086,
                0.0146,
                0.0121,
                0.015,
                0.0147,
                0.0148,
                0.0083,
                0.0086,
                0.0146,
                0.0084,
                0.0147,
                0.0083,
                0.0083,
                0.015,
                0.0146,
                0.0149,
                0.0148,
                0.0084,
                0.0149,
                0.0086,
                0.0085
            ],
            "new_highs": 5
        },
        {
            "item_name": "perf_time",
            "median_execution_time": 0.001056671142578125,
            "duration": 9.58110499382019,
            "patch_contents": "SrcmlStmtInsertion(('triangle.c.xml', '_inter_block', 18), ('triangle.c.xml', 'stmt', 4)) | SrcmlStmtDeletion(('triangle.c.xml', 'stmt', 3)) | SrcmlStmtDeletion(('triangle.c.xml', 'stmt', 4)) | SrcmlStmtInsertion(('triangle.c.xml', '_inter_block', 17), ('triangle.c.xml', 'stmt', 10)) | SrcmlStmtDeletion(('triangle.c.xml', 'stmt', 1))\n",
            "number_of_retries": 1,
            "number_of_steps": 100,
            "best_fitness": 0.000868,
            "reference_fitness": 0.069853,
            "params": true,
            "fitness_values": [
                0.06965,
                0.069853,
                0.001171,
                0.001092,
                0.001206,
                0.070244,
                0.001171,
                0.001092,
                0.001092,
                0.001029,
                0.001051,
                0.001092,
                0.071913,
                0.001471,
                0.001535,
                0.000868,
                0.001424,
                0.001551,
                0.001029,
                0.000868,
                0.001424,
                0.001639,
                0.000868,
                0.000868,
                0.001463,
                0.000868,
                0.001029,
                0.000868,
                0.000868,
                0.001639,
                0.001852,
                0.001424,
                0.001439,
                0.000868,
                0.000868,
                0.000868,
                0.000929,
                0.001639,
                0.001424,
                0.001029,
                0.000868,
                0.001029,
                0.001639,
                0.000868,
                0.001424,
                0.000868,
                0.000868,
                0.001424,
                0.000868,
                0.001424,
                0.001211,
                0.001029,
                0.001639,
                0.000868,
                0.00126,
                0.001075,
                0.000868,
                0.001639,
                0.001058,
                0.001424
            ],
            "new_highs": 4
        }
    ]
}