{
    "original": {
        "median_execution_time": 0.07165825366973877
    },
    "items": [
        {
            "item_name": "time",
            "median_execution_time": 0.0018247365951538086,
            "duration": 11.246468544006348,
            "patch_contents": "SrcmlStmtReplacement(('triangle.c.xml', 'stmt', 1), ('triangle.c.xml', 'stmt', 19)) | SrcmlStmtReplacement(('triangle.c.xml', 'stmt', 6), ('triangle.c.xml', 'stmt', 13)) | SrcmlStmtInsertion(('triangle.c.xml', '_inter_block', 22), ('triangle.c.xml', 'stmt', 18))\n",
            "number_of_retries": 1,
            "number_of_steps": 84,
            "best_fitness": 0.0102,
            "reference_fitness": 0.0844,
            "params": false,
            "fitness_values": [
                0.0846,
                0.0811,
                0.0844,
                0.0811,
                0.0844,
                0.0811,
                0.0844,
                0.0823,
                0.0104,
                0.0104,
                0.0104,
                0.0811,
                0.0105,
                0.0107,
                0.0161,
                0.0104,
                0.0103,
                0.0105,
                0.0886,
                0.0146,
                0.0129,
                0.0146,
                0.0103,
                0.0103,
                0.0105,
                0.0886,
                0.0104,
                0.0104,
                0.0104,
                0.0113,
                0.0102,
                0.0106,
                0.0103,
                0.0784
            ],
            "new_highs": 4
        },
        {
            "item_name": "perf_time",
            "median_execution_time": 0.0006543397903442383,
            "duration": 10.996915340423584,
            "patch_contents": "SrcmlStmtReplacement(('triangle.c.xml', 'stmt', 4), ('triangle.c.xml', 'stmt', 8)) | SrcmlStmtDeletion(('triangle.c.xml', 'stmt', 1)) | SrcmlStmtInsertion(('triangle.c.xml', '_inter_block', 35), ('triangle.c.xml', 'stmt', 15)) | SrcmlStmtInsertion(('triangle.c.xml', '_inter_block', 30), ('triangle.c.xml', 'stmt', 9))\n",
            "number_of_retries": 1,
            "number_of_steps": 115,
            "best_fitness": 0.000615,
            "reference_fitness": 0.069806,
            "params": false,
            "fitness_values": [
                0.070276,
                0.070032,
                0.070276,
                0.069648,
                0.069806,
                0.069648,
                0.069648,
                0.069806,
                0.069648,
                0.069648,
                0.069648,
                0.070201,
                0.069648,
                0.069806,
                0.099529,
                0.069573,
                0.069573,
                0.069806,
                0.070462,
                0.000784,
                0.001229,
                0.000784,
                0.000701,
                0.000701,
                0.001016,
                0.00152,
                0.06963,
                0.000784,
                0.000863,
                0.000701,
                0.001326,
                0.000701,
                0.000802,
                0.000701,
                0.002141,
                0.000701,
                0.001642,
                0.000973,
                0.06963,
                0.001014,
                0.000784,
                0.000615,
                0.000615
            ],
            "new_highs": 6
        },
        {
            "item_name": "perf_instructions",
            "median_execution_time": 0.001360774040222168,
            "duration": 10.790224313735962,
            "patch_contents": "SrcmlStmtDeletion(('triangle.c.xml', 'stmt', 1)) | SrcmlStmtInsertion(('triangle.c.xml', '_inter_block', 16), ('triangle.c.xml', 'stmt', 13)) | SrcmlStmtInsertion(('triangle.c.xml', '_inter_block', 15), ('triangle.c.xml', 'stmt', 16))\n",
            "number_of_retries": 1,
            "number_of_steps": 69,
            "best_fitness": 1038903.0,
            "reference_fitness": 1460591.0,
            "params": false,
            "fitness_values": [
                1484363.0,
                1502707.0,
                1462915.0,
                1504194.0,
                1477950.0,
                1482263.0,
                1560683.0,
                1502707.0,
                1458536.0,
                1460591.0,
                1464777.0,
                1599793.0,
                1055096.0,
                1458536.0,
                1046518.0,
                1460591.0,
                1043591.0,
                1493292.0,
                1046518.0,
                1055436.0,
                1038903.0,
                1052412.0,
                1043591.0,
                1045979.0
            ],
            "new_highs": 6
        },
        {
            "item_name": "perf_cycles",
            "median_execution_time": 0.0006337165832519531,
            "duration": 11.096082925796509,
            "patch_contents": "SrcmlStmtDeletion(('triangle.c.xml', 'stmt', 1)) | SrcmlStmtDeletion(('triangle.c.xml', 'stmt', 4)) | SrcmlStmtInsertion(('triangle.c.xml', '_inter_block', 12), ('triangle.c.xml', 'stmt', 12))\n",
            "number_of_retries": 1,
            "number_of_steps": 129,
            "best_fitness": 900478.0,
            "reference_fitness": 1708947.0,
            "params": false,
            "fitness_values": [
                969472.0,
                1708947.0,
                948700.0,
                900478.0,
                959243.0,
                1012942.0,
                900478.0,
                980878.0,
                974762.0,
                948700.0,
                1917422.0,
                961234.0,
                900478.0,
                900478.0,
                1917422.0,
                948700.0,
                947426.0,
                900478.0,
                959243.0,
                948700.0,
                900478.0,
                948700.0,
                1010051.0,
                1917422.0,
                977118.0,
                977118.0,
                900478.0,
                959243.0,
                1917422.0,
                974762.0,
                948700.0,
                900478.0,
                948700.0,
                900478.0,
                948700.0,
                900478.0,
                1242046.0,
                900478.0,
                900478.0,
                1917422.0,
                948700.0,
                929551.0,
                932375.0,
                961234.0,
                900478.0,
                959243.0,
                948700.0,
                1083390.0,
                900478.0,
                1180225.0,
                1033056.0,
                1033056.0,
                978696.0,
                900478.0,
                959243.0,
                900478.0,
                1917422.0,
                948700.0,
                900478.0,
                1096494.0
            ],
            "new_highs": 2
        },
        {
            "item_name": "perf_cache_references",
            "median_execution_time": 0.0012009143829345703,
            "duration": 10.840081214904785,
            "patch_contents": "SrcmlStmtReplacement(('triangle.c.xml', 'stmt', 1), ('triangle.c.xml', 'stmt', 22)) | SrcmlStmtInsertion(('triangle.c.xml', '_inter_block', 13), ('triangle.c.xml', 'stmt', 8))\n",
            "number_of_retries": 1,
            "number_of_steps": 99,
            "best_fitness": 87992.0,
            "reference_fitness": 193434.0,
            "params": false,