{
    "original": {
        "median_execution_time": 7.921965055998953
    },
    "items": [
        {
            "item_name": "perf_time",
            "median_execution_time": 8.430352512999889,
            "duration": 110.32990869100104,
            "patch_contents": "ParamSetting(('test.params', 'param', 'CLADECAY'), 0.6243535387061089)\n",
            "number_of_retries": 1,
            "number_of_steps": 6,
            "best_fitness": 7.647998,
            "reference_fitness": 7.905761,
            "params": false,
            "fitness_values": [
                7.647998,
                7.904996,
                7.905761,
                8.120551,
                7.890127,
                7.839722
            ],
            "new_highs": 0,
            "new_highs_ratio": 0.0
        }
    ]
}