number_of_retries,execution_rank_per_item
1.0,2.9285714285714284
2.0,2.7142857142857144
3.0,3.0
4.0,3.2857142857142856
5.0,3.0714285714285716
