{
    "original": {
        "median_execution_time": 6.6412626669998645
    },
    "items": [
        {
            "item_name": "perf_time",
            "median_execution_time": 5.38197492099971,
            "duration": 147.89882361400032,
            "patch_contents": "ParamSetting(('zlib.params', 'param', 'wbits'), 30) | ParamSetting(('zlib.params', 'param', 'memLevel'), 6) | ParamSetting(('zlib.params', 'param', 'wbits'), 29) | ParamSetting(('zlib.params', 'param', 'strategy'), 3) | ParamSetting(('zlib.params', 'param', 'level'), 1) | ParamSetting(('zlib.params', 'param', 'wbits'), 30) | ParamSetting(('zlib.params', 'param', 'level'), 7)\n",
            "number_of_retries": 1,
            "number_of_steps": 27,
            "best_fitness": 5.25963,
            "reference_fitness": 6.670913,
            "params": false,
            "fitness_values": [
                6.609908,
                6.670913,
                6.98646,
                5.39512,
                5.354693,
                9.315829,
                6.98646,
                5.354693,
                5.354693,
                5.425101,
                5.354693,
                5.354693,
                5.30034,
                21.096557,
                5.354693,
                5.354693,
                5.291672,
                5.39512,
                5.291672,
                5.379868,
                5.25963,
                21.322282,
                5.25963,
                5.519384,
                5.379868,
                5.25963,
                10.115226
            ],
            "new_highs": 5,
            "new_highs_ratio": 0.18518518518518517
        },
        {
            "item_name": "energy",
            "median_execution_time": 6.808960515999388,
            "duration": 155.7895127820002,
            "patch_contents": "ParamSetting(('zlib.params', 'param', 'level'), 7)\n",
            "number_of_retries": 1,
            "number_of_steps": 15,
            "best_fitness": 33182778.0,
            "reference_fitness": 34470538.0,
            "params": false,
            "fitness_values": [
                33182778.0,
                34470538.0,
                45776914.0,
                45358906.0,
                34130773.0,
                37319557.0,
                68348638.0,
                65040734.0,
                39355463.0,
                34470538.0,
                33182778.0,
                72079707.0,
                37101353.0,
                55648306.0,
                37901558.0
            ],
            "new_highs": 0,
            "new_highs_ratio": 0.0
        },
        {
            "item_name": "weights",
            "median_execution_time": 9.12092094199943,
            "duration": 162.59393160199943,
            "patch_contents": "ParamSetting(('zlib.params', 'param', 'level'), 5) | ParamSetting(('zlib.params', 'param', 'wbits'), 25)\n",
            "number_of_retries": 1,
            "number_of_steps": 14,
            "best_fitness": 170980909.563,
            "reference_fitness": 234121286.24,
            "params": false,
            "fitness_values": [
                176770244.761,
                181052971.815,
                212160835.634,
                170980909.563,
                170980909.563,
                170980909.563,
                176679093.93,
                181052971.815,
                172923408.566,
                176770244.761,
                189339038.161,
                212160835.634,
                188227508.548,
                196437735.318
            ],
            "new_highs": 1,
            "new_highs_ratio": 0.07142857142857142
        }
    ]
}