{
    "time": 1.0,
    "perf_time": 1.0000987966834896,
    "instructions": 1282218927.2530642,
    "cycles": 4167516774.6935835,
    "cache-references": 1607794.3763518387,
    "cache-misses": 128788.53640951695,
    "branches": 342084301.5140591,
    "branch-misses": 3043196.1788031724,
    "cpu-clock": 0.9983036596971883,
    "task-clock": 0.9984447469358327,
    "faults": 76.56813266041817,
    "minor-faults": 74.04470079307859,
    "major-faults": 2.523431867339582,
    "cs": 9.012256669069936,
    "migrations": 0.0,
    "L1-dcache-loads": 209123135.68853644,
    "L1-dcache-load-misses": 437887.2386445566,
    "dTLB-loads": 205587.67123287672,
    "dTLB-load-misses": 939.3655371304975,
    "weights": 240416.2941600577,
    "energy": 2409557.245854362
}