{
    "time": 1.0,
    "perf_time": 0.9991487490039841,
    "instructions": 1282064755.2788846,
    "cycles": 4166350767.6294823,
    "cache-references": 1661225.1992031874,
    "cache-misses": 160097.80876494024,
    "branches": 342026651.8924303,
    "branch-misses": 3045707.1713147415,
    "cpu-clock": 0.9991132161354582,
    "task-clock": 0.9991194422310757,
    "faults": 105.77689243027889,
    "minor-faults": 101.79282868525897,
    "major-faults": 3.884462151394423,
    "cs": 16.334661354581673,
    "migrations": 0.0,
    "L1-dcache-loads": 209287130.87649405,
    "L1-dcache-load-misses": 457136.85258964146,
    "dTLB-loads": 208721.812749004,
    "dTLB-load-misses": 1232.96812749004,
    "weights": 308155.87649402395,
    "energy": 2450506.175298805
}