{
"time": 10.04,
"perf_time": 10.03145344,
"instructions": 12871930143.00000000,
"cycles": 41830161707.00000000,
"cache-references": 16678701.00000000,
"cache-misses": 1607382.00000000,
"branches": 3433947585.00000000,
"branch-misses": 30578900.00000000,
"cpu-clock": 10.03109669,
"task-clock": 10.03115920,
"faults": 1062.00000000,
"minor-faults": 1022.00000000,
"major-faults": 39.00000000,
"cs": 164.00000000,
"migrations": 0.00000000,
"L1-dcache-loads": 2101242794.00000000,
"L1-dcache-load-misses": 4589654.00000000,
"dTLB-loads": 2095567.00000000,
"dTLB-load-misses": 12379.00000000,
"weights": 3093885.00000000,
"energy": 24603082.00000000
}
