{
"time": [10.04,10.04,10.04,10.04,10.04,10.04,10.04,10.04,10.04,10.04,10.04,10.04,10.04,10.04,10.04,10.04,10.04,10.04,10.04,10.04,10.04],
"perf_time": [10.03342443,10.03340047,10.03098809,10.03142466,10.03109012,10.03251530,10.02195558,10.03133415,10.03297682,10.03069252,10.03131997,10.03214508,10.03439878,10.03150184,10.03061164,10.03046155,10.03235858,10.03145344,10.03118001,10.03195874,10.03271903],
"instructions": [12837403359.00000000,12871930143.00000000,12888815739.00000000,12856197716.00000000,12874144518.00000000,12867908528.00000000,12859740486.00000000,12879945229.00000000,12879294939.00000000,12880201279.00000000,12886956192.00000000,12849614698.00000000,12883804096.00000000,12892129019.00000000,12852196934.00000000,12883380985.00000000,12870097294.00000000,12847193244.00000000,12881480464.00000000,12857184085.00000000,12870920507.00000000],
"cycles": [41813532328.00000000,41885864450.00000000,41870005864.00000000,41825857392.00000000,41750187562.00000000,41762237313.00000000,41763319545.00000000,41807323686.00000000,41831438657.00000000,41878936951.00000000,41883912254.00000000,41797345793.00000000,41830161707.00000000,41893490274.00000000,41897127075.00000000,41881575427.00000000,41818980223.00000000,41887734797.00000000,41884294001.00000000,41748099172.00000000,41756375035.00000000],
"cache-references": [16546557.00000000,17006348.00000000,16513292.00000000,16473095.00000000,17186645.00000000,21657675.00000000,16748527.00000000,16678701.00000000,16635757.00000000,17814157.00000000,16521086.00000000,17150805.00000000,16921233.00000000,16705160.00000000,16576504.00000000,16480336.00000000,16498607.00000000,16487316.00000000,16543352.00000000,16709321.00000000,17067251.00000000],
"cache-misses": [1607382.00000000,1372528.00000000,1590996.00000000,1208909.00000000,1637745.00000000,1510583.00000000,1639025.00000000,1797482.00000000,1699868.00000000,1694930.00000000,1540931.00000000,1631036.00000000,1608066.00000000,1466453.00000000,1365868.00000000,1635698.00000000,1513465.00000000,1617254.00000000,1636349.00000000,1528675.00000000,1327380.00000000],
"branches": [3436104551.00000000,3433614491.00000000,3433470598.00000000,3432520210.00000000,3433870926.00000000,3437855769.00000000,3433947585.00000000,3435597968.00000000,3434578831.00000000,3436178115.00000000,3431034572.00000000,3435942867.00000000,3440701974.00000000,3436879923.00000000,3430348598.00000000,3425556019.00000000,3436670392.00000000,3432810253.00000000,3437093201.00000000,3433431349.00000000,3431405966.00000000],
"branch-misses": [30538212.00000000,30590600.00000000,30596611.00000000,30612244.00000000,30554695.00000000,30562132.00000000,30579702.00000000,30568712.00000000,30530638.00000000,30563850.00000000,30596837.00000000,30603992.00000000,30578900.00000000,30602621.00000000,30557196.00000000,30621963.00000000,30554145.00000000,30526286.00000000,30601559.00000000,30572125.00000000,30584971.00000000],
"cpu-clock": [10.03086321,10.03554474,10.03173944,10.03055179,10.02993069,10.03062142,10.03075936,10.03091091,10.03192927,10.03279278,10.03149471,10.03178211,10.03305678,10.03298764,10.03089708,10.02989877,10.03175257,10.03048795,10.02998160,10.03160904,10.03109669],
"task-clock": [10.03181396,10.03033821,10.03129623,10.02979394,10.03445096,10.03117784,10.03313850,10.03121821,10.03026977,10.03099996,10.02917123,10.03198039,10.03115920,10.03035742,10.03363242,10.03225983,10.03074622,10.03102727,10.02979576,10.03032536,10.03165186],
"faults": [1058.00000000,1064.00000000,1060.00000000,1058.00000000,1061.00000000,1064.00000000,1062.00000000,1065.00000000,1063.00000000,1060.00000000,1064.00000000,1064.00000000,1063.00000000,1063.00000000,1065.00000000,1062.00000000,1062.00000000,1061.00000000,1062.00000000,1063.00000000,1059.00000000],
"minor-faults": [1020.00000000,1020.00000000,1021.00000000,1018.00000000,1021.00000000,1022.00000000,1024.00000000,1018.00000000,1024.00000000,1021.00000000,1023.00000000,1022.00000000,1019.00000000,1019.00000000,1022.00000000,1024.00000000,1025.00000000,1023.00000000,1023.00000000,1024.00000000,1017.00000000],
"major-faults": [39.00000000,39.00000000,39.00000000,39.00000000,39.00000000,39.00000000,39.00000000,39.00000000,39.00000000,39.00000000,39.00000000,39.00000000,39.00000000,39.00000000,39.00000000,39.00000000,39.00000000,39.00000000,39.00000000,39.00000000,38.00000000],
"cs": [374.00000000,101.00000000,310.00000000,354.00000000,84.00000000,101.00000000,89.00000000,77.00000000,165.00000000,91.00000000,99.00000000,168.00000000,85.00000000,164.00000000,312.00000000,315.00000000,86.00000000,165.00000000,79.00000000,323.00000000,336.00000000],
"migrations": [1.00000000,0.00000000,0.00000000,0.00000000,2.00000000,0.00000000,0.00000000,0.00000000,1.00000000,0.00000000,0.00000000,0.00000000,0.00000000,0.00000000,1.00000000,0.00000000,1.00000000,0.00000000,0.00000000,0.00000000,0.00000000],
"L1-dcache-loads": [2103204707.00000000,2099187824.00000000,2105987360.00000000,2101242794.00000000,2096193427.00000000,2102426734.00000000,2096486754.00000000,2103188959.00000000,2100086544.00000000,2099398022.00000000,2099709772.00000000,2105329500.00000000,2098768066.00000000,2102552363.00000000,2104714497.00000000,2100366388.00000000,2102281664.00000000,2097944621.00000000,2096952631.00000000,2101817535.00000000,2103657603.00000000],
"L1-dcache-load-misses": [4596471.00000000,4596726.00000000,4565803.00000000,4929435.00000000,4589654.00000000,4551683.00000000,4568715.00000000,4564261.00000000,4588792.00000000,4591753.00000000,9648604.00000000,4611423.00000000,4580089.00000000,4600777.00000000,4719395.00000000,6832837.00000000,4546406.00000000,4560030.00000000,4566790.00000000,4601818.00000000,4522307.00000000],
"dTLB-loads": [2086598.00000000,2080214.00000000,2095567.00000000,2098270.00000000,2102404.00000000,2100143.00000000,2086941.00000000,2086323.00000000,2086074.00000000,2175741.00000000,2096879.00000000,2127434.00000000,2088381.00000000,2123097.00000000,2083035.00000000,2082967.00000000,2167330.00000000,2100774.00000000,2088104.00000000,2095388.00000000,2114805.00000000],
"dTLB-load-misses": [12542.00000000,11878.00000000,12039.00000000,12581.00000000,12803.00000000,12003.00000000,12414.00000000,12212.00000000,12379.00000000,13250.00000000,11863.00000000,12461.00000000,13286.00000000,11689.00000000,11996.00000000,13052.00000000,12053.00000000,11870.00000000,12681.00000000,12926.00000000,12129.00000000],
"weights": [3966245.00000000,4349341.00000000,3078142.00000000,2899830.00000000,3341330.00000000,3380565.00000000,2835128.00000000,3605895.00000000,4054902.00000000,2838779.00000000,3065312.00000000,3029706.00000000,2865565.00000000,2906092.00000000,3308148.00000000,2920598.00000000,3990138.00000000,3295999.00000000,3093885.00000000,2984117.00000000,3831147.00000000],
"energy": [25971085.00000000,25380249.00000000,25283085.00000000,24952811.00000000,24641639.00000000,24892573.00000000,24693913.00000000,24575923.00000000,24539961.00000000,24566616.00000000,24670111.00000000,24599192.00000000,24651404.00000000,24603082.00000000,24502319.00000000,24532651.00000000,24564922.00000000,24650123.00000000,24453447.00000000,24355232.00000000,24394124.00000000]
}
