{
"time": [13.89,13.87,13.89,13.86,13.86,13.87,13.88,13.87,13.87,13.87,13.90,13.87,13.87,13.86,13.88,13.85,13.85,13.86,13.86,13.89,13.86],
"perf_time": [13.87137031,13.87593165,13.87369777,13.86410228,13.87625920,13.86231532,13.86513425,13.85513599,13.88467242,13.87047592,13.87657440,13.86335554,13.87295808,13.91887293,13.87980288,13.86351422,13.86064793,13.87944117,13.86636025,13.88652287,13.86363406],
"instructions": [17783861653.00000000,17784417207.00000000,17784492121.00000000,17784589667.00000000,17784103076.00000000,17784609156.00000000,17784815555.00000000,17783479304.00000000,17786611083.00000000,17784213721.00000000,17784200432.00000000,17784284074.00000000,17783409896.00000000,17787393805.00000000,17784790482.00000000,17784376521.00000000,17783876687.00000000,17784012754.00000000,17785444805.00000000,17783971889.00000000,17784647938.00000000],
"cycles": [57741096587.00000000,57951314814.00000000,57829799081.00000000,57856432138.00000000,57726024888.00000000,57773045742.00000000,57838284821.00000000,57844582848.00000000,57744104022.00000000,57876322118.00000000,57881035695.00000000,57800349878.00000000,57803457665.00000000,57779475420.00000000,57788182309.00000000,57824259543.00000000,57775149090.00000000,57810351124.00000000,57956405474.00000000,57750651235.00000000,57741237190.00000000],
"cache-references": [21910748.00000000,22101416.00000000,22667486.00000000,22092134.00000000,22187004.00000000,21862716.00000000,22276450.00000000,54525372.00000000,31434964.00000000,22227737.00000000,22300108.00000000,24096855.00000000,22029470.00000000,22549654.00000000,24320914.00000000,23273735.00000000,22536953.00000000,24068993.00000000,21875356.00000000,24248445.00000000,22244791.00000000],
"cache-misses": [1769591.00000000,1959009.00000000,1870510.00000000,1694194.00000000,1716376.00000000,1521690.00000000,1750895.00000000,1718344.00000000,1892134.00000000,1818119.00000000,2021337.00000000,1616019.00000000,2037585.00000000,1732372.00000000,1845142.00000000,1712920.00000000,1940430.00000000,1673913.00000000,1817040.00000000,1786297.00000000,1989986.00000000],
"branches": [4744695719.00000000,4744739863.00000000,4744709262.00000000,4744711536.00000000,4744471910.00000000,4744765524.00000000,4744534947.00000000,4746291438.00000000,4744662635.00000000,4744422333.00000000,4745914273.00000000,4744619159.00000000,4744746611.00000000,4744631682.00000000,4744647353.00000000,4744879329.00000000,4744715730.00000000,4746021801.00000000,4744358041.00000000,4744440168.00000000,4745781772.00000000],
"branch-misses": [42208364.00000000,42205755.00000000,42208896.00000000,42211822.00000000,42214952.00000000,42203945.00000000,42204252.00000000,42206319.00000000,42216782.00000000,42221041.00000000,42229283.00000000,42206819.00000000,42210534.00000000,42206854.00000000,42224473.00000000,42209131.00000000,42211059.00000000,42203620.00000000,42205002.00000000,42221730.00000000,42241253.00000000],
"cpu-clock": [13.86060037,13.84241510,13.85008835,13.82848002,13.85430962,13.85822486,13.83889628,13.85784115,13.87520516,13.84046031,13.84782479,13.87164395,13.83233665,13.82856173,13.83408387,13.83764005,13.84647176,13.83289922,13.84379893,13.85440328,13.85667920],
"task-clock": [13.87073853,13.83904833,13.85618549,13.83814675,13.83582355,13.83305155,13.84842864,13.87428234,13.88718734,13.83164285,13.84131852,13.83191271,13.86225917,13.84794604,13.85496893,13.85111355,13.84607219,13.87010172,13.87949327,13.85166879,13.84425618],
"faults": [1061.00000000,1056.00000000,1062.00000000,1065.00000000,1058.00000000,1059.00000000,1062.00000000,1062.00000000,1060.00000000,1063.00000000,1065.00000000,1063.00000000,1061.00000000,1065.00000000,1058.00000000,1062.00000000,1062.00000000,1060.00000000,1062.00000000,1063.00000000,1058.00000000],
"minor-faults": [1030.00000000,1023.00000000,1027.00000000,1023.00000000,1027.00000000,1027.00000000,1030.00000000,1022.00000000,1030.00000000,1027.00000000,1025.00000000,1028.00000000,1025.00000000,1028.00000000,1025.00000000,1024.00000000,1027.00000000,1030.00000000,1023.00000000,1025.00000000,1027.00000000],
"major-faults": [35.00000000,35.00000000,35.00000000,35.00000000,35.00000000,35.00000000,35.00000000,35.00000000,35.00000000,35.00000000,35.00000000,35.00000000,35.00000000,35.00000000,35.00000000,35.00000000,35.00000000,35.00000000,34.00000000,35.00000000,35.00000000],
"cs": [126.00000000,174.00000000,125.00000000,104.00000000,122.00000000,95.00000000,107.00000000,116.00000000,120.00000000,147.00000000,101.00000000,135.00000000,132.00000000,725.00000000,94.00000000,99.00000000,754.00000000,122.00000000,129.00000000,135.00000000,701.00000000],
"migrations": [0.00000000,0.00000000,0.00000000,0.00000000,0.00000000,0.00000000,0.00000000,0.00000000,0.00000000,0.00000000,0.00000000,0.00000000,0.00000000,0.00000000,0.00000000,0.00000000,0.00000000,0.00000000,0.00000000,0.00000000,0.00000000],
"L1-dcache-loads": [2899362729.00000000,2897879111.00000000,2901526191.00000000,2901293564.00000000,2900423423.00000000,2900537892.00000000,2900859295.00000000,2903114464.00000000,2900006215.00000000,2898293002.00000000,2900933930.00000000,2899292392.00000000,2901162795.00000000,2900397286.00000000,2903371606.00000000,2901412057.00000000,2899968329.00000000,2900279241.00000000,2901477375.00000000,2899551528.00000000,2900599857.00000000],
"L1-dcache-load-misses": [6062079.00000000,6060727.00000000,6025384.00000000,6004181.00000000,6090726.00000000,6095179.00000000,6017923.00000000,7741114.00000000,6012194.00000000,9523334.00000000,5965052.00000000,15863612.00000000,6024385.00000000,6106248.00000000,6430908.00000000,6396594.00000000,6066349.00000000,9898790.00000000,6051655.00000000,8125098.00000000,6073496.00000000],
"dTLB-loads": [2883717.00000000,2938970.00000000,2848024.00000000,2844846.00000000,2845584.00000000,2844296.00000000,2845220.00000000,2958271.00000000,2950298.00000000,2846565.00000000,2948684.00000000,2933477.00000000,2845225.00000000,2853154.00000000,2851317.00000000,2847893.00000000,2943174.00000000,2839286.00000000,2949416.00000000,2851501.00000000,2939194.00000000],
"dTLB-load-misses": [13170.00000000,14040.00000000,13022.00000000,12553.00000000,14648.00000000,12637.00000000,13153.00000000,12292.00000000,12950.00000000,12848.00000000,12645.00000000,14541.00000000,13029.00000000,13039.00000000,13074.00000000,12938.00000000,14007.00000000,13035.00000000,12845.00000000,12558.00000000,14176.00000000],
"weights": [3161587.00000000,3587556.00000000,2969238.00000000,2906710.00000000,3241307.00000000,3300727.00000000,2479326.00000000,3559617.00000000,2915568.00000000,3565443.00000000,3291705.00000000,3294408.00000000,3505728.00000000,3466971.00000000,4875316.00000000,4266264.00000000,3277680.00000000,3334574.00000000,3498582.00000000,4429757.00000000,4135783.00000000],
"energy": [34381416.00000000,34165927.00000000,33941680.00000000,34072259.00000000,33855198.00000000,33813024.00000000,33745707.00000000,33620332.00000000,33420559.00000000,33453059.00000000,33413707.00000000,33234961.00000000,33124736.00000000,33481895.00000000,33292758.00000000,33349106.00000000,33358444.00000000,33121548.00000000,33370237.00000000,33135203.00000000,33284335.00000000]
}
