{
"time": 13.87,
"perf_time": 13.87137031,
"instructions": 17784376521.00000000,
"cycles": 57803457665.00000000,
"cache-references": 22300108.00000000,
"cache-misses": 1786297.00000000,
"branches": 4744709262.00000000,
"branch-misses": 42209131.00000000,
"cpu-clock": 13.84647176,
"task-clock": 13.84842864,
"faults": 1062.00000000,
"minor-faults": 1027.00000000,
"major-faults": 35.00000000,
"cs": 125.00000000,
"migrations": 0.00000000,
"L1-dcache-loads": 2900537892.00000000,
"L1-dcache-load-misses": 6073496.00000000,
"dTLB-loads": 2851501.00000000,
"dTLB-load-misses": 13029.00000000,
"weights": 3334574.00000000,
"energy": 33420559.00000000
}
