{
    "time": 1.769279720518178e-14,
    "perf_time": 0.023416557268880676,
    "instructions": 0.11652939960301162,
    "cycles": 0.12450171192034463,
    "cache-references": 6.42177091027119,
    "cache-misses": 8.837238227125358,
    "branches": 0.0906762099502863,
    "branch-misses": 0.08563246886449458,
    "cpu-clock": 0.012848864583087928,
    "task-clock": 0.012665457489731434,
    "faults": 0.19378722848921054,
    "minor-faults": 0.22113829791387268,
    "major-faults": 0.546715886919264,
    "cs": 58.938818769424536,
    "migrations": 191.48542155126765,
    "L1-dcache-loads": 0.1329506806795306,
    "L1-dcache-load-misses": 23.35333799901582,
    "dTLB-loads": 1.2100945664501404,
    "dTLB-load-misses": 3.7503900757237125,
    "weights": 13.749573576322744,
    "energy": 1.5117857741967433
}