{
    "time": 0.09563573384499136,
    "perf_time": 0.09430252249966767,
    "instructions": 0.005181391671436229,
    "cycles": 0.10926220143164013,
    "cache-references": 28.39976186152316,
    "cache-misses": 7.358495470181057,
    "branches": 0.011757681285720216,
    "branch-misses": 0.022545225682984726,
    "cpu-clock": 0.09367052511782359,
    "task-clock": 0.11509491806843718,
    "faults": 0.22737666728262987,
    "minor-faults": 0.2392947052981511,
    "major-faults": 0.6092828276566186,
    "cs": 102.41250520840556,
    "migrations": 0,
    "L1-dcache-loads": 0.0446537836532494,
    "L1-dcache-load-misses": 32.10725478613328,
    "dTLB-loads": 1.6386103179720228,
    "dTLB-load-misses": 4.959158594787423,
    "weights": 15.5610867377455,
    "energy": 1.0553301535850779
}