{
    "original": {
        "median_execution_time": 19.776491444004932
    },
    "items": [
        {
            "item_name": "perf_time",
            "median_execution_time": 13.165469699975802,
            "duration": 214.6940096920007,
            "patch_contents": "ParamSetting(('scipy.params', 'param', 'method'), 'TNC')\n",
            "number_of_retries": 1,
            "number_of_steps": 13,
            "best_fitness": 9.770791,
            "reference_fitness": 22.308567,
            "params": false,
            "fitness_values": [
                22.70157,
                9.770791,
                9.770791,
                9.770791,
                22.308567,
                11.508901,
                14.021126,
                9.770791,
                22.929113,
                11.624075,
                22.308567,
                11.986499
            ],
            "new_highs": 1,
            "new_highs_ratio": 0.08333333333333333
        },
        {
            "item_name": "energy",
            "median_execution_time": 20.99915778299328,
            "duration": 236.51267167300102,
            "patch_contents": "ParamSetting(('scipy.params', 'param', 'maxiter'), 5267)\n",
            "number_of_retries": 1,
            "number_of_steps": 18,
            "best_fitness": 603096451.0,
            "reference_fitness": 727673383.0,
            "params": false,
            "fitness_values": [
                727673383.0,
                727673383.0,
                775267997.0,
                603096451.0,
                714572116.0,
                727673383.0,
                603096451.0,
                603096451.0,
                810056710.0,
                727673383.0,
                809274112.0
            ],
            "new_highs": 1,
            "new_highs_ratio": 0.09090909090909091
        },
        {
            "item_name": "weights",
            "median_execution_time": 20.79497241700301,
            "duration": 237.32203769599437,
            "patch_contents": "ParamSetting(('scipy.params', 'param', 'maxiter'), 1262) | ParamSetting(('scipy.params', 'param', 'maxiter'), 3185)\n",
            "number_of_retries": 1,
            "number_of_steps": 11,
            "best_fitness": 28874980238.389,
            "reference_fitness": 31348388490.898,
            "params": false,
            "fitness_values": [
                31348388490.898,
                31348388490.898,
                29934433074.923,
                31348388490.898,
                28874980238.389,
                29934433074.923,
                30198456314.883,
                28874980238.389,
                31348388490.898,
                29219590458.448
            ],
            "new_highs": 2,
            "new_highs_ratio": 0.2
        }
    ]
}