number_of_retries,execution_rank_per_item
1.0,2.2857142857142856
2.0,2.857142857142857
3.0,2.857142857142857
4.0,3.5714285714285716
5.0,3.4285714285714284
