{
    "original": {
        "median_execution_time": 8.003206360008335
    },
    "items": [
        {
            "item_name": "perf_time",
            "median_execution_time": 6.414762788015651,
            "duration": 90.45682647600188,
            "patch_contents": "ParamSetting(('zlib.params', 'param', 'memLevel'), 6) | ParamSetting(('zlib.params', 'param', 'wbits'), 31)\n",
            "number_of_retries": 1,
            "number_of_steps": 11,
            "best_fitness": 6.427836,
            "reference_fitness": 8.25358,
            "params": false,
            "fitness_values": [
                10.466228,
                11.009303,
                8.25358,
                12.045722,
                11.009303,
                8.25358,
                6.862529,
                6.831761,
                6.862529,
                6.560456,
                6.427836
            ],
            "new_highs": 5,
            "new_highs_ratio": 0.45454545454545453
        },
        {
            "item_name": "weights",
            "median_execution_time": 11.239515638997545,
            "duration": 109.85989487101324,
            "patch_contents": "ParamSetting(('zlib.params', 'param', 'strategy'), 1)\n",
            "number_of_retries": 1,
            "number_of_steps": 6,
            "best_fitness": 588217525.498,
            "reference_fitness": 811436455.558,
            "params": false,
            "fitness_values": [
                698574743.573,
                811436455.558,
                811436455.558,
                696972117.524,
                698574743.573,
                588217525.498
            ],
            "new_highs": 2,
            "new_highs_ratio": 0.3333333333333333
        }
    ]
}