item_name_orig,mean_median_execution_time,rank
time,0.0011584997177124024,1.0
perf_time,0.0011814117431640625,2.0
original,0.0714268684387207,3.0
