item_name,rank_median_execution_time,median_execution_time
time_4,1.0,0.0005069971084594727
time_3,2.0,0.0007789134979248047
perf_time_1,3.0,0.0009614229202270508
time_1,4.0,0.0011800527572631836
perf_time_2,5.0,0.0011991262435913086
perf_time_3,6.0,0.0012233257293701172
time_2,7.0,0.0012716054916381836
perf_time_4,8.0,0.0014792680740356445
time_5,9.0,0.001496434211730957
perf_time_5,10.0,0.0015223026275634766
original,11.0,0.0714268684387207
