{
    "original": {
        "median_execution_time": 3.998089142005483,
        "search_type": "genetic_programming"
    },
    "items": [
        {
            "item_name": "time",
            "median_execution_time": 4.2717038889968535,
            "duration": 267.7365719869995,
            "patch_contents": "ParamSetting(('minisat_advanced.params', 'param', 'asymm'), 'False') | ParamSetting(('minisat_advanced.params', 'param', 'cl-lim$bounded'), 8764) | ParamSetting(('minisat_advanced.params', 'param', 'lbd-cut'), 4.790811247198212) | ParamSetting(('minisat_advanced.params', 'param', 'pre'), 'False')\n",
            "number_of_retries": 1,
            "crossover": "GeneticProgrammingUniformConcat",
            "number_of_steps": 110,
            "best_fitness": 3.9146,
            "reference_fitness": 4.0688,
            "params": false,
            "fitness_values": [
                4.1364,
                4.0688,
                4.3368,
                5.0157,
                4.0688,
                4.0688,
                4.1088,
                4.6044,
                4.0351,
                4.3421,
                4.0928,
                4.0688,
                4.0688,
                5.1463,
                4.0252,
                4.1619,
                4.6963,
                4.7096,
                14.1274,
                4.0252,
                4.0351,
                4.0688,
                4.0688,
                4.0252,
                4.3421,
                4.1364,
                4.0252,
                4.0688,
                4.0688,
                4.0688,
                4.0928,
                5.0157,
                4.0351,
                4.1619,
                4.3368,
                5.3779,
                4.0688,
                4.0688,
                4.0859,
                4.0252,
                4.0351,
                4.0688,
                4.0688,
                4.0252,
                4.0351,
                4.0688,
                4.0351,
                4.0351,
                4.0688,
                4.3421,
                4.0688,
                4.0688,
                4.0859,
                4.0928,
                4.0688,
                4.0688,
                4.4339,
                4.0688,
                5.411,
                4.0252,
                4.0351,
                4.0351,
                4.0688,
                4.0252,
                4.0688,
                4.0351,
                4.0688,
                4.0688,
                4.0351,
                4.0688,
                4.0351,
                4.0688,
                4.0351,
                4.0688,
                4.0859,
                4.0688,
                4.0688,
                4.0185,
                13.6942,
                4.0185,
                4.0252,
                4.0252,
                4.0351,
                4.078,
                4.0859,
                4.0252,
                4.0351,
                4.0688,
                4.0351,
                4.0351,
                13.6942,
                4.0688,
                4.0688,
                4.0688,
                4.0859,
                4.0185,
                22.6066,
                4.0252,
                3.9146,
                3.9146,
                4.0185,
                4.0185,
                4.0252,
                3.9146,
                4.0185,
                4.0351,
                4.0252,
                4.0252,
                3.9294,
                4.0351,
                4.0351,
                4.0688,
                4.0351,
                4.0688,
                4.0688,
                3.9733,
                4.6808,
                4.2476,
                4.4324,
                3.9146,
                3.9146,
                3.9294,
                3.9733,
                3.9146,
                3.9294,
                3.9733,
                4.2545,
                4.0351,
                4.0185,
                4.4324,
                4.0252,
                4.5547,
                4.3368,
                4.0351,
                4.3368,
                3.9146,
                4.3368,
                4.078,
                5.9858,
                3.9146,
                3.9146,
                3.9146,
                3.9146,
                3.9146,
                3.9733,
                4.0688,
                3.9146,
                3.9146,
                4.078,
                3.9733,
                4.0859,
                3.9733,
                4.078,
                4.0351,
                4.4876,
                4.0124,
                3.9146,
                5.2281,
                4.0351,
                3.9146,
                3.9146,
                3.9146,
                3.9146,
                3.9146,
                3.9146,
                4.3368,
                4.0351,
                3.9146,
                3.9146,
                3.9146,
                3.9294,
                3.9294,
                3.9733,
                3.9733,
                4.1546,
                4.0435,
                4.3368,
                5.9587,
                3.9146,
                3.9146,
                3.9146,
                3.9146,
                3.9146,
                3.9146,
                3.9146,
                4.0351,
                4.3368,
                4.0688,
                3.9294,
                3.9146,
                4.078,
                3.9146,
                3.9146,
                4.3368,
                3.9294,
                3.9733,
                3.9852,
                3.9146,
                7.0295
            ],
            "new_highs": 5,
            "new_highs_ratio": 0.02512562814070352
        }
    ]
}