{
"time": [8.96,8.94,8.94,8.94,8.96,8.93,8.93,8.94,8.93,8.95,8.94,8.92,8.95,8.95,8.93,8.92,8.93,8.92,8.94,8.91,8.95],
"perf_time": [8.95276627,8.93661331,8.93367390,8.92151363,8.96146647,8.92912381,8.93582871,8.92370867,8.92816866,8.92428682,8.94527279,8.94086832,8.94580065,8.93013162,8.93852878,8.93783931,8.94585855,8.92719284,8.92268493,8.92519992,8.92812836],
"instructions": [11447609169.00000000,11451344669.00000000,11447329018.00000000,11449966347.00000000,11447238364.00000000,11447244383.00000000,11446803706.00000000,11449329778.00000000,11448399937.00000000,11447549795.00000000,11447255513.00000000,11447117984.00000000,11451266342.00000000,11450351485.00000000,11447711401.00000000,11447638608.00000000,11448155721.00000000,11448281454.00000000,11447957823.00000000,11447972010.00000000,11447712910.00000000],
"cycles": [37265374357.00000000,37140663538.00000000,37176633827.00000000,37191910886.00000000,37228916565.00000000,37167646582.00000000,37196594871.00000000,37126503815.00000000,37239125781.00000000,37184621113.00000000,37251841971.00000000,37173421739.00000000,37245739985.00000000,37268429878.00000000,37184130922.00000000,37283302664.00000000,37207763618.00000000,37210189364.00000000,37207743683.00000000,37139767042.00000000,37241279428.00000000],
"cache-references": [15144966.00000000,15074046.00000000,15188838.00000000,15215580.00000000,14904866.00000000,16087744.00000000,15138881.00000000,14997259.00000000,15307788.00000000,15197298.00000000,16098363.00000000,15685893.00000000,14932033.00000000,15350143.00000000,15622279.00000000,15100896.00000000,29241841.00000000,14912345.00000000,15128737.00000000,14949907.00000000,15296801.00000000],
"cache-misses": [1345864.00000000,1257363.00000000,1469907.00000000,1323461.00000000,1501098.00000000,1302499.00000000,1432579.00000000,1428448.00000000,1448645.00000000,1313256.00000000,1579397.00000000,1398781.00000000,1543227.00000000,1375863.00000000,1645142.00000000,1376516.00000000,1491187.00000000,1603987.00000000,1275739.00000000,1341608.00000000,1609032.00000000],
"branches": [3053107586.00000000,3052817564.00000000,3052816098.00000000,3053071358.00000000,3052894999.00000000,3053772065.00000000,3053019362.00000000,3052852945.00000000,3052792284.00000000,3053334621.00000000,3053266704.00000000,3052958966.00000000,3053418821.00000000,3052811511.00000000,3053047877.00000000,3052704532.00000000,3052871325.00000000,3052907188.00000000,3052950272.00000000,3053321755.00000000,3052812972.00000000],
"branch-misses": [27190289.00000000,27185550.00000000,27181856.00000000,27187520.00000000,27188452.00000000,27202253.00000000,27186273.00000000,27183084.00000000,27194941.00000000,27183358.00000000,27187025.00000000,27186426.00000000,27184788.00000000,27198581.00000000,27183977.00000000,27196829.00000000,27184576.00000000,27191658.00000000,27187818.00000000,27186318.00000000,27188698.00000000],
"cpu-clock": [8.94629108,8.91478582,8.92197004,8.97864184,8.90599909,8.91543031,8.91135640,8.92070703,8.91188042,8.92433892,8.91622895,8.90775818,8.92625718,8.92881253,8.93353191,8.92882664,8.91342300,8.90707653,8.91607760,8.90887669,8.91594330],
"task-clock": [8.92161664,8.96947755,8.91484853,8.92264324,8.90513529,8.93296278,8.93260016,8.91387683,8.92390325,8.93346305,8.90940992,8.95393018,8.91234018,8.92021877,8.91578280,8.94430263,8.93805553,8.92261586,8.92079440,8.91517951,8.92571556],
"faults": [1063.00000000,1063.00000000,1063.00000000,1060.00000000,1064.00000000,1059.00000000,1059.00000000,1058.00000000,1062.00000000,1058.00000000,1062.00000000,1061.00000000,1061.00000000,1062.00000000,1062.00000000,1058.00000000,1062.00000000,1061.00000000,1059.00000000,1060.00000000,1061.00000000],
"minor-faults": [1021.00000000,1022.00000000,1022.00000000,1024.00000000,1017.00000000,1021.00000000,1022.00000000,1021.00000000,1024.00000000,1019.00000000,1023.00000000,1023.00000000,1020.00000000,1021.00000000,1020.00000000,1022.00000000,1024.00000000,1024.00000000,1022.00000000,1020.00000000,1027.00000000],
"major-faults": [39.00000000,39.00000000,39.00000000,39.00000000,39.00000000,38.00000000,39.00000000,39.00000000,39.00000000,39.00000000,38.00000000,39.00000000,39.00000000,39.00000000,39.00000000,39.00000000,39.00000000,39.00000000,39.00000000,39.00000000,39.00000000],
"cs": [84.00000000,142.00000000,75.00000000,84.00000000,96.00000000,148.00000000,78.00000000,66.00000000,142.00000000,80.00000000,84.00000000,94.00000000,93.00000000,96.00000000,76.00000000,87.00000000,136.00000000,72.00000000,73.00000000,77.00000000,77.00000000],
"migrations": [0.00000000,0.00000000,0.00000000,0.00000000,0.00000000,1.00000000,0.00000000,0.00000000,0.00000000,0.00000000,2.00000000,1.00000000,0.00000000,1.00000000,0.00000000,0.00000000,0.00000000,0.00000000,0.00000000,0.00000000,1.00000000],
"L1-dcache-loads": [1870680002.00000000,1870196783.00000000,1869682524.00000000,1870344938.00000000,1870482742.00000000,1869438126.00000000,1868512870.00000000,1869881292.00000000,1869112032.00000000,1870059241.00000000,1869907700.00000000,1869263405.00000000,1869588266.00000000,1870972689.00000000,1870264457.00000000,1870412770.00000000,1870285903.00000000,1869655844.00000000,1868508879.00000000,1871130690.00000000,1869853420.00000000],
"L1-dcache-load-misses": [4073049.00000000,4146234.00000000,11004579.00000000,4160173.00000000,4081077.00000000,4071819.00000000,4132385.00000000,4113218.00000000,4739565.00000000,3967225.00000000,4069157.00000000,4114242.00000000,4134533.00000000,4123612.00000000,4030430.00000000,4277255.00000000,4435393.00000000,4126382.00000000,4098323.00000000,4137486.00000000,4092510.00000000],
"dTLB-loads": [1876521.00000000,1885538.00000000,1864800.00000000,1875892.00000000,1873354.00000000,1877064.00000000,1877754.00000000,1878504.00000000,1875953.00000000,1883547.00000000,1866994.00000000,1877720.00000000,1874519.00000000,1908223.00000000,1895455.00000000,1877473.00000000,1876521.00000000,1907983.00000000,1905861.00000000,1877607.00000000,1884021.00000000],
"dTLB-load-misses": [12473.00000000,12218.00000000,12036.00000000,12237.00000000,13034.00000000,13378.00000000,12185.00000000,12326.00000000,11998.00000000,12631.00000000,12294.00000000,12991.00000000,12726.00000000,12305.00000000,12456.00000000,11685.00000000,12069.00000000,11892.00000000,12620.00000000,12347.00000000,11952.00000000],
"weights": [4875941.00000000,4356841.00000000,4265341.00000000,5330087.00000000,4301535.00000000,2953605.00000000,4298198.00000000,2947741.00000000,3531909.00000000,3559965.00000000,3059953.00000000,3695287.00000000,3546758.00000000,3147770.00000000,2904870.00000000,2816290.00000000,2908012.00000000,2912448.00000000,3738714.00000000,2773219.00000000,3679373.00000000],
"energy": [23007401.00000000,22611120.00000000,22135421.00000000,22071017.00000000,21903866.00000000,21976708.00000000,21942591.00000000,22015478.00000000,21908200.00000000,21825806.00000000,21924755.00000000,21757679.00000000,21897503.00000000,21769443.00000000,21863310.00000000,21644984.00000000,21512086.00000000,21718237.00000000,21757023.00000000,21752324.00000000,21589917.00000000]
}
