{
"time": 8.94,
"perf_time": 8.93367390,
"instructions": 11447712910.00000000,
"cycles": 37207743683.00000000,
"cache-references": 15188838.00000000,
"cache-misses": 1428448.00000000,
"branches": 3052950272.00000000,
"branch-misses": 27187025.00000000,
"cpu-clock": 8.91607760,
"task-clock": 8.92261586,
"faults": 1061.00000000,
"minor-faults": 1022.00000000,
"major-faults": 39.00000000,
"cs": 84.00000000,
"migrations": 0.00000000,
"L1-dcache-loads": 1869907700.00000000,
"L1-dcache-load-misses": 4123612.00000000,
"dTLB-loads": 1877607.00000000,
"dTLB-load-misses": 12305.00000000,
"weights": 3546758.00000000,
"energy": 21897503.00000000
}
