number_of_retries,execution_rank_per_item
1.0,2.357142857142857
2.0,3.5
3.0,2.642857142857143
4.0,3.2857142857142856
5.0,3.2142857142857144
