number_of_retries,execution_rank_per_item
1.0,3.769230769230769
2.0,3.1538461538461537
3.0,2.5
4.0,3.0
5.0,2.2857142857142856
