number_of_retries,execution_rank_per_item
1.0,3.9285714285714284
2.0,3.0
3.0,2.642857142857143
4.0,2.9885714285714284
5.0,2.5
