{
    "time": 1.0,
    "perf_time": 0.9987978920863309,
    "instructions": 1279467806.0431654,
    "cycles": 4165217750.2158275,
    "cache-references": 1785698.417266187,
    "cache-misses": 179615.53956834532,
    "branches": 341434427.76978415,
    "branch-misses": 3048889.9280575537,
    "cpu-clock": 0.9983034,
    "task-clock": 0.9976971338129496,
    "faults": 152.80575539568346,
    "minor-faults": 147.76978417266187,
    "major-faults": 4.892086330935252,
    "cs": 9.20863309352518,
    "migrations": 0.0,
    "L1-dcache-loads": 209845680.28776976,
    "L1-dcache-load-misses": 492953.23741007195,
    "dTLB-loads": 216931.79856115108,
    "dTLB-load-misses": 2088.4892086330933,
    "weights": 446698.7050359712,
    "energy": 2460661.007194245
}