{
    "time": 0.1656346260945119,
    "perf_time": 0.14445539418930256,
    "instructions": 0.03163363410818603,
    "cycles": 0.13187607746935326,
    "cache-references": 1.4320464981088914,
    "cache-misses": 6.980403418773035,
    "branches": 0.022322534331180578,
    "branch-misses": 0.05356503856091619,
    "cpu-clock": 0.15846473224866056,
    "task-clock": 0.15376518548793564,
    "faults": 0.1457488052500172,
    "minor-faults": 0.1486092193917163,
    "major-faults": 0.6272280441794642,
    "cs": 93.92039288317092,
    "migrations": 184.59164139817946,
    "L1-dcache-loads": 0.0605448973343341,
    "L1-dcache-load-misses": 28.274312469497126,
    "dTLB-loads": 1.9766066985316861,
    "dTLB-load-misses": 3.81519676043749,
    "weights": 22.268331859071246,
    "energy": 1.8733565533295278
}