{
    "original": {
        "median_execution_time": 15.974508579005487,
        "search_type": "local_search"
    },
    "items": [
        {
            "item_name": "perf_cpu_clock",
            "median_execution_time": 9.589400568511337,
            "duration": 1927.8430027309805,
            "patch_contents": "ParamSetting(('lpg.params', 'param', 'search_steps'), 809) | ParamSetting(('lpg.params', 'param', 'static_noise'), 'True') | ParamSetting(('lpg.params', 'param', 'lowmemory'), 'True') | ParamSetting(('lpg.params', 'param', 'repeats'), 7) | ParamSetting(('lpg.params', 'param', 'restarts'), 9) | ParamSetting(('lpg.params', 'param', 'restarts'), 4)\n",
            "number_of_retries": 2,
            "number_of_steps": 153,
            "best_fitness": 963127.5,
            "reference_fitness": 1607109.5,
            "params": false,
            "fitness_values": [
                2972496.5,
                1607109.5,
                1607109.5,
                1607109.5,
                1607109.5,
                1595623.5,
                1607109.5,
                1595623.5,
                1595623.5,
                1607109.5,
                1595623.5,
                1593382.5,
                1595623.5,
                1593382.5,
                1585955.5,
                1597235.5,
                1585955.5,
                999862.0,
                1048410.5,
                975722.0,
                2783991.5,
                980865.0,
                1007981.5,
                975722.0,
                978675.5,
                1007981.5,
                969494.5,
                969077.5,
                969077.5,
                999918.5,
                969077.5,
                969077.5,
                999918.5,
                1561804.5,
                969494.5,
                999918.5,
                970798.5,
                969077.5,
                969494.5,
                969077.5,
                1561804.5,
                969077.5,
                969077.5,
                1561804.5,
                969077.5,
                965169.5,
                1010842.5,
                965169.5,
                965169.5,
                969494.5,
                965169.5,
                965169.5,
                965169.5,
                965169.5,
                965169.5,
                976998.5,
                965169.5,
                1002842.5,
                1004864.0,
                1549945.5,
                965169.5,
                1002842.5,
                965169.5,
                969077.5,
                1002842.5,
                965169.5,
                965169.5,
                1002842.5,
                965169.5,
                965169.5,
                978142.5,
                965169.5,
                965169.5,
                965169.5,
                1015265.0,
                965169.5,
                969494.5,
                1015265.0,
                965169.5,
                965169.5,
                969494.5,
                1015265.0,
                966094.0,
                1002842.5,
                1230170.5,
                1002842.5,
                970657.0,
                1549945.5,
                965169.5,
                965169.5,
                965169.5,
                965169.5,
                977858.5,
                1015265.0,
                969494.5,
                1549945.5,
                1002842.5,
                976308.5,
                1002842.5,
                965169.5,
                967675.0,
                966169.5,
                1549945.5,
                1002842.5,
                971187.5,
                976308.5,
                1015265.0,
                965169.5,
                1015265.0,
                1015265.0,
                1002842.5,
                1549945.5,
                965169.5,
                1549945.5,
                965169.5,
                1015265.0,
                969494.5,
                1015265.0,
                965169.5,
                963127.5,
                1296075.5,
                969614.0,
                1551117.5,
                966969.0,
                970657.0,
                965169.5,
                1003936.5,
                963127.5,
                1551117.5,
                973607.0
            ],
            "new_highs": 10,
            "new_highs_ratio": 0.07692307692307693
        },
        {
            "item_name": "energy",
            "median_execution_time": 10.298316339962184,
            "duration": 1892.1816618940793,
            "patch_contents": "ParamSetting(('lpg.params', 'param', 'repeats'), 11) | ParamSetting(('lpg.params', 'param', 'search_steps'), 809) | ParamSetting(('lpg.params', 'param', 'static_noise'), 'None') | ParamSetting(('lpg.params', 'param', 'repeats'), 7)\n",
            "number_of_retries": 1,
            "number_of_steps": 224,
            "best_fitness": 625253127.0,
            "reference_fitness": 1023304151.0,
            "params": false,