{
    "original": {
        "median_execution_time": 10.269585775997257,
        "search_type": "genetic_programming"
    },
    "items": [
        {
            "item_name": "time",
            "median_execution_time": 6.331173251004657,
            "duration": 746.7334875489978,
            "patch_contents": "ParamSetting(('lpg.params', 'param', 'search_steps'), 969) | ParamSetting(('lpg.params', 'param', 'static_noise'), 'True') | ParamSetting(('lpg.params', 'param', 'search_steps'), 669) | ParamSetting(('lpg.params', 'param', 'search_steps'), 474) | ParamSetting(('lpg.params', 'param', 'search_steps'), 969) | ParamSetting(('lpg.params', 'param', 'lowmemory'), 'True')\n",
            "number_of_retries": 1,
            "crossover": "GeneticProgrammingConcat",
            "number_of_steps": 110,
            "best_fitness": 6.0133,
            "reference_fitness": 9.9512,
            "params": false,
            "fitness_values": [
                9.9223,
                9.9512,
                9.9512,
                11.7094,
                9.8279,
                9.9253,
                9.4971,
                9.9539,
                19.003,
                9.9185,
                10.0072,
                6.5852,
                6.5094,
                6.5388,
                10.1842,
                9.9008,
                9.9578,
                9.9623,
                6.5094,
                6.5388,
                6.5852,
                9.4971,
                6.5094,
                6.5388,
                6.5852,
                6.9682,
                9.7959,
                9.9008,
                9.9185,
                27.5657,
                9.9253,
                9.9578,
                10.0072,
                6.4606,
                6.5094,
                6.5086,
                9.9512,
                17.2229,
                6.4606,
                6.5086,
                6.5094,
                6.5094,
                6.4606,
                9.5567,
                6.4606,
                6.5393,
                6.2829,
                6.5388,
                6.5388,
                6.5852,
                6.4812,
                6.9682,
                9.4726,
                27.2378,
                9.9539,
                6.5388,
                6.5402,
                6.3457,
                6.2829,
                6.3457,
                6.4606,
                6.4606,
                6.3599,
                6.3315,
                6.4606,
                7.029,
                6.4606,
                6.5359,
                9.5567,
                9.5567,
                6.5388,
                6.5388,
                6.4606,
                6.4606,
                6.3616,
                6.2785,
                6.5582,
                6.2785,
                6.2829,
                6.3315,
                6.3457,
                6.4606,
                6.8197,
                6.0133,
                6.2633,
                6.3599,
                6.2829,
                6.9572,
                6.9572,
                6.4606,
                6.5582,
                6.5512,
                6.5359,
                6.2785,
                6.3616,
                6.3457,
                6.5094,
                6.0133,
                6.2633,
                6.2785,
                6.2785,
                6.0895,
                6.093,
                6.4606,
                6.9572,
                6.3525,
                6.3525,
                6.0133,
                6.9668,
                9.1264,
                6.0133,
                6.4606,
                6.4606,
                6.2932,
                6.2785,
                6.2785,
                6.0133,
                6.0133,
                6.0895,
                6.093,
                6.093,
                6.0895,
                6.0895,
                6.093,
                6.5582,
                6.2785,
                6.2633,
                6.093,
                6.2932,
                6.3525,
                6.3525,
                6.9572,
                6.0133,
                6.3457,
                6.0895,
                6.2124,
                6.0133,
                6.0133,
                6.0133,
                6.0895,
                6.0639,
                6.0133,
                6.093,
                6.0895,
                6.0895,
                6.0538,
                6.0895,
                6.3525,
                6.3525,
                6.093,
                6.093,
                6.093,
                6.0133,
                6.079,
                6.3616,
                6.0133,
                6.0133,
                6.0133,
                6.0133,
                6.0895,
                6.3525,
                6.079,
                6.093,
                6.0133,
                6.0538,
                6.0639,
                6.103,
                6.0895,
                6.0895,
                6.0895,
                6.0538,
                6.3457,
                6.0945,
                6.0133,
                6.0133,
                6.0133,
                6.0133,
                6.0133,
                6.0133,
                6.0639,
                6.0133,
                6.0133,
                6.0895,
                6.0538,
                6.0133,
                6.079,
                6.0538,
                6.3525,
                6.0639,
                6.079,
                6.0538,
                6.0133,
                6.0133,
                6.0133,
                9.2843
            ],
            "new_highs": 8,
            "new_highs_ratio": 0.041025641025641026
        }
    ]
}