number_of_retries,execution_rank_per_item
1.0,2.7142857142857144
2.0,2.2857142857142856
3.0,3.7142857142857144
4.0,2.7857142857142856
5.0,3.5
