Key,Median_Largest_Improvement_Ratio
1,0.02702702702702703
2,0.037037037037037035
5,0.125
3,0.16923076923076924
4,0.22916666666666666
