Key,Median_Largest_Improvement_Ratio
1,0.2631578947368421
5,0.26666666666666666
2,0.29411764705882354
4,0.3157894736842105
3,0.3333333333333333
