{
    "original": {
        "median_execution_time": 13.927274501999818
    },
    "items": [
        {
            "item_name": "perf_time",
            "median_execution_time": 12.963302349000514,
            "duration": 120.20601917800013,
            "patch_contents": "ParamSetting(('minisat_simplified.params', 'param', 'pre'), 'False')\n",
            "number_of_retries": 1,
            "number_of_steps": 5,
            "best_fitness": 13.190931,
            "reference_fitness": 13.969954,
            "params": false,
            "fitness_values": [
                14.80955,
                14.283344,
                14.123902,
                14.339891,
                13.190931
            ],
            "new_highs": 3,
            "new_highs_ratio": 0.6
        },
        {
            "item_name": "energy",
            "median_execution_time": 2.701849105000292,
            "duration": 114.74350889700054,
            "patch_contents": "ParamSetting(('minisat_simplified.params', 'param', 'luby'), 'False')\n",
            "number_of_retries": 1,
            "number_of_steps": 12,
            "best_fitness": 110104963.0,
            "reference_fitness": 554075609.0,
            "params": false,
            "fitness_values": [
                498925660.0,
                554075609.0,
                498925660.0,
                563045895.0,
                554075609.0,
                498925660.0,
                131733285.0,
                110104963.0,
                554075609.0,
                216036740.0,
                138758128.0,
                122301567.0
            ],
            "new_highs": 2,
            "new_highs_ratio": 0.16666666666666666
        }
    ]
}