{
    "original": {
        "median_execution_time": 8.639950738055632,
        "search_type": "local_search"
    },
    "items": [
        {
            "item_name": "perf_L1_dcache_loads",
            "median_execution_time": 8.615171022946015,
            "duration": 1930.2714161660988,
            "patch_contents": "SrcmlStmtReplacement(('src/main/java/weka/classifiers/trees/RandomForest.java.xml', 'stmt', 131), ('src/main/java/weka/classifiers/trees/RandomForest.java.xml', 'stmt', 139)) | SrcmlStmtInsertion(('src/main/java/weka/classifiers/trees/RandomForest.java.xml', '_inter_block', 205), ('src/main/java/weka/classifiers/trees/RandomForest.java.xml', 'stmt', 13)) | SrcmlStmtDeletion(('src/main/java/weka/classifiers/trees/RandomForest.java.xml', 'stmt', 48)) | SrcmlStmtDeletion(('src/main/java/weka/classifiers/trees/RandomForest.java.xml', 'stmt', 133)) | SrcmlStmtDeletion(('src/main/java/weka/classifiers/trees/RandomForest.java.xml', 'stmt', 120))\n",
            "number_of_retries": 3,
            "number_of_steps": 171,
            "best_fitness": 27949041395.0,
            "reference_fitness": 28411542431.666668,
            "params": false,
            "fitness_values": [
                28357385587.333332,
                28538339976.666668,
                28411542431.666668,
                28824826392.0,
                28037442867.666668,
                28357385587.333332,
                28272110415.333332,
                28210696421.666668,
                28197990578.666668,
                28031070428.666668,
                28428536718.666668,
                28307766737.333332,
                28239394712.666668,
                28037442867.666668,
                28389377581.666668,
                28258248262.666668,
                28670250192.333332,
                28031070428.666668,
                28037442867.666668,
                28748113655.0,
                28031070428.666668,
                28428536718.666668,
                28108252770.666668,
                28389377581.666668,
                28596080277.666668,
                28037442867.666668,
                28307336698.333332,
                28027911042.666668,
                28298392226.333332,
                28031070428.666668,
                28730904782.666668,
                28428804267.666668,
                28402192100.0,
                28390368581.0,
                27949041395.0,
                28746521010.333332,
                28729752710.333332,
                28266849083.666668,
                28261839083.0,
                28504231851.333332,
                28297421064.666668,
                28241325727.666668,
                28286032305.666668,
                28027911042.666668,
                28216589386.0,
                28216589386.0,
                28159305971.333332,
                28389424527.0,
                28257460260.333332,
                28595314712.0,
                28062810191.0,
                28362487577.666668,
                28397533468.0,
                28253376816.666668,
                28710102850.333332,
                28561304513.666668,
                28216589386.0,
                28489281960.333332,
                28599705671.666668,
                28567431159.333332,
                28262175554.666668,
                28413424510.0,
                28173701478.0,
                28631653069.666668
            ],
            "new_highs": 4,
            "new_highs_ratio": 0.0625
        },
        {
            "item_name": "time",
            "median_execution_time": 8.615051298053004,
            "duration": 1954.1925638560206,
            "patch_contents": "SrcmlStmtInsertion(('src/main/java/weka/classifiers/trees/RandomForest.java.xml', '_inter_block', 205), ('src/main/java/weka/classifiers/trees/RandomForest.java.xml', 'stmt', 13)) | SrcmlStmtDeletion(('src/main/java/weka/classifiers/trees/RandomForest.java.xml', 'stmt', 40)) | SrcmlStmtDeletion(('src/main/java/weka/classifiers/trees/RandomForest.java.xml', 'stmt', 33))\n",
            "number_of_retries": 4,
            "number_of_steps": 155,
            "best_fitness": 8.5513,
            "reference_fitness": 8.6946,
            "params": false,
            "fitness_values": [
                8.6067,
                8.6131,
                8.6946,
                8.651,
                8.5975,
                8.6067,
                8.6447,
                8.5944,
                8.6946,
                8.6053,
                8.6235,
                8.5831,
                8.6752,
                8.5944,
                8.6559,
                8.5513,
                8.5831,
                8.5513,
                8.5831,
                8.6254,
                8.5513,
                8.6392,
                8.6433,
                8.5978,
                8.5824,
                8.5831,
                8.6473,
                8.6269,
                8.6294,
                8.5667,
                8.6294,
                8.6982,
                8.6087,
                8.6438,
                8.6548,
                8.6269,
                8.5513,
                8.5513,
                8.5978,
                8.6204,
                8.6392,
                8.6294,
                8.6639,
                8.6444,
                8.5831,
                8.6413,
                8.6308,
                8.6213,
                8.6308,
                8.6926,
                8.6777,
                8.7253,
                8.5982,
                8.6347,
                8.5679,
                8.6746,
                8.72
            ],
            "new_highs": 4,
            "new_highs_ratio": 0.07017543859649122
        },
        {
            "item_name": "perf_cache_misses",
            "median_execution_time": 8.595438644522801,
            "duration": 1933.760238311952,
            "patch_contents": "SrcmlStmtDeletion(('src/main/java/weka/classifiers/trees/RandomForest.java.xml', 'stmt', 81)) | SrcmlStmtReplacement(('src/main/java/weka/classifiers/trees/RandomForest.java.xml', 'stmt', 27), ('src/main/java/weka/classifiers/trees/RandomForest.java.xml', 'stmt', 129))\n",
            "number_of_retries": 4,
            "number_of_steps": 156,
            "best_fitness": 53223593.75,
            "reference_fitness": 53912438.75,
            "params": false,
            "fitness_values": [
                55469459.0,
                53527449.5,
                53912438.75,
                55475292.0,
                54176888.25,
                53768567.25,
                53223593.75,
                53527449.5,
                54768165.0,
                54797729.5,
                53668603.5,
                54244713.0,
                56071528.25,
                54327281.75,
                54977493.25,
                55413896.0,
                54417366.5,
                54934954.75,
                54296338.5,
                55316169.25,
                54946042.0,
                55413896.0,
                55079522.0,
                55131415.5,
                54977579.0,
                54153294.25,
                54678784.75,
                55353562.0,
                56976720.75,
                54552966.25,
                53974054.75,
                53435321.25,
                54977008.5,
                54293646.75,
                54678784.75,
                53860694.25,
                53656857.5,
                55034884.75,
                56128286.5,
                54423774.0,
                54879996.5,
                55817600.5,
                53297336.75,
                55034884.75
            ],
            "new_highs": 2,
            "new_highs_ratio": 0.045454545454545456
        },
        {
            "item_name": "perf_branches",
            "median_execution_time": 8.611094523919746,
            "duration": 2000.5477354971226,