{
    "original": {
        "median_execution_time": 8.001579898875207,
        "search_type": "genetic_programming"
    },
    "items": [
        {
            "item_name": "weights",
            "median_execution_time": 7.588301918003708,
            "duration": 2917.39418567298,
            "patch_contents": "ParamSetting(('test.params', 'param', 'VARDECAY'), 0.6991828298295443)\n",
            "number_of_retries": 3,
            "number_of_steps": 27,
            "best_fitness": 1220607862.502667,
            "reference_fitness": 1250541636.237,
            "params": false,
            "fitness_values": [
                1355756702.332,
                1250541636.237,
                1412934999.570333,
                1456257255.644,
                1278587824.283333,
                1364927904.673,
                1248202038.011667,
                1405290784.457667,
                1220607862.502667,
                1294266674.575,
                1220607862.502667,
                1278587824.283333,
                1405290784.457667,
                1250541636.237,
                1278587824.283333,
                1294266674.575,
                1250541636.237,
                1250541636.237,
                1250541636.237,
                1250541636.237,
                1220607862.502667,
                1294266674.575,
                1278587824.283333,
                1294266674.575,
                1220607862.502667,
                1384183502.678,
                1314918165.566667
            ],
            "new_highs": 3,
            "new_highs_ratio": 0.1111111111111111
        }
    ]
}