{
    "original": {
        "median_execution_time": 11.312113404273987
    },
    "items": [
        {
            "item_name": "energy",
            "median_execution_time": 7.896766424179077,
            "duration": 654.1528320220004,
            "patch_contents": "ParamSetting(('minisat_simplified.params', 'param', 'ccmin-mode'), 1) | ParamSetting(('minisat_simplified.params', 'param', 'elim'), 'True') | ParamSetting(('minisat_simplified.params', 'param', 'gc-frac'), 4512.397490339189)\n",
            "number_of_retries": 1,
            "number_of_steps": 93,
            "best_fitness": 88484239.0,
            "reference_fitness": 88744480.0,
            "params": false,
            "fitness_values": [
                88820403.0,
                89239846.0,
                88572217.0,
                88744480.0,
                88682334.0,
                89244210.0,
                88744480.0,
                88572217.0,
                88744480.0,
                88572217.0,
                89224557.0,
                88899746.0,
                88572217.0,
                88572217.0,
                88958595.0,
                88572217.0,
                88572217.0,
                89054202.0,
                89510355.0,
                88744480.0,
                88595714.0,
                88572217.0,
                88572217.0,
                88812088.0,
                88744480.0,
                88913340.0,
                88744480.0,
                88572217.0,
                88572217.0,
                88744480.0,
                89010870.0,
                88572217.0,
                88744480.0,
                89146971.0,
                88899746.0,
                88484239.0,
                88484239.0,
                88484239.0,
                88622370.0,
                88484239.0,
                88484239.0,
                89021580.0,
                89336932.0,
                88778765.0,
                88484239.0,
                88572217.0,
                89184567.0,
                89264609.0,
                89362047.0,
                89747007.0,
                89654528.0,
                88907222.0,
                88484239.0,
                88895320.0,
                89362047.0,
                88865430.0,
                88484239.0,
                88572217.0,
                89418807.0,
                88484239.0,
                89047046.0,
                88484239.0,
                89317723.0,
                89120529.0,
                88572217.0,
                88484239.0,
                88484239.0,
                89229303.0,
                88640130.0,
                89052798.0,
                88484239.0,
                88484239.0,
                88484239.0,
                89229303.0,
                88484239.0,
                89543359.0,
                88484239.0,
                89362047.0,
                88863995.0,
                88986930.0,
                88894313.0,
                88610911.0,
                88484239.0,
                89380021.0,
                88572217.0,
                88809998.0,
                89184567.0,
                88558393.0,
                89264609.0,
                89066454.0,
                89543359.0,
                89052798.0,
                89479458.0
            ],
            "new_highs": 2,
            "new_highs_ratio": 0.021505376344086023
        },
        {
            "item_name": "energy",
            "median_execution_time": 10.877961993217468,
            "duration": 702.5339947820003,
            "patch_contents": "ParamSetting(('minisat_simplified.params', 'param', 'rnd-seed'), 393364415) | ParamSetting(('minisat_simplified.params', 'param', 'verb'), '1') | ParamSetting(('minisat_simplified.params', 'param', 'ccmin-mode'), 0)\n",
            "number_of_retries": 2,
            "number_of_steps": 45,
            "best_fitness": 88625040.5,
            "reference_fitness": 89191195.5,
            "params": false,
            "fitness_values": [
                89191195.5,
                89191195.5,
                88827788.5,
                88959290.0,
                89191195.5,
                88990568.5,
                88959290.0,
                89006169.5,
                89131057.0,
                88908343.0,
                88827788.5,
                88827788.5,
                89191195.5,
                88802543.5,
                88827788.5,
                89267325.5,
                89045565.5,
                88802543.5,
                88802543.5,
                89267325.5,
                88802543.5,
                88827788.5,
                89267325.5,
                88628839.5,
                89018841.5,
                89064371.0,
                88731609.5,
                88625040.5,
                88625040.5,
                89267325.5,
                89000242.0,
                88625040.5,
                88625040.5,
                89119910.5,
                89089341.0,
                89038654.0,
                89089341.0,
                88625040.5,
                89191386.5,
                88625040.5,
                89498438.5,
                89215524.5,
                88625040.5,
                89126914.0,
                89145826.0
            ],
            "new_highs": 4,
            "new_highs_ratio": 0.08888888888888889
        },
        {
            "item_name": "energy",
            "median_execution_time": 11.40691089630127,
            "duration": 728.0258780140002,
            "patch_contents": "ParamSetting(('minisat_simplified.params', 'param', 'gc-frac'), 6625.868157901106)\n",
            "number_of_retries": 3,
            "number_of_steps": 16,
            "best_fitness": 88711279.0,
            "reference_fitness": 88835422.333333,
            "params": false,
            "fitness_values": [
                88711279.0,
                88835422.333333,
                88848523.666667,
                89310912.666667,
                89227197.333333,
                89005640.666667,
                89422870.666667,
                89384578.0,
                89364433.0,
                89144987.333333,
                89058062.666667,
                89424147.333333,
                89181275.333333,
                89151573.333333,
                89161689.666667,
                89217783.0
            ],
            "new_highs": 0,
            "new_highs_ratio": 0.0
        },
        {
            "item_name": "energy",
            "median_execution_time": 8.88296389579773,
            "duration": 807.7610202200012,
            "patch_contents": "ParamSetting(('minisat_simplified.params', 'param', 'grow'), -8842) | ParamSetting(('minisat_simplified.params', 'param', 'cl-lim'), 225)\n",
            "number_of_retries": 4,
            "number_of_steps": 13,
            "best_fitness": 88319751.0,
            "reference_fitness": 88794972.0,
            "params": false,
            "fitness_values": [
                89133471.0,
                88883602.25,
                88775182.5,
                88794972.0,
                89037350.0,
                88959007.25,
                89127120.0,
                89033832.25,
                89018856.5,
                89031181.25,
                89214460.75,
                88981409.75,
                88319751.0
            ],
            "new_highs": 3,
            "new_highs_ratio": 0.23076923076923078
        }
    ]
}