{
    "original": {
        "median_execution_time": 13.724025808000079
    },
    "items": [
        {
            "item_name": "perf_time",
            "median_execution_time": 13.598502568000185,
            "duration": 118.34406405899972,
            "patch_contents": "ParamSetting(('minisat_simplified.params', 'param', 'gc-frac'), 5173.750754887463) | ParamSetting(('minisat_simplified.params', 'param', 'rcheck'), 'True')\n",
            "number_of_retries": 1,
            "number_of_steps": 5,
            "best_fitness": 11.724397,
            "reference_fitness": 14.159657,
            "params": false,
            "fitness_values": [
                13.697866,
                16.734844,
                27.214166,
                14.159657,
                11.724397
            ],
            "new_highs": 1,
            "new_highs_ratio": 0.2
        },
        {
            "item_name": "perf_time",
            "median_execution_time": 2.2900276229993324,
            "duration": 166.03579768799864,
            "patch_contents": "ParamSetting(('minisat_simplified.params', 'param', 'rinc'), 3983.185783387982) | ParamSetting(('minisat_simplified.params', 'param', 'rcheck'), 'True')\n",
            "number_of_retries": 2,
            "number_of_steps": 9,
            "best_fitness": 2.011985,
            "reference_fitness": 14.083924,
            "params": false,
            "fitness_values": [
                14.083924,
                3.642674,
                12.019392,
                3.255847,
                3.255847,
                2.338957,
                2.011985,
                2.036553,
                11.913755
            ],
            "new_highs": 4,
            "new_highs_ratio": 0.4444444444444444
        },
        {
            "item_name": "perf_time",
            "median_execution_time": 2.6426601270013634,
            "duration": 210.27896158400108,
            "patch_contents": "ParamSetting(('minisat_simplified.params', 'param', 'luby'), 'False') | ParamSetting(('minisat_simplified.params', 'param', 'rnd-seed'), 333869701)\n",
            "number_of_retries": 3,
            "number_of_steps": 16,
            "best_fitness": 2.680796,
            "reference_fitness": 13.779122,
            "params": false,
            "fitness_values": [
                2.698937,
                13.779122,
                3.587707,
                2.698937,
                3.587707,
                13.779122,
                2.698937,
                13.779122,
                2.698937,
                2.698937,
                3.25531,
                2.698937,
                2.698937,
                13.779122,
                2.680796,
                13.948665
            ],
            "new_highs": 1,
            "new_highs_ratio": 0.0625
        },
        {
            "item_name": "energy",
            "median_execution_time": 2.311525667000751,
            "duration": 135.83179745100097,
            "patch_contents": "ParamSetting(('minisat_simplified.params', 'param', 'rinc'), 28620.974775642386) | ParamSetting(('minisat_simplified.params', 'param', 'rinc'), 3202.416997790882)\n",
            "number_of_retries": 1,
            "number_of_steps": 7,
            "best_fitness": 92457117.0,
            "reference_fitness": 475863727.0,
            "params": false,
            "fitness_values": [
                92783562.0,
                475863727.0,
                92800392.0,
                92457117.0,
                92457117.0
            ],
            "new_highs": 1,
            "new_highs_ratio": 0.2
        },
        {
            "item_name": "energy",
            "median_execution_time": 12.636138799998662,
            "duration": 161.97330679999868,
            "patch_contents": "ParamSetting(('minisat_simplified.params', 'param', 'elim'), 'False')\n",
            "number_of_retries": 2,
            "number_of_steps": 3,
            "best_fitness": 425831616.0,
            "reference_fitness": 463499902.5,
            "params": false,
            "fitness_values": [
                425831616.0,
                463499902.5,
                444495651.5
            ],
            "new_highs": 0,
            "new_highs_ratio": 0.0
        },
        {
            "item_name": "weights",
            "median_execution_time": 13.663839622999149,
            "duration": 128.92727294299948,
            "patch_contents": "ParamSetting(('minisat_simplified.params', 'param', 'sub-lim'), 36223)\n",
            "number_of_retries": 1,
            "number_of_steps": 7,
            "best_fitness": 61033812.099,
            "reference_fitness": 72019301.026,
            "params": false,
            "fitness_values": [
                115982165.661,
                61033812.099,
                72019301.026,
                110851096.332,
                61033812.099,
                100253920.003,
                144196715.382
            ],
            "new_highs": 1,
            "new_highs_ratio": 0.14285714285714285
        },
        {
            "item_name": "weights",
            "median_execution_time": 13.574024737999935,
            "duration": 163.55582916899948,
            "patch_contents": "ParamSetting(('minisat_simplified.params', 'param', 'cl-lim'), 7147)\n",
            "number_of_retries": 2,
            "number_of_steps": 2,
            "best_fitness": 106839484.0295,
            "reference_fitness": 107200217.9805,
            "params": false,
            "fitness_values": [
                167674625.3035,
                106839484.0295
            ],
            "new_highs": 1,
            "new_highs_ratio": 0.5
        }
    ]
}