{
    "time": 0.15929365492861566,
    "perf_time": 0.1385531668510925,
    "instructions": 0.03662465256506457,
    "cycles": 0.1721806066802604,
    "cache-references": 22.87761127510336,
    "cache-misses": 6.526900888511065,
    "branches": 0.02681977104697611,
    "branch-misses": 0.058824349497244306,
    "cpu-clock": 0.1472533549596222,
    "task-clock": 0.14129790594723707,
    "faults": 0.1684383739785456,
    "minor-faults": 0.2085745032503859,
    "major-faults": 0.6272280441794642,
    "cs": 76.24230621472418,
    "migrations": 447.21359549995793,
    "L1-dcache-loads": 0.07982384280648738,
    "L1-dcache-load-misses": 47.68520887111279,
    "dTLB-loads": 1.3585952272208652,
    "dTLB-load-misses": 3.577867979386019,
    "weights": 24.37715178031297,
    "energy": 1.9063921081305457
}