{
    "original": {
        "median_execution_time": 0.1490769999945769,
        "search_type": "genetic_programming"
    },
    "items": [
        {
            "item_name": "time",
            "median_execution_time": 0.15223114199761767,
            "duration": 363.4143807759974,
            "patch_contents": "ParamSetting(('weka.params', 'param', 'I'), 10) | ParamSetting(('weka.params', 'param', 'num-decimal-places'), 1) | ParamSetting(('weka.params', 'param', 'P'), 6) | ParamSetting(('weka.params', 'param', 'I'), 5) | ParamSetting(('weka.params', 'param', 'P'), 6) | ParamSetting(('weka.params', 'param', 'K'), 0)\n",
            "number_of_retries": 1,
            "crossover": "GeneticProgrammingConcat",
            "number_of_steps": 110,
            "best_fitness": 1.6445,
            "reference_fitness": 7.7671,
            "params": false,
            "fitness_values": [
                5.0746,
                2.3895,
                7.7671,
                7.6614,
                7.8346,
                7.7671,
                2.5253,
                2.1164,
                9.9288,
                7.2717,
                7.6704,
                4.4343,
                7.7671,
                7.7519,
                7.661,
                7.3788,
                7.7694,
                7.7455,
                2.6454,
                2.1164,
                2.3895,
                2.5253,
                2.6454,
                2.3895,
                2.3895,
                2.5481,
                2.6902,
                5.2768,
                5.0746,
                7.2717,
                2.3324,
                7.6684,
                5.2129,
                2.1609,
                7.8618,
                7.7671,
                7.7671,
                7.7671,
                2.6454,
                2.1164,
                2.1609,
                2.3324,
                2.3895,
                2.1164,
                2.1171,
                1.7321,
                2.5481,
                1.7392,
                2.3895,
                1.733,
                2.5481,
                2.6353,
                1.733,
                1.7231,
                5.2129,
                7.7671,
                2.1164,
                2.3715,
                7.7671,
                1.7231,
                1.7321,
                1.733,
                1.733,
                1.7231,
                1.7321,
                1.733,
                1.733,
                1.7231,
                2.1077,
                1.6625,
                2.1171,
                1.7275,
                2.3324,
                2.0716,
                1.7231,
                2.3951,
                2.3218,
                2.6902,
                1.7835,
                1.6625,
                1.7231,
                1.7231,
                1.7231,
                1.6566,
                1.7231,
                1.733,
                1.7231,
                1.7135,
                1.7321,
                1.7231,
                1.6731,
                1.7644,
                1.7517,
                1.6683,
                1.7644,
                1.6883,
                1.7231,
                1.7231,
                1.6445,
                1.6445,
                1.6566,
                1.6625,
                1.6683,
                1.6704,
                1.6566,
                1.6566,
                1.6843,
                1.6534,
                1.6537,
                1.7517,
                1.7231,
                1.6566,
                1.6537,
                1.7231,
                1.6982,
                1.9024,
                1.67,
                1.732,
                1.6683,
                1.6445,
                1.6534,
                1.6537,
                1.6537,
                1.6683,
                1.6534,
                1.8837,
                1.6537,
                1.6566,
                1.6566,
                1.6486,
                1.6566,
                1.6566,
                1.7277,
                1.6693,
                1.6566,
                1.6445,
                1.6534,
                1.6537,
                1.7106,
                1.6445,
                1.6445,
                1.6486,
                1.6534,
                1.6537,
                1.6566,
                1.7446,
                1.6534,
                1.6534,
                1.6566,
                1.6537,
                1.6537,
                1.6908,
                1.6566,
                1.6486,
                1.7106,
                1.6445,
                1.7057,
                1.6626,
                1.7049,
                1.6445,
                1.6445,
                1.6445,
                1.6486,
                1.7057,
                1.6566,
                1.6566,
                1.6693,
                1.7446,
                1.6534,
                1.6566,
                1.6534,
                1.6537,
                1.6537,
                1.6486,
                1.6486,
                1.6782,
                1.733,
                1.6846,
                2.5281,
                1.6445,
                1.6445,
                1.6445,
                1.6486,
                1.6534,
                1.6445,
                1.6566,
                1.6486,
                1.6486,
                1.6486,
                1.6534,
                1.6566,
                1.6566,
                1.6534,
                1.6486,
                1.6566,
                1.6445,
                1.6926,
                1.8759,
                1.6486
            ],
            "new_highs": 7,
            "new_highs_ratio": 0.035175879396984924
        }
    ]
}