{
    "original": {
        "median_execution_time": 9.623679688986158
    },
    "items": [
        {
            "item_name": "perf_time",
            "median_execution_time": 4.7609445940179285,
            "duration": 172.70455566499732,
            "patch_contents": "ParamSetting(('weka.params', 'param', 'P'), 48) | ParamSetting(('weka.params', 'param', 'M'), 2) | ParamSetting(('weka.params', 'param', 'K'), 1)\n",
            "number_of_retries": 1,
            "number_of_steps": 22,
            "best_fitness": 4.486244,
            "reference_fitness": 8.990066,
            "params": false,
            "fitness_values": [
                8.726069,
                8.990066,
                9.034903,
                8.788001,
                8.726069,
                10.018138,
                9.272475,
                6.473899,
                6.473899,
                8.726069,
                6.422942,
                6.473899,
                8.990066,
                6.473899,
                6.628719,
                6.473899,
                6.204229,
                6.074607,
                6.204229,
                4.744057,
                4.486244,
                5.255744
            ],
            "new_highs": 6,
            "new_highs_ratio": 0.2727272727272727
        },
        {
            "item_name": "energy",
            "median_execution_time": 8.910766854998656,
            "duration": 195.5805378500081,
            "patch_contents": "ParamSetting(('weka.params', 'param', 'N'), 97) | ParamSetting(('weka.params', 'param', 'M'), 1)\n",
            "number_of_retries": 1,
            "number_of_steps": 15,
            "best_fitness": 500486584.0,
            "reference_fitness": 527524416.0,
            "params": false,
            "fitness_values": [
                513565727.0,
                513565727.0,
                513565727.0,
                552019747.0,
                513565727.0,
                513565727.0,
                550458716.0,
                513565727.0,
                513565727.0,
                509908872.0,
                513565727.0,
                509908872.0,
                522600583.0,
                520311776.0,
                500486584.0
            ],
            "new_highs": 2,
            "new_highs_ratio": 0.13333333333333333
        }
    ]
}