{
    "perf_branch_misses_1": 2.998686736998934,
    "perf_branch_misses_2": 10.852016292999906,
    "perf_branch_misses_3": 14.146333633998438,
    "perf_branch_misses_4": 13.795650940999622,
    "perf_branch_misses_5": 14.444117350998567,
    "perf_branches_1": 3.053856963000726,
    "perf_branches_2": 2.9864282369999273,
    "perf_branches_3": 13.589175385000999,
    "perf_branches_4": 3.051856535003026,
    "perf_branches_5": 3.089175905999582,
    "perf_cache_misses_1": 0.2043109319965879,
    "perf_cache_misses_2": 3.500315932000376,
    "perf_cache_misses_3": 0.20741316299972823,
    "perf_cache_misses_4": 14.397447367002314,
    "perf_cache_misses_5": 14.527577027001826,
    "perf_cache_references_1": 3.008234420001827,
    "perf_cache_references_2": 3.0182141209988913,
    "perf_cache_references_3": 14.4261678139992,
    "perf_cache_references_4": 3.128454513000179,
    "perf_cache_references_5": 3.108331826999347,
    "perf_cpu_clock_1": 14.550360877998173,
    "perf_cpu_clock_2": 16.018257846997585,
    "perf_cpu_clock_3": 14.397893855999428,
    "perf_cpu_clock_4": 14.301070902998617,
    "perf_cpu_clock_5": 14.32272959400143,
    "perf_cycles_1": 10.931610658000864,
    "perf_cycles_2": 13.673545559002378,
    "perf_cycles_3": 2.9434593730002234,
    "perf_cycles_4": 14.398113093000575,
    "perf_cycles_5": 3.0866023329981545,
    "perf_faults_1": 6.276686023000366,
    "perf_faults_2": 4.757007694999629,
    "perf_faults_3": 3.114440473000286,
    "perf_faults_4": 3.111117116000969,
    "perf_faults_5": 14.554089559002023,
    "perf_instructions_1": 2.783175822998601,
    "perf_instructions_2": 13.655498716001603,
    "perf_instructions_3": 14.52474839199931,
    "perf_instructions_4": 14.395566903000145,
    "perf_instructions_5": 13.783684789999825,
    "perf_task_clock_1": 14.311240057002578,
    "perf_task_clock_2": 16.297555752000335,
    "perf_task_clock_3": 14.543500998002855,
    "perf_task_clock_4": 14.491434889001539,
    "perf_task_clock_5": 14.388146209996194,
    "perf_time_1": 3.007730082004855,
    "perf_time_2": 3.09609092699975,
    "perf_time_3": 14.362886942995829,
    "perf_time_4": 3.057628831003967,
    "perf_time_5": 3.1141768349989434,
    "time_1": 2.964944523999293,
    "time_2": 3.097419228994113,
    "time_3": 14.41844305000268,
    "time_4": 13.598542683001142,
    "time_5": 14.311379232000036,
    "energy_1": 4.99025932099903,
    "energy_2": 3.0659122919969377,
    "energy_3": 3.0857952179940185,
    "energy_4": 10.101398150000023,
    "energy_5": 14.414710564000416,
    "perf_L1_dcache_loads_1": 10.84627797199937,
    "perf_L1_dcache_loads_2": 3.076428931002738,
    "perf_L1_dcache_loads_3": 3.0792339280014858,
    "perf_L1_dcache_loads_4": 10.259027779997268,
    "perf_L1_dcache_loads_5": 14.575372650004283,
    "weights_1": 3.1054842840021593,
    "weights_2": 3.418193761994189,
    "weights_3": 19.449054700002307,
    "weights_4": 14.449297187995398,
    "weights_5": 14.33240347100218
}