Key,Median_Largest_Improvement_Ratio
2,0.08333333333333333
5,0.13636363636363635
4,0.3023255813953488
3,0.4594594594594595
1,0.5901639344262295
