Key,Median_Largest_Improvement_Ratio
1,0.0020181634712411706
2,0.002406900843790254
3,0.004554249603754555
4,0.006578947368421052
5,0.008444444444444445
