{
    "original": {
        "median_execution_time": 13.815207393839955,
        "search_type": "local_search"
    },
    "items": [
        {
            "item_name": "energy",
            "median_execution_time": 1.9751529460772872,
            "duration": 1857.2664045740385,
            "patch_contents": "ParamSetting(('minisat_simplified.params', 'param', 'rnd-seed'), 357543412) | ParamSetting(('minisat_simplified.params', 'param', 'rinc'), 2070.3838896585503) | ParamSetting(('minisat_simplified.params', 'param', 'gc-frac'), 4235.309795882055) | ParamSetting(('minisat_simplified.params', 'param', 'verb'), '0') | ParamSetting(('minisat_simplified.params', 'param', 'rfirst'), 1419) | ParamSetting(('minisat_simplified.params', 'param', 'luby'), 'False') | ParamSetting(('minisat_simplified.params', 'param', 'sub-lim'), 58825) | ParamSetting(('minisat_simplified.params', 'param', 'sub-lim'), 13868) | ParamSetting(('minisat_simplified.params', 'param', 'gc-frac'), 1212.4050614774603)\n",
            "number_of_retries": 1,
            "number_of_steps": 514,
            "best_fitness": 61958237.0,
            "reference_fitness": 448339836.0,
            "params": false,
            "fitness_values": [
                416425425.0,
                448339836.0,
                421600557.0,
                436171764.0,
                391061167.0,
                416425425.0,
                445644083.0,
                391061167.0,
                391061167.0,
                391061167.0,
                416425425.0,
                388299591.0,
                388299591.0,
                431976806.0,
                391061167.0,
                411866441.0,
                389741213.0,
                388299591.0,
                83419926.0,
                81325231.0,
                88224151.0,
                431976806.0,
                81325231.0,
                80907742.0,
                85771519.0,
                81277412.0,
                417470201.0,
                101324915.0,
                81520580.0,
                81325231.0,
                80907742.0,
                80520021.0,
                80520021.0,
                80098077.0,
                80520021.0,
                80098077.0,
                415850732.0,
                79888614.0,
                79001820.0,
                80000059.0,
                79001820.0,
                84032611.0,
                89409194.0,
                73815488.0,
                80358713.0,
                73815488.0,
                76907598.0,
                82030030.0,
                442341825.0,
                73678120.0,
                72755653.0,
                75278166.0,
                73678120.0,
                72755653.0,
                78467897.0,
                72755653.0,
                73225980.0,
                75371820.0,
                73678120.0,
                74386961.0,
                72755653.0,
                74502189.0,
                74675917.0,
                90639035.0,
                75278166.0,
                72755653.0,
                72755653.0,
                73678120.0,
                72892547.0,
                72755653.0,
                72755653.0,
                73225980.0,
                73261562.0,
                75278166.0,
                72755653.0,
                73678120.0,
                75278166.0,
                194227703.0,
                72755653.0,
                72755653.0,
                72774755.0,
                73678120.0,
                75278166.0,
                73225980.0,
                96241346.0,
                72755653.0,
                75278166.0,
                91805174.0,
                435251356.0,
                73879877.0,
                72755653.0,
                72755653.0,
                72755653.0,
                72755653.0,
                73678120.0,
                72755653.0,
                72755653.0,
                73225980.0,
                65044503.0,
                65044503.0,
                72755653.0,
                71895803.0,
                65606623.0,
                66298970.0,
                65044503.0,
                65044503.0,
                72575058.0,
                65044503.0,
                167419198.0,
                65498764.0,
                65044503.0,
                205330919.0,
                65044503.0,
                91494567.0,
                66530052.0,
                68341376.0,
                65044503.0,
                72755653.0,
                68341376.0,
                66530052.0,
                71573569.0,
                66624240.0,
                65533903.0,
                65624810.0,
                84166973.0,
                65606623.0,
                321480292.0,
                72088695.0,
                68427980.0,
                308315324.0,
                83623864.0,
                72631040.0,
                65274395.0,
                65044503.0,
                66530052.0,
                84166973.0,
                65044503.0,
                65923547.0,
                68341376.0,
                65044503.0,
                93115531.0,
                66852698.0,
                66445996.0,
                65312845.0,
                66530052.0,
                72755653.0,
                83623864.0,
                80562637.0,
                65044503.0,
                65044503.0,
                83623864.0,
                66530052.0,
                70042398.0,
                65044503.0,
                68341376.0,
                65674735.0,
                64891953.0,
                79622087.0,
                73377492.0,
                85774662.0,
                82125574.0,
                65398717.0,
                65259122.0,
                64866808.0,
                67672221.0,
                65059197.0,
                64791434.0,
                64791434.0,
                65047112.0,
                65786774.0,
                64791434.0,
                74707318.0,
                64791434.0,
                70327173.0,
                83108007.0,
                64791434.0,
                64791434.0,
                104070774.0,
                64791434.0,
                66374421.0,
                66623066.0,
                64791434.0,
                64800222.0,
                66374421.0,
                70954644.0,
                66623066.0,
                546845713.0,
                64791434.0,
                108792744.0,
                65664161.0,
                65495240.0,
                66623066.0,
                65814743.0,
                108792744.0,
                66374421.0,
                101657081.0,
                64719828.0,
                65130558.0,
                64719828.0,
                84213343.0,
                64719828.0,
                65967231.0,
                65283687.0,
                98610562.0,
                83572247.0,
                102013707.0,
                75402640.0,
                72245837.0,
                64719828.0,
                76010626.0,
                64791434.0,
                64719828.0,
                64791434.0,
                64719828.0,
                64719828.0,
                231394589.0,
                65091101.0,
                77988765.0,
                65130558.0,
                65967231.0,
                84536415.0,
                64719828.0,
                73499769.0,
                65091101.0,
                455500370.0,
                65192933.0,
                64719828.0,
                65261105.0,
                74357055.0,
                67704674.0,
                65929528.0,
                66735670.0,
                64791434.0,
                65130558.0,
                66936662.0,
                64719828.0,
                65306681.0,
                71807032.0,
                64791434.0,
                70255370.0,
