{
    "original": {
        "median_execution_time": 11.466490268707275
    },
    "items": [
        {
            "item_name": "perf_time",
            "median_execution_time": 3.028180480003357,
            "duration": 712.4157016699901,
            "patch_contents": "ParamSetting(('minisat_simplified.params', 'param', 'phase-saving'), 0) | ParamSetting(('minisat_simplified.params', 'param', 'luby'), 'False') | ParamSetting(('minisat_simplified.params', 'param', 'rnd-init'), 'True') | ParamSetting(('minisat_simplified.params', 'param', 'rcheck'), 'True') | ParamSetting(('minisat_simplified.params', 'param', 'sub-lim'), 18127) | ParamSetting(('minisat_simplified.params', 'param', 'grow'), -4139) | ParamSetting(('minisat_simplified.params', 'param', 'simp-gc-frac'), 355755709.6698683) | ParamSetting(('minisat_simplified.params', 'param', 'rinc'), 9871.664746526643) | ParamSetting(('minisat_simplified.params', 'param', 'verb'), '0') | ParamSetting(('minisat_simplified.params', 'param', 'pre'), 'False') | ParamSetting(('minisat_simplified.params', 'param', 'grow'), 1723)\n",
            "number_of_retries": 3,
            "number_of_steps": 77,
            "best_fitness": 1.830093,
            "reference_fitness": 11.708521,
            "params": false,
            "fitness_values": [
                9.791274,
                11.708521,
                3.166953,
                3.130773,
                2.935404,
                3.113745,
                2.961708,
                10.079387,
                3.808142,
                3.13261,
                2.935404,
                2.775021,
                7.468306,
                2.775021,
                2.77936,
                2.935404,
                7.468306,
                2.775021,
                3.118422,
                3.208145,
                2.701859,
                2.655701,
                2.655701,
                3.165377,
                3.240217,
                2.607726,
                3.119443,
                2.573164,
                2.573164,
                2.77908,
                2.689153,
                1.99454,
                2.199244,
                2.931818,
                1.99454,
                2.49261,
                2.587267,
                2.49261,
                1.94857,
                1.99454,
                2.519616,
                2.946673,
                2.560599,
                2.910177,
                2.975745,
                1.841849,
                1.862986,
                1.888521,
                2.770673,
                1.94857,
                8.420929,
                1.881655,
                3.130557,
                1.87179,
                1.847547,
                2.645423,
                1.877513,
                3.023265,
                1.830093,
                8.073832,
                1.974924,
                1.838377,
                2.627988,
                1.946214,
                3.084972,
                1.9866,
                3.084972,
                1.830093,
                3.084972,
                2.423866,
                2.465915,
                2.375263,
                2.627988,
                2.797635,
                1.834532,
                1.876568
            ],
            "new_highs": 12,
            "new_highs_ratio": 0.15789473684210525
        }
    ]
}