number_of_retries,execution_rank_per_item
1.0,2.5
2.0,2.857142857142857
3.0,3.5
4.0,2.9985714285714284
5.0,3.2142857142857144
