{
    "time": 1.0,
    "perf_time": 0.9992923825503357,
    "instructions": 1280504799.7762864,
    "cycles": 4161940009.2841167,
    "cache-references": 1698975.167785235,
    "cache-misses": 159781.65548098434,
    "branches": 341493319.01566,
    "branch-misses": 3041054.2505592844,
    "cpu-clock": 0.9973241163310962,
    "task-clock": 0.9980554653243849,
    "faults": 118.68008948545862,
    "minor-faults": 114.31767337807607,
    "major-faults": 4.3624161073825505,
    "cs": 9.395973154362416,
    "migrations": 0.0,
    "L1-dcache-loads": 209161935.12304252,
    "L1-dcache-load-misses": 461254.13870246086,
    "dTLB-loads": 210023.15436241613,
    "dTLB-load-misses": 1376.3982102908278,
    "weights": 396729.08277404925,
    "energy": 2449385.1230425057
}