{
    "time": 0.14708198787129456,
    "perf_time": 0.11715646889298025,
    "instructions": 0.011508018699469937,
    "cycles": 0.1166560169250399,
    "cache-references": 18.79740183542715,
    "cache-misses": 7.9342136953688,
    "branches": 0.008436118540015932,
    "branch-misses": 0.01950474221177871,
    "cpu-clock": 0.17957360881410275,
    "task-clock": 0.16928517327708048,
    "faults": 0.16783301100493686,
    "minor-faults": 0.20546537755765504,
    "major-faults": 0.7545182378175002,
    "cs": 26.719987386739575,
    "migrations": 191.48542155126765,
    "L1-dcache-loads": 0.03647576365902421,
    "L1-dcache-load-misses": 32.72832374451861,
    "dTLB-loads": 0.6383151794033933,
    "dTLB-load-misses": 3.2604222384314667,
    "weights": 19.856670389451462,
    "energy": 1.49149141558873
}