{
    "original": {
        "median_execution_time": 11.52908473298885,
        "search_type": "local_search"
    },
    "items": [
        {
            "item_name": "weights",
            "median_execution_time": 6.876698892912827,
            "duration": 2254.8193684669677,
            "patch_contents": "ParamSetting(('lpg.params', 'param', 'search_steps'), 809) | ParamSetting(('lpg.params', 'param', 'lowmemory'), 'True') | ParamSetting(('lpg.params', 'param', 'restarts'), 11) | ParamSetting(('lpg.params', 'param', 'static_noise'), 'True') | ParamSetting(('lpg.params', 'param', 'repeats'), 4)\n",
            "number_of_retries": 1,
            "number_of_steps": 306,
            "best_fitness": 18080682053.036,
            "reference_fitness": 30037787315.23,
            "params": false,
            "fitness_values": [
                30037787315.23,
                30037787315.23,
                30037787315.23,
                30037787315.23,
                32153453253.385,
                29763105072.968,
                30037787315.23,
                29763105072.968,
                29691703827.612,
                29763105072.968,
                29691703827.612,
                29558562843.375,
                29883120728.232,
                31315055708.082,
                18623777757.201,
                29558562843.375,
                18623777757.201,
                18945612482.354,
                18623777757.201,
                29558562843.375,
                19545477881.892,
                18657339285.586,
                18525114352.629,
                18987180134.428,
                18742445592.418,
                18525114352.629,
                18861779365.149,
                18525114352.629,
                18861779365.149,
                18861779365.149,
                18987180134.428,
                18861779365.149,
                19194247067.366,
                18525114352.629,
                28990453575.564,
                18987180134.428,
                18525114352.629,
                18525114352.629,
                18525114352.629,
                18525114352.629,
                18525114352.629,
                18904062932.632,
                18911858864.198,
                18525114352.629,
                18525114352.629,
                18525114352.629,
                18525114352.629,
                18525114352.629,
                18987180134.428,
                18525114352.629,
                18525114352.629,
                18968019840.884,
                18525114352.629,
                18525114352.629,
                19668003970.32,
                28990453575.564,
                18525114352.629,
                18987180134.428,
                18525114352.629,
                18531460364.224,
                18458667860.771,
                18458667860.771,
                19038057913.14,
                18525114352.629,
                18796002066.049,
                18458667860.771,
                18458667860.771,
                18458667860.771,
                19691516044.391,
                18458667860.771,
                18458667860.771,
                19691516044.391,
                18525114352.629,
                18541453149.269,
                18458667860.771,
                18525114352.629,
                19691516044.391,
                18842476714.445,
                19038057913.14,
                24392243179.219,
                19038057913.14,
                19021552044.502,
                29213506653.907,
                18458667860.771,
                18458667860.771,
                18678541710.585,
                18525114352.629,
                18485421209.092,
                19691516044.391,
                19038057913.14,
                29213506653.907,
                18529138164.348,
                19038057913.14,
                18458667860.771,
                18274557747.261,
                18499309816.347,
                28954858784.763,
                18274557747.261,
                18087167978.366,
                20029070379.773,
                18529138164.348,
                18952450974.013,
                18087167978.366,
                18952450974.013,
                18087167978.366,
                18952450974.013,
                29740256489.578,
                18087167978.366,
                29740256489.578,
                18087167978.366,
                18952450974.013,
                18525114352.629,
                20029070379.773,
                18525114352.629,
                18386303147.274,
                25137463469.557,
                18753895973.105,
                29740256489.578,
                19021552044.502,
                18525114352.629,
                18952450974.013,
                18087167978.366,
                20029070379.773,
                18087167978.366,
                29740256489.578,
                18565360286.101,
                18952450974.013,
                18952450974.013,
                20029070379.773,
                18087167978.366,
                18580569621.249,
                18525114352.629,
                20029070379.773,
                18087167978.366,
                18952450974.013,
                20029070379.773,
                18087167978.366,
                18525114352.629,
                29740256489.578,
                20029070379.773,
                18087167978.366,
                18525114352.629,
                20029070379.773,
                18087167978.366,
                19198335511.063,
                20029070379.773,
                18525114352.629,
                29740256489.578,
                18087167978.366,
                18541453149.269,
                18952450974.013,
                20029070379.773,
                20029070379.773,
                18952450974.013,
                29740256489.578,
                18087167978.366,
                18952450974.013,
                18952450974.013,
                19034554060.318,
                18632301826.281,
                18087167978.366,
                20029070379.773,
                18458667860.771,
                20029070379.773,
                23295849638.165,
                18952450974.013,
                18087167978.366,
                18725818798.222,
                18087167978.366,
                18525114352.629,
                29740256489.578,
                18080682053.036,
                18080682053.036,
                18849426511.95,
                18508244413.232,
                18689840924.346,
                18396977914.549,
                18080682053.036,
                18087167978.366,
                18689840924.346,
                29521686235.264,
                18689840924.346,
                18080682053.036,
                18676737162.914,
                18934669988.014,
                18624207163.666,
                19314086462.623,
                18809408578.756,
                18689840924.346,
                18087167978.366,
                18105062711.491,
                18883475471.085,
                18080682053.036,
                18087167978.366,
                29521686235.264,
                18624207163.666,
                18080682053.036,
                18080682053.036,
                18689840924.346,
                18087167978.366,
                19314086462.623,
                19034465734.468,
                19314086462.623,
                18080682053.036,
                18630954977.379,
                18624207163.666,
                18624207163.666,
                18080682053.036,
                18087167978.366,
                18080682053.036,
                18080682053.036,
                19314086462.623,
                19314086462.623,
                18087167978.366,
                18738799451.219,
                18689840924.346,
                19128137098.696,
