{
    "time": 1.0,
    "perf_time": 0.9981967182067704,
    "instructions": 1278853278.6825252,
    "cycles": 4164297433.211345,
    "cache-references": 1668228.7282708143,
    "cache-misses": 155774.29094236047,
    "branches": 341211639.0667887,
    "branch-misses": 3040207.4107959745,
    "cpu-clock": 0.9971870677035681,
    "task-clock": 0.9972523851784081,
    "faults": 96.9807868252516,
    "minor-faults": 93.77859103385178,
    "major-faults": 3.2936870997255263,
    "cs": 8.78316559926807,
    "migrations": 0.0,
    "L1-dcache-loads": 208964032.38792315,
    "L1-dcache-load-misses": 465228.54528819764,
    "dTLB-loads": 207871.4547118024,
    "dTLB-load-misses": 1392.0402561756634,
    "weights": 277749.58828911255,
    "energy": 2433254.6203110707
}