{
    "time": 1.0,
    "perf_time": 0.9991305368525898,
    "instructions": 1281803607.0717132,
    "cycles": 4171247882.171315,
    "cache-references": 1671065.2390438248,
    "cache-misses": 146808.86454183268,
    "branches": 342033283.1673307,
    "branch-misses": 3045983.4661354586,
    "cpu-clock": 0.9990709073705181,
    "task-clock": 0.9990884442231077,
    "faults": 105.6772908366534,
    "minor-faults": 101.69322709163347,
    "major-faults": 3.884462151394423,
    "cs": 9.063745019920319,
    "migrations": 0.0,
    "L1-dcache-loads": 209409673.8047809,
    "L1-dcache-load-misses": 458642.72908366536,
    "dTLB-loads": 208948.60557768925,
    "dTLB-load-misses": 1263.3466135458168,
    "weights": 338209.6613545817,
    "energy": 2449466.7330677295
}