{
"time": [10.04,10.04,10.04,10.04,10.04,10.04,10.04,10.04,10.04,10.04,10.04,10.03,10.04,10.04,10.04,10.04,10.04,10.04,10.04,10.04,10.04],
"perf_time": [10.03310162,10.03127059,10.03128233,10.03125963,10.03149667,10.03211714,10.03075523,10.02392986,10.03154458,10.03050381,10.03083660,10.03017360,10.03130125,10.03031607,10.03103977,10.03114872,10.03197459,10.03070607,10.03145330,10.03146070,10.03164292],
"instructions": [12878622941.00000000,12888475175.00000000,12832377816.00000000,12895184662.00000000,12885105173.00000000,12875912527.00000000,12848122433.00000000,12869308215.00000000,12846351917.00000000,12888154647.00000000,12865236725.00000000,12863766437.00000000,12857904589.00000000,12862845384.00000000,12848881523.00000000,12893126956.00000000,12885906502.00000000,12874449321.00000000,12857572811.00000000,12885550972.00000000,12851908346.00000000],
"cycles": [41884612259.00000000,41892078325.00000000,41886515256.00000000,41882178272.00000000,41747653997.00000000,41813352408.00000000,41881564188.00000000,41735322395.00000000,41818473177.00000000,41742857016.00000000,41891008382.00000000,41889051418.00000000,41879328737.00000000,41749580041.00000000,41748486161.00000000,41880587588.00000000,41893472073.00000000,41737647627.00000000,41878513604.00000000,41879216754.00000000,41887093769.00000000],
"cache-references": [16717552.00000000,16750816.00000000,21933489.00000000,16846810.00000000,16777495.00000000,26707717.00000000,17385424.00000000,16473980.00000000,16543381.00000000,16849985.00000000,16689790.00000000,16307835.00000000,17441436.00000000,21431151.00000000,16541189.00000000,17609930.00000000,21715739.00000000,17395642.00000000,16492672.00000000,16712977.00000000,16679291.00000000],
"cache-misses": [1739657.00000000,1401974.00000000,1723130.00000000,1416211.00000000,1344697.00000000,1387737.00000000,1471901.00000000,1553473.00000000,1568151.00000000,1618659.00000000,1350458.00000000,1375668.00000000,1505571.00000000,1480683.00000000,1540776.00000000,1401403.00000000,1473961.00000000,1420955.00000000,1325789.00000000,1495036.00000000,1644409.00000000],
"branches": [3438853678.00000000,3429534491.00000000,3434014163.00000000,3432547027.00000000,3434068888.00000000,3434178749.00000000,3430103826.00000000,3434022811.00000000,3440019051.00000000,3426676419.00000000,3440518319.00000000,3427509605.00000000,3434990834.00000000,3433918737.00000000,3434380800.00000000,3430358239.00000000,3432349916.00000000,3427665948.00000000,3437190901.00000000,3434890119.00000000,3430278631.00000000],
"branch-misses": [30602637.00000000,30552886.00000000,30570274.00000000,30581674.00000000,30582503.00000000,30592950.00000000,30526542.00000000,30630824.00000000,30627589.00000000,30622794.00000000,30546951.00000000,30576530.00000000,30550728.00000000,30584765.00000000,30589220.00000000,30609257.00000000,30554578.00000000,30559658.00000000,30553775.00000000,30611862.00000000,30573118.00000000],
"cpu-clock": [10.03050576,10.03037537,10.03067191,10.03021648,10.03029170,10.03088898,10.03089750,10.03092844,10.03049305,10.03316727,10.03159172,10.03155960,10.03131096,10.03058231,10.03101099,10.03022814,10.03022884,10.03009146,10.03119223,10.03099297,10.03046288],
"task-clock": [10.02967675,10.03106435,10.03084798,10.03194847,10.03057958,10.03021494,10.03051505,10.03028283,10.02991833,10.03099507,10.03174216,10.03054829,10.03129322,10.03172512,10.03103292,10.03193080,10.03097866,10.03092369,10.03075349,10.02981405,10.03075433],
"faults": [1061.00000000,1059.00000000,1058.00000000,1065.00000000,1058.00000000,1062.00000000,1058.00000000,1064.00000000,1063.00000000,1065.00000000,1061.00000000,1060.00000000,1059.00000000,1059.00000000,1060.00000000,1062.00000000,1061.00000000,1066.00000000,1062.00000000,1063.00000000,1060.00000000],
"minor-faults": [1022.00000000,1024.00000000,1019.00000000,1021.00000000,1023.00000000,1019.00000000,1021.00000000,1021.00000000,1020.00000000,1021.00000000,1022.00000000,1023.00000000,1020.00000000,1020.00000000,1024.00000000,1021.00000000,1024.00000000,1022.00000000,1023.00000000,1021.00000000,1019.00000000],
"major-faults": [39.00000000,39.00000000,39.00000000,39.00000000,39.00000000,39.00000000,39.00000000,38.00000000,39.00000000,39.00000000,39.00000000,39.00000000,39.00000000,39.00000000,39.00000000,39.00000000,39.00000000,39.00000000,39.00000000,39.00000000,39.00000000],
"cs": [97.00000000,379.00000000,160.00000000,81.00000000,81.00000000,74.00000000,94.00000000,91.00000000,155.00000000,85.00000000,91.00000000,99.00000000,96.00000000,161.00000000,76.00000000,88.00000000,71.00000000,89.00000000,85.00000000,100.00000000,106.00000000],
"migrations": [1.00000000,0.00000000,0.00000000,0.00000000,0.00000000,0.00000000,0.00000000,0.00000000,1.00000000,0.00000000,0.00000000,0.00000000,0.00000000,0.00000000,0.00000000,0.00000000,0.00000000,0.00000000,0.00000000,0.00000000,2.00000000],
"L1-dcache-loads": [2102921536.00000000,2098058618.00000000,2103297738.00000000,2100865386.00000000,2101012458.00000000,2103804486.00000000,2101203565.00000000,2098888148.00000000,2102651284.00000000,2102073453.00000000,2102952715.00000000,2100747841.00000000,2104077632.00000000,2103017276.00000000,2104794442.00000000,2103742700.00000000,2096291778.00000000,2103778214.00000000,2099884129.00000000,2102473125.00000000,2102308500.00000000],
"L1-dcache-load-misses": [4600868.00000000,4533122.00000000,4521014.00000000,6799977.00000000,4524310.00000000,4693952.00000000,4541679.00000000,4603890.00000000,4584314.00000000,6394938.00000000,4721846.00000000,4579728.00000000,4604773.00000000,4578456.00000000,7262540.00000000,19710791.00000000,4574589.00000000,7060064.00000000,4606157.00000000,5080723.00000000,4729095.00000000],
"dTLB-loads": [2167758.00000000,2102352.00000000,2090827.00000000,2101254.00000000,2088577.00000000,2118591.00000000,2101492.00000000,2085426.00000000,2082024.00000000,2090837.00000000,2185303.00000000,2126657.00000000,2084483.00000000,2083338.00000000,2080481.00000000,2082222.00000000,2121428.00000000,2097844.00000000,2165389.00000000,2102214.00000000,2097633.00000000],
"dTLB-load-misses": [13059.00000000,12713.00000000,13248.00000000,12684.00000000,12523.00000000,15260.00000000,12243.00000000,11972.00000000,12958.00000000,12025.00000000,12561.00000000,12047.00000000,13166.00000000,12805.00000000,13072.00000000,11975.00000000,12167.00000000,12578.00000000,13058.00000000,12401.00000000,12964.00000000],
"weights": [4646290.00000000,3253846.00000000,3477678.00000000,3956032.00000000,3887725.00000000,4852129.00000000,2822026.00000000,3861612.00000000,2799559.00000000,3395625.00000000,2873689.00000000,4580874.00000000,3742221.00000000,3510951.00000000,2893275.00000000,3244130.00000000,2809865.00000000,2765777.00000000,4397119.00000000,3042760.00000000,2984137.00000000],
"energy": [25815621.00000000,25455409.00000000,25167675.00000000,24922738.00000000,24640877.00000000,24705632.00000000,24682119.00000000,24752718.00000000,24584208.00000000,24614023.00000000,24536390.00000000,24520140.00000000,24719593.00000000,24592646.00000000,24519118.00000000,24473482.00000000,24501205.00000000,24443927.00000000,24483384.00000000,24300715.00000000,24271480.00000000]
}
