{
"time": 10.93,
"perf_time": 10.91029013,
"instructions": 13977866336.00000000,
"cycles": 45515770945.00000000,
"cache-references": 18233740.00000000,
"cache-misses": 1702613.00000000,
"branches": 3729443215.00000000,
"branch-misses": 33229467.00000000,
"cpu-clock": 10.89925465,
"task-clock": 10.89996857,
"faults": 1060.00000000,
"minor-faults": 1025.00000000,
"major-faults": 36.00000000,
"cs": 96.00000000,
"migrations": 0.00000000,
"L1-dcache-loads": 2283976874.00000000,
"L1-dcache-load-misses": 5084948.00000000,
"dTLB-loads": 2272035.00000000,
"dTLB-load-misses": 15215.00000000,
"weights": 3035803.00000000,
"energy": 26595473.00000000
}
