{
"time": [10.93,10.92,10.90,10.95,10.96,10.94,10.90,10.93,10.93,10.90,10.93,10.91,10.95,10.94,10.90,10.94,10.91,10.96,10.95,10.92,10.93],
"perf_time": [10.95655935,10.90571588,10.91029013,10.93614984,10.90317666,10.91930846,10.91644050,10.94483195,10.90314195,10.91003256,10.90550999,10.92097627,10.92200643,10.90299682,10.90340504,10.92543954,10.92224228,10.90953829,10.89732249,10.90682147,10.91034049],
"instructions": [13992305585.00000000,13976360777.00000000,13981097926.00000000,13977866336.00000000,13976997309.00000000,13977281089.00000000,13976910338.00000000,13977749828.00000000,13981678809.00000000,13984235467.00000000,13977791736.00000000,13977529631.00000000,13978558278.00000000,13979471120.00000000,13978058395.00000000,13977446268.00000000,13976226060.00000000,13981276482.00000000,13980531245.00000000,13983178696.00000000,13976975040.00000000],
"cycles": [45565199213.00000000,45522890103.00000000,45505067518.00000000,45568708268.00000000,45462843143.00000000,45517590903.00000000,45462484572.00000000,45470014792.00000000,45598018691.00000000,45529520547.00000000,45536438993.00000000,45466960342.00000000,45456771788.00000000,45515770945.00000000,45536413123.00000000,45604557630.00000000,45434444307.00000000,45538193077.00000000,45497945840.00000000,45424664933.00000000,45465549585.00000000],
"cache-references": [18382657.00000000,20063892.00000000,18152922.00000000,18288102.00000000,18233740.00000000,18509157.00000000,19794744.00000000,18212513.00000000,18657796.00000000,19462374.00000000,18041804.00000000,17945604.00000000,18553836.00000000,18054992.00000000,18041239.00000000,18275675.00000000,18423388.00000000,18099225.00000000,18202705.00000000,18178239.00000000,18085541.00000000],
"cache-misses": [1593579.00000000,1631417.00000000,1848463.00000000,1370260.00000000,1704311.00000000,1737223.00000000,1725201.00000000,1537886.00000000,1755557.00000000,1567311.00000000,1708597.00000000,1593179.00000000,1702613.00000000,1854464.00000000,1767313.00000000,1934149.00000000,1648758.00000000,1767495.00000000,1416158.00000000,1524959.00000000,1455848.00000000],
"branches": [3732216315.00000000,3729205873.00000000,3729588592.00000000,3729081566.00000000,3729158805.00000000,3729326230.00000000,3730638952.00000000,3729443215.00000000,3729267977.00000000,3729321573.00000000,3729789662.00000000,3729181687.00000000,3729496071.00000000,3729281657.00000000,3729213084.00000000,3730490118.00000000,3729463476.00000000,3729705146.00000000,3729352046.00000000,3729599877.00000000,3729459850.00000000],
"branch-misses": [33323004.00000000,33230015.00000000,33308294.00000000,33229467.00000000,33228030.00000000,33226784.00000000,33242850.00000000,33252838.00000000,33227730.00000000,33241900.00000000,33228576.00000000,33260013.00000000,33228303.00000000,33255156.00000000,33228051.00000000,33221446.00000000,33247821.00000000,33230390.00000000,33224944.00000000,33225984.00000000,33227493.00000000],
"cpu-clock": [10.91798874,10.89353828,10.91349026,10.91075486,10.91040726,10.88891011,10.90082985,10.89677019,10.89301426,10.89258809,10.89099774,10.90678375,10.93851816,10.88914212,10.89716011,10.86754497,10.89795924,10.89925465,10.90668493,10.91558836,10.92357499],
"task-clock": [10.90472204,10.87842323,10.89901077,10.89539187,10.89060188,10.90336949,10.89996857,10.90181999,10.90362539,10.88410133,10.91760664,10.90676182,10.88949217,10.89172772,10.92315804,10.89938267,10.90914425,10.90405526,10.89579877,10.90550063,10.89182801],
"faults": [1060.00000000,1060.00000000,1062.00000000,1059.00000000,1058.00000000,1061.00000000,1058.00000000,1060.00000000,1063.00000000,1061.00000000,1060.00000000,1060.00000000,1060.00000000,1063.00000000,1059.00000000,1061.00000000,1063.00000000,1063.00000000,1059.00000000,1060.00000000,1059.00000000],
"minor-faults": [1023.00000000,1030.00000000,1022.00000000,1027.00000000,1021.00000000,1025.00000000,1025.00000000,1021.00000000,1026.00000000,1026.00000000,1023.00000000,1023.00000000,1026.00000000,1027.00000000,1026.00000000,1021.00000000,1030.00000000,1022.00000000,1024.00000000,1026.00000000,1028.00000000],
"major-faults": [36.00000000,36.00000000,36.00000000,36.00000000,36.00000000,36.00000000,36.00000000,36.00000000,36.00000000,35.00000000,36.00000000,36.00000000,36.00000000,36.00000000,36.00000000,36.00000000,36.00000000,36.00000000,36.00000000,36.00000000,36.00000000],
"cs": [93.00000000,80.00000000,85.00000000,88.00000000,91.00000000,96.00000000,91.00000000,606.00000000,73.00000000,98.00000000,89.00000000,98.00000000,576.00000000,140.00000000,144.00000000,88.00000000,141.00000000,96.00000000,114.00000000,81.00000000,146.00000000],
"migrations": [0.00000000,0.00000000,0.00000000,0.00000000,0.00000000,0.00000000,0.00000000,0.00000000,0.00000000,0.00000000,0.00000000,1.00000000,1.00000000,0.00000000,0.00000000,0.00000000,0.00000000,0.00000000,1.00000000,2.00000000,0.00000000],
"L1-dcache-loads": [2284789510.00000000,2281911138.00000000,2286812258.00000000,2284179841.00000000,2282085301.00000000,2284583660.00000000,2283506609.00000000,2284439925.00000000,2283116447.00000000,2283484947.00000000,2284826558.00000000,2282643583.00000000,2283594915.00000000,2284200046.00000000,2283638976.00000000,2283041321.00000000,2284244728.00000000,2284560788.00000000,2285399816.00000000,2283976874.00000000,2283676623.00000000],
"L1-dcache-load-misses": [5234150.00000000,5065077.00000000,5083143.00000000,5131328.00000000,5084948.00000000,5768021.00000000,5101827.00000000,5080747.00000000,5099182.00000000,5023410.00000000,5053136.00000000,5069376.00000000,5031868.00000000,6405965.00000000,5331863.00000000,5111967.00000000,5025256.00000000,5105183.00000000,16084037.00000000,5050428.00000000,5012623.00000000],
"dTLB-loads": [2267626.00000000,2349259.00000000,2338543.00000000,2258988.00000000,2267951.00000000,2257791.00000000,2356274.00000000,2273183.00000000,2272035.00000000,2278464.00000000,2258724.00000000,2278268.00000000,2265170.00000000,2270070.00000000,2272535.00000000,2324874.00000000,2350157.00000000,2268341.00000000,2278425.00000000,2270095.00000000,2265350.00000000],
"dTLB-load-misses": [19653.00000000,14557.00000000,14632.00000000,15741.00000000,14595.00000000,15239.00000000,16392.00000000,14890.00000000,14888.00000000,15397.00000000,15096.00000000,15025.00000000,14867.00000000,15215.00000000,15425.00000000,15567.00000000,15166.00000000,14619.00000000,15330.00000000,15287.00000000,15240.00000000],
"weights": [2857033.00000000,3331706.00000000,3035803.00000000,3023888.00000000,3964384.00000000,2773108.00000000,2823405.00000000,3140974.00000000,2763123.00000000,3750592.00000000,3475818.00000000,2981762.00000000,4452438.00000000,3317558.00000000,2754642.00000000,2484906.00000000,3166445.00000000,3410346.00000000,3211214.00000000,2927076.00000000,2951760.00000000],
"energy": [27619986.00000000,27267999.00000000,26842926.00000000,26824449.00000000,26621106.00000000,26637112.00000000,26791506.00000000,26616162.00000000,26595473.00000000,26500949.00000000,26710838.00000000,26619091.00000000,26544159.00000000,26525437.00000000,26260620.00000000,26415794.00000000,26227358.00000000,26247575.00000000,26194476.00000000,26276763.00000000,26041134.00000000]
}
