{
"time": 10.04,
"perf_time": 10.03127059,
"instructions": 12869308215.00000000,
"cycles": 41879328737.00000000,
"cache-references": 16777495.00000000,
"cache-misses": 1473961.00000000,
"branches": 3434014163.00000000,
"branch-misses": 30581674.00000000,
"cpu-clock": 10.03067191,
"task-clock": 10.03084798,
"faults": 1061.00000000,
"minor-faults": 1021.00000000,
"major-faults": 39.00000000,
"cs": 91.00000000,
"migrations": 0.00000000,
"L1-dcache-loads": 2102473125.00000000,
"L1-dcache-load-misses": 4604773.00000000,
"dTLB-loads": 2097844.00000000,
"dTLB-load-misses": 12684.00000000,
"weights": 3395625.00000000,
"energy": 24592646.00000000
}
