{
    "time": 0.17699430075459482,
    "perf_time": 0.13455152970113898,
    "instructions": 0.025933908372006726,
    "cycles": 0.10920941105344432,
    "cache-references": 3.100998658216521,
    "cache-misses": 8.660828258007635,
    "branches": 0.01867215218789307,
    "branch-misses": 0.07880720279429164,
    "cpu-clock": 0.1345814343972813,
    "task-clock": 0.09313224839113331,
    "faults": 0.14716394636646407,
    "minor-faults": 0.26127527031892106,
    "major-faults": 0.5923358880794146,
    "cs": 98.00865494714431,
    "migrations": 220.90722034374525,
    "L1-dcache-loads": 0.04734445144301633,
    "L1-dcache-load-misses": 40.974820753915104,
    "dTLB-loads": 1.4359056677606237,
    "dTLB-load-misses": 6.801499214726,
    "weights": 14.066401705423173,
    "energy": 1.3377636610062407
}