{
    "time": 0.021212047407861714,
    "perf_time": 0.016815183177767663,
    "instructions": 0.13481916013874012,
    "cycles": 0.15090948136594268,
    "cache-references": 14.459876615947397,
    "cache-misses": 7.865260886087852,
    "branches": 0.1110550555393224,
    "branch-misses": 0.09240650457374701,
    "cpu-clock": 0.00673815389967361,
    "task-clock": 0.006375418421475463,
    "faults": 0.2231863971182965,
    "minor-faults": 0.15574166049874189,
    "major-faults": 0.5467158869192641,
    "cs": 57.88230257267482,
    "migrations": 262.2022120425379,
    "L1-dcache-loads": 0.10016238322020994,
    "L1-dcache-load-misses": 56.12914557040557,
    "dTLB-loads": 1.4111297459665721,
    "dTLB-load-misses": 5.46383900217746,
    "weights": 18.62658903824867,
    "energy": 1.468030076468161
}