{
"time": 0.00000000,
"perf_time": 0.00155192,
"instructions": 1060342.00000000,
"cycles": 970300.00000000,
"cache-references": 99966.00000000,
"cache-misses": 25067.00000000,
"branches": 208551.00000000,
"branch-misses": 6428.00000000,
"cpu-clock": 0.00167897,
"task-clock": 0.00147056,
"faults": 55.00000000,
"minor-faults": 54.00000000,
"major-faults": 0.00000000,
"cs": 0.00000000,
"migrations": 0.00000000,
"L1-dcache-loads": 455362.00000000,
"L1-dcache-load-misses": 18795.00000000,
"dTLB-loads": 1926.00000000,
"dTLB-load-misses": 412.00000000,
"weights": 247072.00000000,
"energy": 1266.00000000
}
