{
"time": 0.00000000,
"perf_time": 679271.00000000,
"instructions": 942.00000000,
"cycles": 1.00000000,
"cache-references": 20.00000000,
"cache-misses": 2.00000000,
"branches": 205.00000000,
"branch-misses": 7.00000000,
"cpu-clock": 703929.00000000,
"task-clock": 703468.00000000,
"faults": 65.00000000,
"minor-faults": 66.00000000,
"major-faults": 0.00000000,
"cs": 0.00000000,
"migrations": 0.00000000,
"L1-dcache-loads": 257.00000000,
"L1-dcache-load-misses": 17.00000000,
"dTLB-loads": 257.00000000,
"dTLB-load-misses": 3.00000000,
"weights": 2070821.97612500,
"energy": 68509.00000000
}
