{
    "time": 1.0,
    "perf_time": 1.0002011231060606,
    "instructions": 1282919689.5833333,
    "cycles": 4171254450.0631313,
    "cache-references": 1588949.4318181819,
    "cache-misses": 125561.61616161617,
    "branches": 342277740.7828283,
    "branch-misses": 3044495.3282828284,
    "cpu-clock": 0.9991220669191919,
    "task-clock": 0.999147860479798,
    "faults": 67.04545454545455,
    "minor-faults": 64.77272727272727,
    "major-faults": 2.20959595959596,
    "cs": 8.017676767676768,
    "migrations": 0.0,
    "L1-dcache-loads": 209147637.37373737,
    "L1-dcache-load-misses": 432329.797979798,
    "dTLB-loads": 204892.7398989899,
    "dTLB-load-misses": 831.439393939394,
    "weights": 213081.8813131313,
    "energy": 2431769.76010101
}