{
"time": [15.84,15.87,15.82,15.82,15.84,15.84,15.84,15.86,15.86,15.84,15.83,15.87,15.84,15.83,15.85,15.83,15.89,15.83,15.87,15.84,15.86],
"perf_time": [15.85649517,15.85600907,15.91326258,15.83771834,15.84619386,15.83613539,15.86404536,15.84318579,15.85444547,15.83058713,15.84698167,15.83536993,15.83287694,15.85811290,15.83946640,15.83521474,15.83867565,15.84168044,15.85158889,15.83414282,15.85523809],
"instructions": [20323897214.00000000,20331943020.00000000,20320199275.00000000,20321447883.00000000,20321029148.00000000,20319920412.00000000,20319850997.00000000,20329600256.00000000,20331010824.00000000,20320432568.00000000,20320253118.00000000,20330616845.00000000,20319703911.00000000,20321025780.00000000,20321757485.00000000,20321719244.00000000,20321459487.00000000,20321606655.00000000,20321731554.00000000,20321268025.00000000,20320740008.00000000],
"cycles": [66068471746.00000000,66163769697.00000000,66152226309.00000000,66020252050.00000000,66068356285.00000000,66112362709.00000000,66017698132.00000000,66085337615.00000000,66068920886.00000000,66071090118.00000000,66106752967.00000000,66072670489.00000000,66059034762.00000000,66090993864.00000000,66044139767.00000000,66076151787.00000000,66140458337.00000000,66264321806.00000000,66005380443.00000000,66112144780.00000000,66067454729.00000000],
"cache-references": [25139662.00000000,24944050.00000000,25298015.00000000,25680357.00000000,29046091.00000000,24991388.00000000,25059089.00000000,25515282.00000000,25563090.00000000,27890179.00000000,27303964.00000000,24747762.00000000,25483356.00000000,26975035.00000000,24849776.00000000,24739770.00000000,24794929.00000000,25168959.00000000,24804326.00000000,25169808.00000000,25160023.00000000],
"cache-misses": [1811871.00000000,2138211.00000000,1790158.00000000,1702701.00000000,1817900.00000000,2051434.00000000,1988896.00000000,2012969.00000000,1817206.00000000,1949740.00000000,1905278.00000000,2079956.00000000,2327913.00000000,1908007.00000000,1870315.00000000,1997745.00000000,2289437.00000000,2241370.00000000,1707376.00000000,2267199.00000000,2005660.00000000],
"branches": [5421752820.00000000,5421453135.00000000,5421420235.00000000,5421460311.00000000,5423210349.00000000,5421369123.00000000,5421790353.00000000,5423692999.00000000,5421666857.00000000,5421404204.00000000,5421809388.00000000,5421523116.00000000,5423503002.00000000,5421679414.00000000,5421960017.00000000,5421673159.00000000,5421436480.00000000,5421732617.00000000,5421810564.00000000,5421936283.00000000,5421593773.00000000],
"branch-misses": [48224404.00000000,48241169.00000000,48221409.00000000,48230680.00000000,48261987.00000000,48224806.00000000,48218966.00000000,48236440.00000000,48252604.00000000,48221899.00000000,48217794.00000000,48220202.00000000,48224602.00000000,48238062.00000000,48217553.00000000,48220435.00000000,48229623.00000000,48237418.00000000,48231581.00000000,48222137.00000000,48253267.00000000],
"cpu-clock": [15.82048396,15.82373116,15.83247102,15.82767789,15.82152906,15.82454704,15.84206498,15.82250544,15.84258076,15.82428793,15.84801979,15.80948542,15.82762194,15.84411203,15.83607567,15.82609354,15.86025109,15.84033739,15.82176380,15.81007872,15.80497263],
"task-clock": [15.84847013,15.83351585,15.81929337,15.83270967,15.83722009,15.82650211,15.82695468,15.84859528,15.83434948,15.80474292,15.80931508,15.84458527,15.79418809,15.81524677,15.82607629,15.81649323,15.80635115,15.82302904,15.81198364,15.84217694,15.83132793],
"faults": [1060.00000000,1063.00000000,1062.00000000,1062.00000000,1060.00000000,1060.00000000,1063.00000000,1064.00000000,1062.00000000,1059.00000000,1059.00000000,1062.00000000,1061.00000000,1062.00000000,1061.00000000,1060.00000000,1062.00000000,1058.00000000,1062.00000000,1064.00000000,1060.00000000],
"minor-faults": [1028.00000000,1031.00000000,1026.00000000,1028.00000000,1024.00000000,1028.00000000,1023.00000000,1024.00000000,1026.00000000,1027.00000000,1030.00000000,1023.00000000,1027.00000000,1026.00000000,1024.00000000,1028.00000000,1024.00000000,1024.00000000,1026.00000000,1027.00000000,1026.00000000],
"major-faults": [35.00000000,34.00000000,35.00000000,35.00000000,35.00000000,35.00000000,35.00000000,35.00000000,35.00000000,35.00000000,35.00000000,35.00000000,35.00000000,35.00000000,32.00000000,35.00000000,35.00000000,35.00000000,35.00000000,34.00000000,35.00000000],
"cs": [855.00000000,108.00000000,113.00000000,170.00000000,191.00000000,139.00000000,120.00000000,127.00000000,114.00000000,181.00000000,119.00000000,435.00000000,127.00000000,140.00000000,165.00000000,164.00000000,110.00000000,112.00000000,127.00000000,118.00000000,112.00000000],
"migrations": [0.00000000,1.00000000,0.00000000,0.00000000,0.00000000,0.00000000,0.00000000,0.00000000,0.00000000,0.00000000,2.00000000,0.00000000,0.00000000,0.00000000,0.00000000,0.00000000,0.00000000,0.00000000,0.00000000,0.00000000,0.00000000],
"L1-dcache-loads": [3312786916.00000000,3312886648.00000000,3308963283.00000000,3312898576.00000000,3312342414.00000000,3312444440.00000000,3314226091.00000000,3313896158.00000000,3315295439.00000000,3315056624.00000000,3313207863.00000000,3314700190.00000000,3312301432.00000000,3309829693.00000000,3310619884.00000000,3313620771.00000000,3313862704.00000000,3309639695.00000000,3312495496.00000000,3313386882.00000000,3313028059.00000000],
"L1-dcache-load-misses": [6719946.00000000,6635048.00000000,6908212.00000000,6801809.00000000,6857371.00000000,6881903.00000000,6829622.00000000,6859696.00000000,6906441.00000000,6592339.00000000,6842631.00000000,6934974.00000000,6783460.00000000,6794299.00000000,6771757.00000000,6881021.00000000,7248431.00000000,6592074.00000000,14860745.00000000,6849436.00000000,6848104.00000000],
"dTLB-loads": [3350625.00000000,3369245.00000000,3346055.00000000,3241220.00000000,3223395.00000000,3334939.00000000,3350387.00000000,3229948.00000000,3232370.00000000,3236382.00000000,3334542.00000000,3245501.00000000,3244056.00000000,3227488.00000000,3350427.00000000,3219810.00000000,3357524.00000000,3212571.00000000,3343069.00000000,3347961.00000000,3221024.00000000],
"dTLB-load-misses": [12900.00000000,12646.00000000,12608.00000000,13033.00000000,13641.00000000,13176.00000000,13140.00000000,12918.00000000,12716.00000000,13175.00000000,14275.00000000,13223.00000000,14774.00000000,12761.00000000,14492.00000000,13170.00000000,14999.00000000,15220.00000000,14029.00000000,13048.00000000,12714.00000000],
"weights": [5226777.00000000,2991665.00000000,3289103.00000000,3557998.00000000,4277070.00000000,3568557.00000000,3141911.00000000,2931870.00000000,3007037.00000000,3276983.00000000,3375217.00000000,3891515.00000000,3239872.00000000,4120974.00000000,3618348.00000000,3081328.00000000,3403323.00000000,3500132.00000000,3973551.00000000,3228937.00000000,3145090.00000000],
"energy": [39768726.00000000,39076593.00000000,38920595.00000000,38898715.00000000,38711942.00000000,38625932.00000000,38756174.00000000,38763468.00000000,38521613.00000000,38672912.00000000,38519233.00000000,38196664.00000000,38098082.00000000,38171061.00000000,38383452.00000000,37866603.00000000,38330293.00000000,37971883.00000000,37900689.00000000,37981404.00000000,38187113.00000000]
}
