{
"time": 10.04,
"perf_time": 10.03099521,
"instructions": 12880494630.00000000,
"cycles": 41874893617.00000000,
"cache-references": 16702998.00000000,
"cache-misses": 1524302.00000000,
"branches": 3432102898.00000000,
"branch-misses": 30558533.00000000,
"cpu-clock": 10.03078827,
"task-clock": 10.03085273,
"faults": 1061.00000000,
"minor-faults": 1023.00000000,
"major-faults": 39.00000000,
