{
"time": 15.84,
"perf_time": 15.84318579,
"instructions": 20321447883.00000000,
"cycles": 66072670489.00000000,
"cache-references": 25168959.00000000,
"cache-misses": 1988896.00000000,
"branches": 5421679414.00000000,
"branch-misses": 48224806.00000000,
"cpu-clock": 15.82609354,
"task-clock": 15.82650211,
"faults": 1062.00000000,
"minor-faults": 1026.00000000,
"major-faults": 35.00000000,
"cs": 127.00000000,
"migrations": 0.00000000,
"L1-dcache-loads": 3312898576.00000000,
"L1-dcache-load-misses": 6848104.00000000,
"dTLB-loads": 3245501.00000000,
"dTLB-load-misses": 13170.00000000,
"weights": 3375217.00000000,
"energy": 38519233.00000000
}
