{
"time": [10.04,10.04,10.04,10.04,10.04,10.04,10.04,10.04,10.04,10.04,10.03,10.04,10.04,10.04,10.04,10.04,10.03,10.04,10.04,10.04,10.04],
"perf_time": [10.03183163,10.03058573,10.03148794,10.03181158,10.03099521,10.03119775,10.03185649,10.03486044,10.03101574,10.02500374,10.03056108,10.03093766,10.03049326,10.02824046,10.03119440,10.03132863,10.03084889,10.03079414,10.03038333,10.03076711,10.03371134],
"instructions": [12888216039.00000000,12879047866.00000000,12887092512.00000000,12873097560.00000000,12878282779.00000000,12876025682.00000000,12889321552.00000000,12857423542.00000000,12875864488.00000000,12882258486.00000000,12890596257.00000000,12888379704.00000000,12892853097.00000000,12869397136.00000000,12880494630.00000000,12890778527.00000000,12877322596.00000000,12876814215.00000000,12882656973.00000000,12867408555.00000000,12895857025.00000000],
"cycles": [41879685472.00000000,41893064867.00000000,41889824754.00000000,41883829052.00000000,41878941373.00000000,41881498861.00000000,41881693494.00000000,41883184924.00000000,41743803585.00000000,41823731073.00000000,41864892792.00000000,41874893617.00000000,41874483279.00000000,41745621593.00000000,41870763982.00000000,41872037513.00000000,41797425824.00000000,41748382966.00000000,41745173459.00000000,41876666337.00000000,41886426561.00000000],
"cache-references": [16800980.00000000,16782568.00000000,16702998.00000000,16731876.00000000,16619952.00000000,16599442.00000000,19105743.00000000,16651295.00000000,16607158.00000000,16840342.00000000,16817890.00000000,16610188.00000000,16639104.00000000,17386620.00000000,17860377.00000000,16645119.00000000,16700234.00000000,23436653.00000000,16895769.00000000,16636895.00000000,16556798.00000000],
"cache-misses": [1509505.00000000,1610108.00000000,1551580.00000000,1446898.00000000,1441964.00000000,1593011.00000000,1581418.00000000,1394895.00000000,1448388.00000000,1472003.00000000,1550666.00000000,1584684.00000000,1473827.00000000,1524302.00000000,1564454.00000000,1703861.00000000,1541507.00000000,1317504.00000000,1441910.00000000,1565449.00000000,1385589.00000000],
"branches": [3430274784.00000000,3434938649.00000000,3431058844.00000000,3434708595.00000000,3429363556.00000000,3429657505.00000000,3423504163.00000000,3430033441.00000000,3434057332.00000000,3435842028.00000000,3434119098.00000000,3434041729.00000000,3432102898.00000000,3431750429.00000000,3423180710.00000000,3434440659.00000000,3434156306.00000000,3436938421.00000000,3426190422.00000000,3425793745.00000000,3434757032.00000000],
"branch-misses": [30537166.00000000,30557316.00000000,30599774.00000000,30558533.00000000,30584768.00000000,30560262.00000000,30537308.00000000,30560491.00000000,30554769.00000000,30510086.00000000,30549109.00000000,30596561.00000000,30575271.00000000,30560765.00000000,30615343.00000000,30532409.00000000,30552276.00000000,30514125.00000000,30579537.00000000,30595108.00000000,30551011.00000000],
"cpu-clock": [10.02932028,10.03095435,10.03074106,10.03144673,10.02944515,10.03123057,10.03078827,10.02981259,10.03072828,10.03130272,10.03071522,10.03232331,10.03042740,10.03074518,10.03157063,10.03079414,10.03040407,10.03096643,10.03121514,10.03258012,10.03028478],
"task-clock": [10.03062687,10.03118895,10.03037348,10.03250762,10.03213509,10.03085273,10.03030196,10.03383956,10.03057756,10.03011067,10.03002106,10.02993257,10.03303918,10.03186669,10.03290607,10.03053901,10.03057735,10.03199129,10.02945395,10.03168566,10.03181061],
"faults": [1062.00000000,1060.00000000,1062.00000000,1060.00000000,1064.00000000,1063.00000000,1059.00000000,1064.00000000,1063.00000000,1058.00000000,1064.00000000,1059.00000000,1061.00000000,1062.00000000,1063.00000000,1061.00000000,1061.00000000,1061.00000000,1061.00000000,1060.00000000,1062.00000000],
"minor-faults": [1022.00000000,1021.00000000,1024.00000000,1021.00000000,1023.00000000,1021.00000000,1022.00000000,1024.00000000,1023.00000000,1022.00000000,1023.00000000,1025.00000000,1023.00000000,1023.00000000,1019.00000000,1023.00000000,1023.00000000,1017.00000000,1022.00000000,1023.00000000,1025.00000000],
"major-faults": [39.00000000,39.00000000,39.00000000,39.00000000,39.00000000,39.00000000,39.00000000,39.00000000,39.00000000,39.00000000,39.00000000,39.00000000,39.00000000,39.00000000,39.00000000,39.00000000,39.00000000,39.00000000,39.00000000,39.00000000,39.00000000],
