{
    "time": 0.11435103879821051,
    "perf_time": 0.11000592343848095,
    "instructions": 0.019388153388769706,
    "cycles": 0.08519112443373673,
    "cache-references": 4.438797607878196,
    "cache-misses": 9.207590755734007,
    "branches": 0.012300372362897095,
    "branch-misses": 0.025804554782305297,
    "cpu-clock": 0.08423295728669505,
    "task-clock": 0.09276629039236474,
    "faults": 0.15083672542377824,
    "minor-faults": 0.20969138798505801,
    "major-faults": 1.966123300603743,
    "cs": 90.10674542884067,
    "migrations": 326.5986323710904,
    "L1-dcache-loads": 0.05078056254989382,
    "L1-dcache-load-misses": 23.803399115695147,
    "dTLB-loads": 1.8206073040049446,
    "dTLB-load-misses": 5.985361198919215,
    "weights": 15.046211767258505,
    "energy": 1.1774164513315013
}