number_of_retries,execution_rank_per_item
1.0,2.769230769230769
2.0,3.0714285714285716
3.0,2.642857142857143
4.0,3.7142857142857144
5.0,2.642857142857143
