{
    "original": {
        "median_execution_time": 8.030401781000023
    },
    "items": [
        {
            "item_name": "time",
            "median_execution_time": 2.093866741000056,
            "duration": 98.85576041400009,
            "patch_contents": "ParamSetting(('weka.params', 'param', 'I'), 2) | ParamSetting(('weka.params', 'param', 'P'), 22) | ParamSetting(('weka.params', 'param', 'V'), 0.08242518075792032)\n",
            "number_of_retries": 1,
            "number_of_steps": 21,
            "best_fitness": 1.6453,
            "reference_fitness": 7.6722,
            "params": false,
            "fitness_values": [
                2.1115,
                2.0811,
                2.1115,
                1.8873,
                1.9506,
                1.8512,
                2.095,
                2.1929,
                1.8966,
                1.8128,
                4.0886,
                1.7495,
                2.1115,
                1.6453,
                1.7495,
                1.7458,
                1.758,
                1.6675,
                1.7689,
                1.6574,
                1.6909
            ],
            "new_highs": 6,
            "new_highs_ratio": 0.2857142857142857
        }
    ]
}