{
    "original": {
        "median_execution_time": 4.160536169001716
    },
    "items": [
        {
            "item_name": "perf_time",
            "median_execution_time": 4.350779432003037,
            "duration": 149.43895622200216,
            "patch_contents": "SrcmlStmtDeletion(('sources/core/Solver.cc.xml', 'stmt', 396))\n",
            "number_of_retries": 1,
            "number_of_steps": 28,
            "best_fitness": 4.025845,
            "reference_fitness": 4.068675,
            "params": false,
            "fitness_values": [
                7.243086,
                4.025845,
                4.068675,
                4.177675,
                4.321524,
                4.177062,
                4.078641
            ],
            "new_highs": 1,
            "new_highs_ratio": 0.14285714285714285
        },
        {
            "item_name": "weights",
            "median_execution_time": 4.465613021005993,
            "duration": 158.21313503899728,
            "patch_contents": "SrcmlStmtInsertion(('sources/core/Solver.cc.xml', '_inter_block', 524), ('sources/core/Solver.cc.xml', 'stmt', 110)) | SrcmlStmtDeletion(('sources/core/Solver.cc.xml', 'stmt', 404))\n",
            "number_of_retries": 1,
            "number_of_steps": 27,
            "best_fitness": 10497727780.871,
            "reference_fitness": 10803052516.894,
            "params": false,
            "fitness_values": [
                10597676006.411,
                10803052516.894,
                10654008628.493,
                10497727780.871,
                10809657457.466,
                10520856938.593,
                10597676006.411,
                11674716576.842
            ],
            "new_highs": 1,
            "new_highs_ratio": 0.125
        },
        {
            "item_name": "energy",
            "median_execution_time": 1.2987409939960344,
            "duration": 155.91614744499384,
            "patch_contents": "SrcmlStmtDeletion(('sources/core/Solver.cc.xml', 'stmt', 333)) | SrcmlStmtDeletion(('sources/core/Solver.cc.xml', 'stmt', 158)) | SrcmlStmtDeletion(('sources/core/Solver.cc.xml', 'stmt', 466))\n",
            "number_of_retries": 1,
            "number_of_steps": 28,
            "best_fitness": 7855184.0,
            "reference_fitness": 25070939.0,
            "params": false,
            "fitness_values": [
                24474748.0,
                25070939.0,
                29223266.0,
                20643266.0,
                18693537.0,
                25070939.0,
                18244418.0,
                18693537.0,
                27968097.0,
                18244418.0,
                18244418.0,
                20804634.0,
                7855184.0,
                11859327.0
            ],
            "new_highs": 4,
            "new_highs_ratio": 0.2857142857142857
        }
    ]
}