number_of_retries,execution_rank_per_item
1.0,2.2857142857142856
2.0,3.357142857142857
3.0,3.5
4.0,2.5
5.0,3.357142857142857
