{
"time": [9.94,9.93,9.91,9.93,9.95,9.94,9.92,9.94,9.93,9.90,9.92,9.94,9.92,9.92,9.92,9.94,9.92,9.93,9.92,9.92,9.91],
"perf_time": [9.92035999,9.91565925,9.95041954,9.93264228,9.93485261,9.91156921,9.91597347,9.90797706,9.93444725,9.90967539,9.91716587,9.91619046,9.93379801,9.92972815,9.90693880,9.91046732,9.91440916,9.94403842,9.92119131,9.90954109,9.91528015],
"instructions": [12715994526.00000000,12716036025.00000000,12716765556.00000000,12715307119.00000000,12715731558.00000000,12715909064.00000000,12715856427.00000000,12719217259.00000000,12720376460.00000000,12716506825.00000000,12716242754.00000000,12715998672.00000000,12718902865.00000000,12716219717.00000000,12717215227.00000000,12715733226.00000000,12719082038.00000000,12717015399.00000000,12717241961.00000000,12716105807.00000000,12718802084.00000000],
"cycles": [41240790188.00000000,41510530629.00000000,41397479019.00000000,41370956992.00000000,41320981279.00000000,41323354504.00000000,41271103250.00000000,41283977912.00000000,41405900773.00000000,41406176030.00000000,41341436116.00000000,41324245013.00000000,41294507686.00000000,41339861302.00000000,41325122274.00000000,41264443819.00000000,41363292573.00000000,41245335848.00000000,41300263771.00000000,41356485303.00000000,41304148161.00000000],
"cache-references": [16461721.00000000,16618577.00000000,16252560.00000000,16273394.00000000,16472837.00000000,16421553.00000000,16180414.00000000,16537310.00000000,17137837.00000000,21195371.00000000,16790805.00000000,16503250.00000000,16573818.00000000,17491204.00000000,16404966.00000000,26280232.00000000,17614718.00000000,16299952.00000000,16831492.00000000,16601253.00000000,16800851.00000000],
"cache-misses": [1687238.00000000,1430174.00000000,1682127.00000000,1564206.00000000,1573913.00000000,1641653.00000000,1465134.00000000,1276798.00000000,1518208.00000000,1462149.00000000,1487010.00000000,1582243.00000000,1364165.00000000,1549777.00000000,1590325.00000000,1367257.00000000,1625918.00000000,1521628.00000000,1660771.00000000,1479628.00000000,1449220.00000000],
"branches": [3392325412.00000000,3391670091.00000000,3391334957.00000000,3391986907.00000000,3391318815.00000000,3391393983.00000000,3391484083.00000000,3391445193.00000000,3391432260.00000000,3391998417.00000000,3391428570.00000000,3391535216.00000000,3391906709.00000000,3391722206.00000000,3391254583.00000000,3391604557.00000000,3391454152.00000000,3391241645.00000000,3391642266.00000000,3392016614.00000000,3391598972.00000000],
"branch-misses": [30192754.00000000,30208808.00000000,30207601.00000000,30203152.00000000,30226942.00000000,30190689.00000000,30192400.00000000,30193244.00000000,30191945.00000000,30192421.00000000,30194347.00000000,30190176.00000000,30210105.00000000,30195383.00000000,30193047.00000000,30194488.00000000,30193739.00000000,30191561.00000000,30192305.00000000,30202024.00000000,30191811.00000000],
"cpu-clock": [9.89893862,9.91614465,9.93023785,9.91414090,9.90315745,9.91085082,9.90516085,9.91841575,9.90266305,9.89845930,9.91138790,9.91172391,9.90958432,9.91794711,9.90272737,9.91060861,9.89541171,9.91418867,9.90235903,9.90979663,9.89797691],
"task-clock": [9.88976420,9.90817073,9.92476802,9.90627503,9.88749513,9.90191288,9.91602676,9.90578265,9.90010287,9.91887635,9.91180911,9.91686206,9.90496264,9.90279686,9.89700912,9.90659811,9.91331782,9.91979651,9.89585548,9.89491688,9.90084864],
"faults": [1065.00000000,1068.00000000,1058.00000000,1063.00000000,1061.00000000,1059.00000000,1064.00000000,1061.00000000,1063.00000000,1061.00000000,1056.00000000,1063.00000000,1066.00000000,1062.00000000,1064.00000000,1062.00000000,1063.00000000,1058.00000000,1061.00000000,1062.00000000,1064.00000000],
"minor-faults": [1023.00000000,1026.00000000,1021.00000000,1027.00000000,1022.00000000,1022.00000000,1022.00000000,1019.00000000,1021.00000000,1025.00000000,1020.00000000,1022.00000000,1023.00000000,1023.00000000,1025.00000000,1025.00000000,1023.00000000,1026.00000000,1021.00000000,1021.00000000,1025.00000000],
"major-faults": [39.00000000,38.00000000,39.00000000,39.00000000,39.00000000,39.00000000,39.00000000,39.00000000,39.00000000,39.00000000,39.00000000,39.00000000,39.00000000,39.00000000,39.00000000,39.00000000,39.00000000,39.00000000,39.00000000,39.00000000,39.00000000],
"cs": [88.00000000,115.00000000,78.00000000,351.00000000,80.00000000,91.00000000,101.00000000,87.00000000,87.00000000,84.00000000,326.00000000,78.00000000,96.00000000,93.00000000,94.00000000,77.00000000,383.00000000,395.00000000,85.00000000,85.00000000,160.00000000],
"migrations": [0.00000000,0.00000000,0.00000000,0.00000000,0.00000000,0.00000000,0.00000000,0.00000000,0.00000000,0.00000000,0.00000000,1.00000000,0.00000000,0.00000000,0.00000000,0.00000000,0.00000000,1.00000000,0.00000000,0.00000000,0.00000000],
"L1-dcache-loads": [2076876640.00000000,2074186890.00000000,2075865701.00000000,2077269787.00000000,2074305892.00000000,2077456452.00000000,2078273412.00000000,2073798408.00000000,2075318232.00000000,2076240288.00000000,2078439173.00000000,2075324349.00000000,2075035038.00000000,2076393363.00000000,2073690754.00000000,2076901498.00000000,2076639124.00000000,2076420981.00000000,2074989249.00000000,2076867442.00000000,2075719744.00000000],
"L1-dcache-load-misses": [4552784.00000000,4502509.00000000,4658249.00000000,4577173.00000000,4524169.00000000,4524237.00000000,4542228.00000000,4549968.00000000,4512177.00000000,4532412.00000000,4542488.00000000,4551722.00000000,4531775.00000000,4571390.00000000,4473854.00000000,4516284.00000000,4844290.00000000,4547640.00000000,4698270.00000000,4498610.00000000,8977315.00000000],
"dTLB-loads": [2145157.00000000,2142501.00000000,2065893.00000000,2065210.00000000,2080314.00000000,2066236.00000000,2052861.00000000,2074799.00000000,2073115.00000000,2106736.00000000,2144637.00000000,2068569.00000000,2088128.00000000,2070413.00000000,2074650.00000000,2073172.00000000,2063154.00000000,2102635.00000000,2076446.00000000,2076449.00000000,2072904.00000000],
"dTLB-load-misses": [12669.00000000,12163.00000000,12212.00000000,12756.00000000,12330.00000000,12010.00000000,12519.00000000,12638.00000000,12044.00000000,12803.00000000,12659.00000000,12045.00000000,12370.00000000,12274.00000000,12890.00000000,12949.00000000,12094.00000000,12942.00000000,12248.00000000,12251.00000000,12638.00000000],
"weights": [3002084.00000000,4198687.00000000,4702314.00000000,3228541.00000000,2710920.00000000,2853926.00000000,3386247.00000000,4692196.00000000,3739844.00000000,4669024.00000000,5348578.00000000,3970351.00000000,3165031.00000000,2973286.00000000,4746156.00000000,4099557.00000000,4019850.00000000,3912242.00000000,4039176.00000000,4124749.00000000,4214145.00000000],
"energy": [25480005.00000000,25105391.00000000,24920358.00000000,24492356.00000000,24361564.00000000,24261120.00000000,24329858.00000000,24208114.00000000,24381201.00000000,24225279.00000000,24398854.00000000,24314752.00000000,24253965.00000000,24272548.00000000,24265148.00000000,24157243.00000000,24096944.00000000,24051704.00000000,24045403.00000000,24139072.00000000,24086417.00000000]
}
