{
    "original": {
        "median_execution_time": 11.935213853999812,
        "search_type": "local_search"
    },
    "items": [
        {
            "item_name": "perf_time",
            "median_execution_time": 4.967610820000118,
            "duration": 221.75717080599952,
            "patch_contents": "ParamSetting(('zlib.params', 'param', 'strategy'), 2) | ParamSetting(('zlib.params', 'param', 'strategy'), 3)\n",
            "number_of_retries": 1,
            "number_of_steps": 52,
            "best_fitness": 5.088969,
            "reference_fitness": 11.115742,
            "params": false,
            "fitness_values": [
                5.349499,
                11.115742,
                5.412163,
                6.47835,
                11.115742,
                5.349499,
                5.372971,
                5.349499,
                11.115742,
                5.430268,
                16.713683,
                7.65635,
                5.412163,
                5.412163,
                5.412163,
                5.088969,
                5.088969,
                5.088969,
                11.410776,
                5.349499,
                5.404745,
                5.719813,
                5.406801,
                5.088969,
                5.088969,
                11.410776,
                8.117856,
                5.088969,
                5.088969,
                11.115742,
                5.129404,
                5.269212,
                5.546219,
                5.088969,
                11.084256,
                11.115742,
                28.375672,
                11.084256,
                11.115742,
                5.129404,
                11.410776,
                5.406801,
                16.609799,
                28.375672,
                5.546219,
                8.117856,
                16.609799,
                11.084256,
                11.115742,
                5.269212,
                5.354822
            ],
            "new_highs": 1,
            "new_highs_ratio": 0.0196078431372549
        },
        {
            "item_name": "weights",
            "median_execution_time": 9.977114159999473,
            "duration": 277.85753132599984,
            "patch_contents": "ParamSetting(('zlib.params', 'param', 'level'), 2) | ParamSetting(('zlib.params', 'param', 'strategy'), 0) | ParamSetting(('zlib.params', 'param', 'level'), 3)\n",
            "number_of_retries": 1,
            "number_of_steps": 17,
            "best_fitness": 492788447.86,
            "reference_fitness": 654382852.332,
            "params": false,
            "fitness_values": [
                1050193138.833,
                601803457.461,
                654382852.332,
                620833264.629,
                601803457.461,
                492788447.86,
                492788447.86,
                492788447.86,
                601803457.461,
                518112558.474,
                804372156.615,
                492788447.86,
                492788447.86,
                654382852.332,
                576531733.714,
                831179114.908
            ],
            "new_highs": 2,
            "new_highs_ratio": 0.125
        },
        {
            "item_name": "energy",
            "median_execution_time": 5.212463092000689,
            "duration": 226.23338367399992,
            "patch_contents": "ParamSetting(('zlib.params', 'param', 'strategy'), 3)\n",
            "number_of_retries": 1,
            "number_of_steps": 35,
            "best_fitness": 294961416.0,
            "reference_fitness": 674652626.0,
            "params": false,
            "fitness_values": [
                325639531.0,
                674652626.0,
                435700475.0,
                545874221.0,
                674652626.0,
                325639531.0,
                325276757.0,
                325639531.0,
                325276757.0,
                325639531.0,
                372799447.0,
                906518824.0,
                596569735.0,
                376912850.0,
                435700475.0,
                435700475.0,
                435700475.0,
                315949344.0,
                315949344.0,
                315949344.0,
                315949344.0,
                417146564.0,
                294961416.0,
                588822394.0,
                674652626.0,
                304413517.0,
                588822394.0,
                294961416.0,
                622809360.0,
                469294303.0,
                294961416.0,
                674652626.0,
                296379890.0,
                302318579.0,
                338188443.0
            ],
            "new_highs": 3,
            "new_highs_ratio": 0.08571428571428572
        }
    ]
}