number_of_retries,execution_rank_per_item_median,execution_rank_per_item_mean,execution_rank_per_item_std,execution_rank_per_item_IQR
1.0,2.357142857142857,2.4675324675324677,0.27360711509805796,0.39285714285714324
2.0,2.9285714285714284,2.9545454545454546,0.4018740884050057,0.5
3.0,3.0,3.071428571428571,0.46070044275991684,0.714285714285714
4.0,3.2857142857142856,3.1753246753246755,0.4095338768519949,0.3928571428571428
5.0,3.357142857142857,3.3311688311688314,0.40692065023099455,0.3214285714285712
