{
    "original": {
        "median_execution_time": 0.07147705554962158
    },
    "items": [
        {
            "item_name": "perf_cycles",
            "median_execution_time": 0.0009053945541381836,
            "duration": 11.010243654251099,
            "patch_contents": "SrcmlStmtDeletion(('triangle.c.xml', 'stmt', 1)) | SrcmlStmtReplacement(('triangle.c.xml', 'stmt', 3), ('triangle.c.xml', 'stmt', 12))\n",
            "number_of_retries": 1,
            "number_of_steps": 89,
            "best_fitness": 898442.0,
            "reference_fitness": 2193933.0,
            "params": false,
            "fitness_values": [
                919335.0,
                2193933.0,
                1103436.0,
                898442.0,
                919335.0,
                981740.0,
                927089.0,
                946082.0,
                915461.0,
                1004909.0,
                916350.0,
                1117413.0,
                915461.0,
                915119.0,
                935312.0,
                968198.0,
                941091.0,
                898442.0,
                898442.0,
                1348142.0,
                919335.0,
                946082.0,
                985007.0,
                927089.0,
                1084288.0,
                1200151.0,
                925923.0,
                922788.0,
                1211287.0,
                1127088.0,
                970515.0,
                898442.0,
                946082.0
            ],
            "new_highs": 1,
            "new_highs_ratio": 0.030303030303030304
        }
    ]
}