number_of_retries,execution_rank_per_item
1.0,3.357142857142857
2.0,2.9285714285714284
3.0,2.7857142857142856
4.0,3.142857142857144
5.0,2.9142857142857144
