{
    "original": {
        "median_execution_time": 13.900930478004739,
        "search_type": "local_search"
    },
    "items": [
        {
            "item_name": "time",
            "median_execution_time": 12.650339877931401,
            "duration": 112.9926121509634,
            "patch_contents": "ParamSetting(('minisat_simplified.params', 'param', 'elim'), 'False') | ParamSetting(('minisat_simplified.params', 'param', 'rnd-init'), 'True')\n",
            "number_of_retries": 1,
            "number_of_steps": 7,
            "best_fitness": 11.86,
            "reference_fitness": 13.8589,
            "params": false,
            "fitness_values": [
                12.6604,
                13.8589,
                12.7932,
                13.3537,
                11.86,
                12.6604,
                13.6285
            ],
            "new_highs": 1,
            "new_highs_ratio": 0.14285714285714285
        },
        {
            "item_name": "weights",
            "median_execution_time": 9.083597784978338,
            "duration": 126.5520477379905,
            "patch_contents": "ParamSetting(('minisat_simplified.params', 'param', 'rfirst'), 144)\n",
            "number_of_retries": 1,
            "number_of_steps": 5,
            "best_fitness": 46758412.648,
            "reference_fitness": 106045753.148,
            "params": false,
            "fitness_values": [
                153591123.127,
                46758412.648,
                106045753.148,
                167596118.387,
                121458815.232
            ],
            "new_highs": 1,
            "new_highs_ratio": 0.2
        },
        {
            "item_name": "energy",
            "median_execution_time": 12.927921780967154,
            "duration": 129.97356466099154,
            "patch_contents": "ParamSetting(('minisat_simplified.params', 'param', 'elim'), 'False') | ParamSetting(('minisat_simplified.params', 'param', 'rnd-init'), 'True')\n",
            "number_of_retries": 1,
            "number_of_steps": 7,
            "best_fitness": 393696056.0,
            "reference_fitness": 452675824.0,
            "params": false,
            "fitness_values": [
                411378430.0,
                452675824.0,
                412216322.0,
                433735596.0,
                393696056.0,
                411378430.0,
                459167920.0
            ],
            "new_highs": 1,
            "new_highs_ratio": 0.14285714285714285
        }
    ]
}