{
    "original": {
        "median_execution_time": 11.691850000999693,
        "search_type": "genetic_programming"
    },
    "items": [
        {
            "item_name": "time",
            "median_execution_time": 1.8549492825004563,
            "duration": 218.07216502400115,
            "patch_contents": "ParamSetting(('minisat_simplified.params', 'param', 'luby'), 'False') | ParamSetting(('minisat_simplified.params', 'param', 'rinc'), 5994.67575332663)\n",
            "number_of_retries": 1,
            "number_of_steps": 30,
            "best_fitness": 1.8798,
            "reference_fitness": 11.7075,
            "params": false,
            "fitness_values": [
                11.7121,
                11.7075,
                11.7075,
                11.7075,
                2.3643,
                13.1211,
                3.3183,
                2.3643,
                11.7121,
                2.3643,
                3.3183,
                3.3183,
                11.7075,
                1.8798,
                11.7075,
                11.7075,
                1.8798,
                2.3643,
                2.3643,
                3.3183,
                11.7075,
                11.7121,
                2.3995,
                2.3925,
                11.7075,
                7.9852
            ],
            "new_highs": 3,
            "new_highs_ratio": 0.11538461538461539
        }
    ]
}