{
    "branches": 1.4666666666666666,
    "instructions": 2.066666666666667,
    "branch-misses": 4.333333333333333,
    "L1-dcache-loads": 4.4,
    "perf_time": 6.8,
    "cycles": 7.533333333333333,
    "task-clock": 7.6,
    "cpu-clock": 7.666666666666667,
    "time": 8.666666666666666,
    "faults": 8.866666666666667,
    "minor-faults": 9.733333333333333,
    "major-faults": 10.066666666666666,
    "dTLB-loads": 13.4,
    "energy": 13.466666666666667,
    "dTLB-load-misses": 15.266666666666667,
    "cache-misses": 16.4,
    "cache-references": 16.6,
    "weights": 18.2,
    "L1-dcache-load-misses": 18.8,
    "migrations": 19.666666666666668,
    "cs": 20
}