{
    "time": 0.0,
    "perf_time": 0.08352909936162242,
    "instructions": 0.1044037471373258,
    "cycles": 0.06829276732031966,
    "cache-references": 1.777178758432076,
    "cache-misses": 7.838634266691718,
    "branches": 0.10212095858961986,
    "branch-misses": 0.07558817006056386,
    "cpu-clock": 0.09182185053780853,
    "task-clock": 0.08513921035418669,
    "faults": 12.706852039826963,
    "minor-faults": 12.71020260894492,
    "major-faults": 14.001412770483954,
    "cs": 17.25145773409861,
    "migrations": 0,
    "L1-dcache-loads": 0.06974019367664774,
    "L1-dcache-load-misses": 2.871545549655798,
    "dTLB-loads": 0.657010437977258,
    "dTLB-load-misses": 19.603713737892438,
    "weights": 8.988761149103858,
    "energy": 0.38593560842596714
}