{
    "time": 0.14708198787129456,
    "perf_time": 0.13455152970113898,
    "instructions": 0.025933908372006726,
    "cycles": 0.13187607746935326,
    "cache-references": 13.017189228650569,
    "cache-misses": 7.069770000766004,
    "branches": 0.01867215218789307,
    "branch-misses": 0.05356503856091619,
    "cpu-clock": 0.1390655251946818,
    "task-clock": 0.13501638226430332,
    "faults": 0.18423713525954874,
    "minor-faults": 0.20786810875864542,
    "major-faults": 0.6272280441794642,
    "cs": 82.972650023493,
    "migrations": 244.9489742783178,
    "L1-dcache-loads": 0.0605448973343341,
    "L1-dcache-load-misses": 28.274312469497126,
    "dTLB-loads": 1.3585952272208652,
    "dTLB-load-misses": 4.179803684065616,
    "weights": 19.001928846079853,
    "energy": 1.4572780944640789
}