{
    "original": {
        "median_execution_time": 11.652617184998235
    },
    "items": [
        {
            "item_name": "perf_time",
            "median_execution_time": 11.214462094998453,
            "duration": 177.18776694100234,
            "patch_contents": "ParamSetting(('lpg.params', 'param', 'repeats'), 4) | ParamSetting(('lpg.params', 'param', 'repeats'), 19) | ParamSetting(('lpg.params', 'param', 'lowmemory'), 'True')\n",
            "number_of_retries": 1,
            "number_of_steps": 15,
            "best_fitness": 11.117879,
            "reference_fitness": 11.690189,
            "params": false,
            "fitness_values": [
                11.655503,
                11.655503,
                11.690189,
                11.655503,
                11.690189,
                11.491986,
                11.409701,
                11.409701,
                26.783087,
                11.399514,
                11.399514,
                11.460139,
                11.117879,
                11.399514
            ],
            "new_highs": 4,
            "new_highs_ratio": 0.2857142857142857
        },
        {
            "item_name": "energy",
            "median_execution_time": 7.183145222981693,
            "duration": 167.98404554699664,
            "patch_contents": "ParamSetting(('lpg.params', 'param', 'search_steps'), 877) | ParamSetting(('lpg.params', 'param', 'restarts'), 6) | ParamSetting(('lpg.params', 'param', 'lowmemory'), 'True')\n",
            "number_of_retries": 1,
            "number_of_steps": 8,
            "best_fitness": 241700467.0,
            "reference_fitness": 380580401.0,
            "params": false,
            "fitness_values": [
                319545181.0,
                327278088.0,
                380580401.0,
                319091836.0,
                377334764.0,
                241700467.0
            ],
            "new_highs": 2,
            "new_highs_ratio": 0.3333333333333333
        }
    ]
}