Key,Median,IQR
perf_time,0.004228329809725159,0.004838709677419355
time,0.004291845493562232,0.001332249469358262
perf_L1_dcache_loads,0.005249343832020997,0.002306123478499002
perf_instructions,0.005390835579514825,0.003385573958101536
perf_cycles,0.005698005698005698,0.00449493623555057
perf_cache_references,0.005714285714285714,0.0015812776723592662
perf_cache_misses,0.0058309037900874635,0.006145101834881279
perf_branch_misses,0.0058997050147492625,0.005416020671834625
perf_branches,0.005917159763313609,0.0049768806532445205
weights,0.006369426751592357,0.0009082271406215068
perf_faults,0.007326007326007326,0.006603617839201907
perf_cpu_clock,0.007352941176470588,0.008138060769639717
perf_task_clock,0.008733624454148471,0.010084505182544397
energy,0.008928571428571428,0.008468636006008154
