number_of_retries,execution_rank_per_item
1.0,3.142857142857143
2.0,2.7857142857142856
3.0,2.7857142857142856
4.0,3.2142857142857144
5.0,3.0714285714285716
