number_of_retries,execution_rank_per_item
1.0,3.0
2.0,2.7142857142857144
3.0,2.8461538461538463
4.0,3.142857142857143
5.0,3.0
