number_of_retries,execution_rank_per_item
1.0,2.923076923076923
2.0,2.4615384615384617
3.0,3.076923076923077
4.0,3.076923076923077
5.0,3.4615384615384617
