{
    "original": {
        "median_execution_time": 10.39755495899999,
        "search_type": "local_search"
    },
    "items": [
        {
            "item_name": "perf_time",
            "median_execution_time": 9.696071153000048,
            "duration": 242.03079364199994,
            "patch_contents": "ParamSetting(('test.params', 'param', 'CONFLICTBOUNDINCFACTOR'), 2.1441515513114506) | ParamSetting(('test.params', 'param', 'SIMP'), 'EXPENSIVE_SIMPLIFICATION') | ParamSetting(('test.params', 'param', 'CLADECAY'), 0.1681493981396387)\n",
            "number_of_retries": 1,
            "number_of_steps": 20,
            "best_fitness": 8.575428,
            "reference_fitness": 8.738956,
            "params": false,
            "fitness_values": [
                8.663727,
                8.738956,
                8.83193,
                9.302192,
                9.068185,
                9.059973,
                8.663727,
                8.901237,
                8.856956,
                8.663727,
                8.738956,
                8.663727,
                8.575428,
                8.575428,
                8.847438,
                8.663727,
                8.779937,
                8.895917,
                8.734062,
                8.800364
            ],
            "new_highs": 1,
            "new_highs_ratio": 0.05
        },
        {
            "item_name": "weights",
            "median_execution_time": 9.73542308900005,
            "duration": 612.2917783539999,
            "patch_contents": "ParamSetting(('test.params', 'param', 'CLADECAY'), 0.8554199691375404)\n",
            "number_of_retries": 1,
            "number_of_steps": 4,
            "best_fitness": 1309725130.798,
            "reference_fitness": 1393420028.197,
            "params": false,
            "fitness_values": [
                1793702692.52,
                1393420028.197,
                1393420028.197,
                1309725130.798
            ],
            "new_highs": 2,
            "new_highs_ratio": 0.5
        },
        {
            "item_name": "energy",
            "median_execution_time": 9.634193093000022,
            "duration": 276.711394445,
            "patch_contents": "ParamSetting(('test.params', 'param', 'CONFLICTBOUNDINCFACTOR'), 2.1441515513114506) | ParamSetting(('test.params', 'param', 'VARDECAY'), 0.07495132545320449) | ParamSetting(('test.params', 'param', 'RESTARTS'), 'ArminRestarts')\n",
            "number_of_retries": 1,
            "number_of_steps": 11,
            "best_fitness": 844291848.0,
            "reference_fitness": 862227825.0,
            "params": false,
            "fitness_values": [
                861644588.0,
                862227825.0,
                855796304.0,
                850589451.0,
                855796304.0,
                864059884.0,
                849476897.0,
                861644588.0,
                856505922.0,
                864369698.0,
                844291848.0
            ],
            "new_highs": 4,
            "new_highs_ratio": 0.36363636363636365
        }
    ]
}