number_of_retries,execution_rank_per_item
1.0,2.6153846153846154
2.0,3.076923076923077
3.0,3.5384615384615383
4.0,3.4615384615384617
5.0,2.3076923076923075
