{
    "original": {
        "median_execution_time": 0.07444620132446289
    },
    "items": [
        {
            "item_name": "time",
            "median_execution_time": 0.000979781150817871,
            "duration": 29.985445499420166,
            "patch_contents": "SrcmlStmtDeletion(('triangle.cpp.xml', 'stmt', 1)) | SrcmlStmtInsertion(('triangle.cpp.xml', '_inter_block', 31), ('triangle.cpp.xml', 'stmt', 12)) | SrcmlStmtInsertion(('triangle.cpp.xml', '_inter_block', 14), ('triangle.cpp.xml', 'stmt', 13))\n",
            "number_of_retries": 1,
            "number_of_steps": 100,
            "best_fitness": 0.0073,
            "reference_fitness": 0.0765,
            "params": false,
            "fitness_values": [
                0.1475,
                0.0866,
                0.0835,
                0.0785,
                0.0081,
                0.0765,
                0.0126,
                0.0081,
                0.0081,
                0.0765,
                0.0077,
                0.089,
                0.0073,
                0.0076,
                0.0077,
                0.0764,
                0.0073,
                0.0076,
                0.0764,
                0.008,
                0.0073,
                0.0076,
                0.0077,
                0.0764,
                0.0079,
                0.0073,
                0.0076,
                0.0134,
                0.0764,
                0.0073,
                0.0073,
                0.0764,
                0.008,
                0.0076,
                0.0073,
                0.0764,
                0.0076,
                0.0077,
                0.0073,
                0.0135,
                0.0764,
                0.0076,
                0.0073,
                0.0764,
                0.0077
            ],
            "new_highs": 6,
            "new_highs_ratio": 0.13333333333333333
        },
        {
            "item_name": "weights",
            "median_execution_time": 0.0007568597793579102,
            "duration": 65.18785977363586,
            "patch_contents": "SrcmlStmtInsertion(('triangle.cpp.xml', '_inter_block', 22), ('triangle.cpp.xml', 'stmt', 8)) | SrcmlStmtReplacement(('triangle.cpp.xml', 'stmt', 8), ('triangle.cpp.xml', 'stmt', 13))\n",
            "number_of_retries": 1,
            "number_of_steps": 100,
            "best_fitness": 43027.758,
            "reference_fitness": 230894.476,
            "params": false,
            "fitness_values": [
                355912.489,
                216976.847,
                230894.476,
                181313.136,
                128562.878,
                230894.476,
                128562.878,
                128562.878,
                128562.878,
                128562.878,
                43027.758,
                111926.628,
                43027.758,
                138402.399,
                230894.476,
                206174.458,
                43027.758,
                43027.758,
                230894.476,
                162510.739,
                269641.273,
                43027.758,
                43027.758,
                230894.476,
                330062.45,
                152511.592,
                157659.255,
                43027.758,
                230894.476,
                178354.67,
                546127.835,
                43027.758,
                230894.476,
                86272.878
            ],
            "new_highs": 4,
            "new_highs_ratio": 0.11764705882352941
        }
    ]
}