number_of_retries,execution_rank_per_item
1.0,2.6153846153846154
2.0,3.5
3.0,2.642857142857143
4.0,2.857142857142857
5.0,3.2142857142857144
