number_of_retries,execution_rank_per_item
1.0,3.2142857142857144
2.0,3.357142857142857
3.0,3.2142857142857144
4.0,2.5714285714285716
5.0,2.642857142857143
