{
    "time": 1.0,
    "perf_time": 0.9977262060301508,
    "instructions": 1276081936.683417,
    "cycles": 4159308158.4170856,
    "cache-references": 1831108.417085427,
    "cache-misses": 183557.53768844221,
    "branches": 340591838.9447236,
    "branch-misses": 3044127.2613065327,
    "cpu-clock": 0.9977366155778895,
    "task-clock": 0.9986180213567839,
    "faults": 133.16582914572865,
    "minor-faults": 128.89447236180905,
    "major-faults": 4.396984924623116,
    "cs": 10.175879396984925,
    "migrations": 0.0,
    "L1-dcache-loads": 209262833.91959798,
    "L1-dcache-load-misses": 488957.4120603015,
    "dTLB-loads": 213599.62311557788,
    "dTLB-load-misses": 1900.7537688442212,
    "weights": 421628.2663316583,
    "energy": 2586397.7386934673
}