{
"time": 3.99,
"perf_time": 3.98276396,
"instructions": 5094386236.00000000,
"cycles": 16533815370.00000000,
"cache-references": 8012784.00000000,
"cache-misses": 915704.00000000,
"branches": 1358437367.00000000,
"branch-misses": 12159809.00000000,
"cpu-clock": 3.98272099,
"task-clock": 3.97518981,
"faults": 1061.00000000,
"minor-faults": 1027.00000000,
"major-faults": 34.00000000,
"cs": 51.00000000,
"migrations": 0.00000000,
"L1-dcache-loads": 839158386.00000000,
"L1-dcache-load-misses": 2167777.00000000,
"dTLB-loads": 928733.00000000,
"dTLB-load-misses": 13137.00000000,
"weights": 3262625.00000000,
"energy": 9885124.00000000
}
