{
"time": [4.00,3.99,3.97,3.98,3.98,3.98,3.99,3.99,3.97,3.98,4.00,4.00,3.99,3.97,3.99,3.98,3.97,3.97,3.99,4.00,4.00],
"perf_time": [4.01163200,3.98986933,3.97597819,3.97918673,3.98995691,3.99484575,3.98270041,3.99277728,3.97757439,3.97932425,3.98315710,3.99455012,3.98300296,3.99816430,3.97572662,3.97594983,3.97845997,3.98276396,3.97643159,3.97692201,3.98985927],
"instructions": [5103003471.00000000,5097066017.00000000,5094016061.00000000,5095315385.00000000,5095515424.00000000,5094000408.00000000,5094868930.00000000,5094030049.00000000,5094322239.00000000,5093592802.00000000,5094173237.00000000,5094982301.00000000,5094262319.00000000,5094248412.00000000,5093416277.00000000,5094965594.00000000,5095090427.00000000,5093905981.00000000,5094386236.00000000,5094819869.00000000,5094498995.00000000],
"cycles": [16591165126.00000000,16464969910.00000000,16550417904.00000000,16522788582.00000000,16475796652.00000000,16533815370.00000000,16533119150.00000000,16517634964.00000000,16515036918.00000000,16596164878.00000000,16538494837.00000000,16511493743.00000000,16576074840.00000000,16558574783.00000000,16513033483.00000000,16467623538.00000000,16572775255.00000000,16535469912.00000000,16588562258.00000000,16522247328.00000000,16538676914.00000000],
"cache-references": [8120061.00000000,7985087.00000000,7886664.00000000,7948063.00000000,8089756.00000000,7964496.00000000,8012784.00000000,8977489.00000000,8000422.00000000,8152295.00000000,7860370.00000000,8092300.00000000,8138217.00000000,8008428.00000000,7953560.00000000,8144498.00000000,13966139.00000000,8407898.00000000,7913867.00000000,7971852.00000000,8029354.00000000],
"cache-misses": [1062745.00000000,954729.00000000,871921.00000000,840855.00000000,915704.00000000,896781.00000000,903273.00000000,925326.00000000,989268.00000000,840489.00000000,863760.00000000,868914.00000000,921184.00000000,896194.00000000,834702.00000000,922966.00000000,926233.00000000,926125.00000000,903663.00000000,977998.00000000,958016.00000000],
"branches": [1360886020.00000000,1358480529.00000000,1358425288.00000000,1358333185.00000000,1358511907.00000000,1358338948.00000000,1358478876.00000000,1358344526.00000000,1358307551.00000000,1358475822.00000000,1358598960.00000000,1358330516.00000000,1358434396.00000000,1358437367.00000000,1358445774.00000000,1358314041.00000000,1358403350.00000000,1358507275.00000000,1358812283.00000000,1358483994.00000000,1358309293.00000000],
"branch-misses": [12203097.00000000,12159809.00000000,12162400.00000000,12158234.00000000,12158187.00000000,12159257.00000000,12159622.00000000,12156089.00000000,12158823.00000000,12162171.00000000,12168787.00000000,12163111.00000000,12183477.00000000,12160517.00000000,12159596.00000000,12164384.00000000,12158903.00000000,12160567.00000000,12156713.00000000,12155550.00000000,12159871.00000000],
"cpu-clock": [3.99004280,3.98873252,3.97471782,3.96744065,3.99262718,3.97009124,3.98188682,3.98427362,3.98596446,3.98475685,3.98295035,3.96838671,3.96650583,3.96518989,3.96517523,3.99230473,3.96653677,3.97101914,3.98272099,3.99467532,3.98613641],
"task-clock": [3.97690397,3.98564745,3.96494510,3.97369375,3.97308439,3.97702012,3.97497393,3.98814118,3.97623616,3.96455616,3.97518981,3.98613752,3.98798606,3.97464596,3.97227005,3.99416262,3.97314697,3.98621623,3.98497042,3.97052243,3.97337618],
"faults": [1061.00000000,1061.00000000,1059.00000000,1060.00000000,1061.00000000,1059.00000000,1063.00000000,1062.00000000,1062.00000000,1064.00000000,1062.00000000,1058.00000000,1061.00000000,1064.00000000,1060.00000000,1060.00000000,1060.00000000,1060.00000000,1063.00000000,1058.00000000,1059.00000000],
"minor-faults": [1027.00000000,1027.00000000,1028.00000000,1026.00000000,1027.00000000,1025.00000000,1027.00000000,1026.00000000,1024.00000000,1029.00000000,1024.00000000,1032.00000000,1024.00000000,1028.00000000,1029.00000000,1031.00000000,1026.00000000,1027.00000000,1028.00000000,1024.00000000,1027.00000000],
"major-faults": [34.00000000,34.00000000,34.00000000,34.00000000,34.00000000,34.00000000,34.00000000,34.00000000,34.00000000,34.00000000,34.00000000,34.00000000,34.00000000,34.00000000,34.00000000,34.00000000,34.00000000,34.00000000,34.00000000,34.00000000,34.00000000],
"cs": [48.00000000,83.00000000,47.00000000,51.00000000,146.00000000,170.00000000,143.00000000,53.00000000,47.00000000,53.00000000,50.00000000,136.00000000,44.00000000,48.00000000,41.00000000,67.00000000,45.00000000,50.00000000,49.00000000,167.00000000,181.00000000],
"migrations": [1.00000000,0.00000000,0.00000000,0.00000000,0.00000000,1.00000000,1.00000000,1.00000000,2.00000000,0.00000000,0.00000000,0.00000000,0.00000000,0.00000000,0.00000000,2.00000000,0.00000000,0.00000000,0.00000000,0.00000000,0.00000000],
"L1-dcache-loads": [842144594.00000000,839873155.00000000,838950923.00000000,852261603.00000000,839108530.00000000,838296467.00000000,839139823.00000000,839215559.00000000,838160106.00000000,838927267.00000000,839215918.00000000,839158386.00000000,839350582.00000000,838313938.00000000,839086652.00000000,839217818.00000000,839300104.00000000,838242237.00000000,839593420.00000000,840294407.00000000,838410921.00000000],
"L1-dcache-load-misses": [2339943.00000000,2151453.00000000,2171024.00000000,2152465.00000000,2173357.00000000,2147602.00000000,2156028.00000000,2147976.00000000,2159647.00000000,2154773.00000000,2182680.00000000,8266011.00000000,2182229.00000000,2185952.00000000,2167777.00000000,2281633.00000000,2095186.00000000,3168266.00000000,3168853.00000000,2163995.00000000,2119666.00000000],
"dTLB-loads": [929724.00000000,926764.00000000,944942.00000000,923865.00000000,928733.00000000,935723.00000000,923950.00000000,925966.00000000,930259.00000000,960199.00000000,926327.00000000,952373.00000000,923263.00000000,933880.00000000,939158.00000000,922413.00000000,935815.00000000,925830.00000000,922157.00000000,924302.00000000,950512.00000000],
"dTLB-load-misses": [15200.00000000,13017.00000000,13310.00000000,12995.00000000,13379.00000000,13027.00000000,12823.00000000,13229.00000000,13010.00000000,12950.00000000,13137.00000000,13184.00000000,13222.00000000,12842.00000000,14056.00000000,13748.00000000,13092.00000000,13382.00000000,12803.00000000,13003.00000000,13218.00000000],
"weights": [2917860.00000000,2771523.00000000,3333058.00000000,3381275.00000000,3434627.00000000,3695771.00000000,2869804.00000000,3405080.00000000,3032248.00000000,3568059.00000000,3545311.00000000,3331331.00000000,3153571.00000000,3509889.00000000,2780094.00000000,3262625.00000000,3252278.00000000,3386899.00000000,2993682.00000000,3071492.00000000,2995811.00000000],
"energy": [10489829.00000000,10311052.00000000,10256916.00000000,10221365.00000000,10128596.00000000,10128886.00000000,10086682.00000000,10051924.00000000,9956150.00000000,9948780.00000000,9885124.00000000,9789914.00000000,9807293.00000000,9798581.00000000,9832286.00000000,9802579.00000000,9745911.00000000,9770109.00000000,9763899.00000000,9771910.00000000,9760833.00000000]
}
