{
    "time": 0.27508338949029276,
    "perf_time": 0.23049800146103028,
    "instructions": 0.03835824711628782,
    "cycles": 0.2235567206196731,
    "cache-references": 15.235202425599518,
    "cache-misses": 5.8580109865973995,
    "branches": 0.039275808703888845,
    "branch-misses": 0.08703917930640731,
    "cpu-clock": 0.25272623642830616,
    "task-clock": 0.19510738686709164,
    "faults": 0.16358456846333527,
    "minor-faults": 0.2070584583303914,
    "major-faults": 0.0,
    "cs": 60.063983649483276,
    "migrations": 171.39136501002613,
    "L1-dcache-loads": 0.3460592874389154,
    "L1-dcache-load-misses": 51.189939024658415,
    "dTLB-loads": 1.1467900846262595,
    "dTLB-load-misses": 3.927226268607177,
    "weights": 8.210943929318978,
    "energy": 2.1466696377929537
}