number_of_retries,execution_rank_per_item
1.0,2.4615384615384617
2.0,2.3076923076923075
3.0,3.3846153846153846
4.0,3.6923076923076925
5.0,3.1538461538461537
