{
    "original": {
        "median_execution_time": 0.07236826419830322
    },
    "items": [
        {
            "item_name": "time",
            "median_execution_time": 0.0015540122985839844,
            "duration": 11.003824710845947,
            "patch_contents": "SrcmlStmtInsertion(('triangle.c.xml', '_inter_block', 16), ('triangle.c.xml', 'stmt', 11)) | SrcmlStmtInsertion(('triangle.c.xml', '_inter_block', 35), ('triangle.c.xml', 'stmt', 15)) | SrcmlStmtDeletion(('triangle.c.xml', 'stmt', 3))\n",
            "number_of_retries": 1,
            "number_of_steps": 88,
            "best_fitness": 0.0105,
            "reference_fitness": 0.0844,
            "params": false,
            "fitness_values": [
                0.0844,
                0.0844,
                0.0842,
                0.0844,
                0.0839,
                0.0842,
                0.0839,
                0.0842,
                0.0839,
                0.0842,
                0.0839,
                0.0839,
                0.0842,
                0.0833,
                0.0839,
                0.0812,
                0.0842,
                0.0812,
                0.0842,
                0.0812,
                0.0834,
                0.0834,
                0.0842,
                0.0105,
                0.0151,
                0.0106,
                0.0105,
                0.0151,
                0.0812,
                0.0106,
                0.0157,
                0.0106,
                0.0105,
                0.0106,
                0.0812,
                0.0151
            ],
            "new_highs": 5
        },
        {
            "item_name": "weights",
            "median_execution_time": 0.001573801040649414,
            "duration": 16.305182933807373,
            "patch_contents": "SrcmlStmtDeletion(('triangle.c.xml', 'stmt', 8))\n",
            "number_of_retries": 1,
            "number_of_steps": 17,
            "best_fitness": 112680.613,
            "reference_fitness": 228225.519,
            "params": false,
            "fitness_values": [
                112680.613,
                228225.519,
                144920.502,
                112680.613,
                158708.904,
                137040.255,
                112680.613,
                236617.854
            ],
            "new_highs": 0
        }
    ]
}