{
    "original": {
        "median_execution_time": 8.911017311736941,
        "search_type": "genetic_programming"
    },
    "items": [
        {
            "item_name": "energy",
            "median_execution_time": 8.787955996580422,
            "duration": 1942.2938885432668,
            "patch_contents": "SrcmlStmtInsertion(('src/main/java/weka/classifiers/trees/RandomForest.java.xml', '_inter_block', 231), ('src/main/java/weka/classifiers/trees/RandomForest.java.xml', 'stmt', 86)) | SrcmlStmtDeletion(('src/main/java/weka/classifiers/trees/RandomForest.java.xml', 'stmt', 109))\n",
            "number_of_retries": 2,
            "number_of_steps": 386,
            "best_fitness": 542672215.5,
            "reference_fitness": 555759658.0,
            "params": false,
            "fitness_values": [
                554761830.0,
                558352304.5,
                554761830.0,
                558352304.5,
                558352304.5,
                555759658.0,
                580460613.0,
                555428475.5,
                558794176.5,
                554761830.0,
                554761830.0,
                558794176.5,
                558352304.5,
                558352304.5,
                578202482.0,
                555759658.0,
                555759658.0,
                554761830.0,
                554761830.0,
                558352304.5,
                558794176.5,
                558352304.5,
                558794176.5,
                554744085.5,
                554744085.5,
                555128640.5,
                554761830.0,
                554761830.0,
                578202482.0,
                558794176.5,
                554744085.5,
                547497923.5,
                578202482.0,
                558352304.5,
                558794176.5,
                578202482.0,
                555759658.0,
                578202482.0,
                547497923.5,
                547497923.5,
                558352304.5,
                558794176.5,
                578202482.0,
                558352304.5,
                554744085.5,
                557756251.0,
                547497923.5,
                547497923.5,
                547497923.5,
                555128640.5,
                558352304.5,
                558352304.5,
                558794176.5,
                547497923.5,
                558352304.5,
                547497923.5,
                558794176.5,
                578202482.0,
                558352304.5,
                547497923.5,
                547497923.5,
                547497923.5,
                547497923.5,
                558352304.5,
                547497923.5,
                558352304.5,
                558352304.5,
                569156754.0,
                547497923.5,
                558352304.5,
                558352304.5,
                547497923.5,
                558352304.5,
                558352304.5,
                558352304.5,
                555759658.0,
                547497923.5,
                558352304.5,
                558352304.5,
                558352304.5,
                547497923.5,
                558352304.5,
                558352304.5,
                558352304.5,
                544283566.5,
                544283566.5,
                558352304.5,
                558352304.5,
                547497923.5,
                558352304.5,
                558352304.5,
                578863542.5,
                558352304.5,
                544283566.5,
                544283566.5,
                562301311.5,
                558352304.5,
                558352304.5,
                578863542.5,
                558352304.5,
                558794176.5,
                558352304.5,
                544283566.5,
                558352304.5,
                578863542.5,
                558352304.5,
                558352304.5,
                558352304.5,
                558296400.0,
                544283566.5,
                544283566.5,
                558296400.0,
                558352304.5,
                558352304.5,
                544283566.5,
                558352304.5,
                561078017.0,
                558352304.5,
                555759658.0,
                544283566.5,
                544283566.5,
                544283566.5,
                558352304.5,
                558296400.0,
                558352304.5,
                544283566.5,
                578863542.5,
                561507873.0,
                575842161.5,
                544283566.5,
                558352304.5,
                558352304.5,
                547049346.5,
                558352304.5,
                558296400.0,
                544283566.5,
                544283566.5,
                544283566.5,
                558352304.5,
                547049346.5,
                558352304.5,
                558352304.5,
                544283566.5,
                558134054.0,
                544283566.5,
                547049346.5,
                544283566.5,
                558352304.5,
                544283566.5,
                554125923.0,
                558352304.5,
                550258134.5,
                554782513.0,
                544283566.5,
                558352304.5,
                544283566.5,
                550258134.5,
                544283566.5,
                556785339.0,
                558352304.5,
                558352304.5,
                554125923.0,
                544283566.5,
                558352304.5,
                558352304.5,
                550258134.5,
                554125923.0,
                558352304.5,
                554125923.0,
                544283566.5,
                547049346.5,
                556284701.0,
                558352304.5,
                558352304.5,
                550258134.5,
                544283566.5,
                550258134.5,
                554125923.0,
                558352304.5,
                544283566.5,
                554125923.0,
                554125923.0,
                556284701.0,
                550258134.5,
                550258134.5,
                544283566.5,
                577078555.0,
                550258134.5,
                544283566.5,
                544283566.5,
                547049346.5,
                577078555.0,
                556284701.0,
                558352304.5,
                544283566.5,
                544283566.5,
                550258134.5,
                556284701.0,
                544283566.5,
                547049346.5,
                544283566.5,
                577078555.0,
                547049346.5,
                550258134.5,
                544283566.5,
                547048339.5,
                567333621.0,
                557466486.5,
                544283566.5,
                544283566.5,
                557466486.5,
                547048339.5,
                577078555.0,
                558352304.5,
                544283566.5,
                544283566.5,
                544283566.5,
                554894918.0,
                558352304.5,
                547048339.5,
                544283566.5,
                544283566.5,
                544283566.5,
                558352304.5,
                544283566.5,
                551478667.5,
                558352304.5,
                544283566.5,
                554894918.0,
                544283566.5,
                562575544.0,
                558352304.5,
                562575544.0,
                558352304.5,
                562575544.0,
                544283566.5,
                544283566.5,
                558352304.5,
                562575544.0,
                558352304.5,
                555759658.0,
                558352304.5,
                562575544.0,
                544283566.5,
                558352304.5,
                555759658.0,
                558352304.5,
