{
    "original": {
        "median_execution_time": 11.65969021699857,
        "search_type": "genetic_programming"
    },
    "items": [
        {
            "item_name": "time",
            "median_execution_time": 2.098841227001685,
            "duration": 222.78240478099906,
            "patch_contents": "ParamSetting(('minisat_simplified.params', 'param', 'rinc'), 2125.6811973735053)\n",
            "number_of_retries": 1,
            "number_of_steps": 20,
            "best_fitness": 2.1078,
            "reference_fitness": 11.8223,
            "params": false,
            "fitness_values": [
                11.8223,
                2.4057,
                11.8223,
                11.8831,
                10.9322,
                11.8223,
                2.1078,
                11.8223,
                11.7531,
                7.7944,
                11.8223,
                11.8879,
                11.886,
                11.3458,
                2.2431,
                11.4042,
                10.1811,
                11.86,
                21.0955,
                2.1078,
                2.2431,
                2.2744,
                2.2866,
                2.4057,
                11.8223,
                2.1078,
                2.6278,
                11.3458,
                7.7944
            ],
            "new_highs": 2,
            "new_highs_ratio": 0.06896551724137931
        }
    ]
}