number_of_retries,execution_rank_per_item
1.0,3.5714285714285716
2.0,2.857142857142857
3.0,2.642857142857143
4.0,3.076923076923077
5.0,2.7857142857142856
