{
    "original": {
        "median_execution_time": 6.082149095003842,
        "search_type": "genetic_programming"
    },
    "items": [
        {
            "item_name": "time",
            "median_execution_time": 8.082039020999218,
            "duration": 990.3580720570026,
            "patch_contents": "SrcmlStmtDeletion(('org.sat4j.core/src/main/java/org/sat4j/minisat/core/Solver.java.xml', 'stmt', 974))\n",
            "number_of_retries": 1,
            "crossover": "GeneticProgrammingConcat",
            "number_of_steps": 110,
            "best_fitness": 6.1134,
            "reference_fitness": 6.2,
            "params": false,
            "fitness_values": [
                6.1838,
                6.3054,
                6.2902,
                6.2664,
                6.3109,
                6.1134,
                6.1134,
                6.1838,
                6.2664,
                6.2902,
                6.1134,
                6.193,
                6.3309,
                6.1994,
                6.4274,
                6.3882,
                6.2,
                6.2,
                6.2,
                6.4726,
                6.1134,
                6.1134,
                6.1838,
                6.193,
                6.7655,
                6.6631,
                6.193,
                6.193,
                6.6047,
                6.1838,
                6.6922,
                6.193,
                6.3309,
                6.7864,
                7.3791,
                6.4726,
                6.1134,
                6.2,
                6.2,
                6.1134,
                6.1134,
                6.1838,
                6.193,
                6.9063,
                6.6631,
                6.1838,
                6.6525,
                6.6525,
                6.193,
                6.1134,
                6.6525,
                6.4726,
                6.6525,
                7.2859,
                6.6238,
                6.1134,
                6.2,
                6.1838,
                6.1134,
                6.1134,
                6.1838,
                6.193,
                6.6631,
                6.6631,
                6.6525,
                6.9063,
                6.6257,
                6.1134,
                6.7655,
                6.498,
                7.1947,
                6.5833,
                6.5906,
                6.5833,
                6.1134,
                6.5345,
                6.7878,
                6.7663,
                6.1134,
                6.1134,
                6.1838,
                6.193,
                6.6257,
                6.6631,
                6.6056,
                6.6257,
                6.6041,
                6.8686,
                6.5711,
                6.6656,
                6.5906,
                6.751,
                6.7131,
                7.1947,
                6.1134,
                6.2,
                6.193,
                6.1134,
                6.1134,
                6.1838,
                6.193,
                6.5906,
                6.6656,
                6.6257,
                6.8686,
                6.193,
                6.6257,
                6.5711,
                6.5906,
                6.4484,
                6.6056,
                6.6264,
                6.751,
                6.1134,
                6.2,
                6.2,
                6.193,
                6.1134,
                6.1134,
                6.1838,
                6.193,
                6.6257,
                6.1134,
                6.6257,
                6.9063,
                6.9063,
                6.193,
                6.6257,
                6.4484,
                6.5711,
                6.5711,
                7.1887,
                6.9063,
                6.7994,
                6.3538,
                6.2,
                6.1134,
                6.1134,
                6.1838,
                6.193,
                6.1134,
                6.5711,
                6.5711,
                6.4484,
                6.6257,
                6.1134,
                6.8627,
                6.5972,
                6.5711,
                6.5711,
                6.4995,
                6.751,
                6.1134,
                6.5135,
                6.1838,
                6.1134,
                6.1134,
                6.1134,
                6.1838,
                6.1134,
                6.6056,
                6.751,
                6.4484,
                6.6257,
                6.5711,
                6.7247,
                6.7908,
                6.5135,
                6.5711,
                6.9978,
                6.5711,
                6.9938,
                6.2
            ],
            "new_highs": 1,
            "new_highs_ratio": 0.005780346820809248
        }
    ]
}