Key,Median_Largest_Improvement_Ratio
1,0.021794871794871794
2,0.042730832386004794
3,0.0738429910116657
4,0.10383639822447685
5,0.13351648351648351
