{
    "original": {
        "median_execution_time": 10.375136852264404
    },
    "items": [
        {
            "item_name": "time",
            "median_execution_time": 7.1522369384765625,
            "duration": 170.7253098099991,
            "patch_contents": "ParamSetting(('test.params', 'param', 'CONFLICTBOUNDINCFACTOR'), 3.281204534775461) | ParamSetting(('test.params', 'param', 'CLEANING'), 'LBD2') | ParamSetting(('test.params', 'param', 'PHASE'), 'NegativeLiteralSelectionStrategy')\n",
            "number_of_retries": 1,
            "number_of_steps": 20,
            "best_fitness": 7.0766,
            "reference_fitness": 7.1968,
            "params": false,
            "fitness_values": [
                7.0947,
                7.2527,
                7.0947,
                7.0766,
                7.157,
                7.0947,
                7.0766,
                7.1743,
                7.0947,
                7.155,
                7.41,
                7.0766,
                7.157,
                7.0766,
                7.155,
                7.2612,
                7.0947,
                7.1531,
                7.1098,
                7.3761
            ],
            "new_highs": 1,
            "new_highs_ratio": 0.05
        }
    ]
}