{
    "original": {
        "median_execution_time": 11.57687728900055,
        "search_type": "genetic_programming"
    },
    "items": [
        {
            "item_name": "time",
            "median_execution_time": 2.0000840529974084,
            "duration": 195.3263816030012,
            "patch_contents": "ParamSetting(('minisat_simplified.params', 'param', 'var-decay'), 0.9342525762630474) | ParamSetting(('minisat_simplified.params', 'param', 'rinc'), 419.7213338813468)\n",
            "number_of_retries": 1,
            "crossover": "GeneticProgrammingUniformConcat",
            "number_of_steps": 20,
            "best_fitness": 2.0371,
            "reference_fitness": 11.6808,
            "params": false,
            "fitness_values": [
                11.7628,
                11.7476,
                11.6808,
                10.929,
                2.2911,
                12.1713,
                8.2459,
                11.6808,
                11.7635,
                11.6982,
                2.3903,
                11.7429,
                9.7474,
                13.2668,
                11.6808,
                2.0817,
                9.1395,
                11.6808,
                9.1788,
                10.3065,
                2.0817,
                2.2911,
                12.1713,
                2.0371,
                2.392,
                8.2459,
                9.1395,
                9.1788,
                10.3065,
                10.3065
            ],
            "new_highs": 6,
            "new_highs_ratio": 0.2
        },
        {
            "item_name": "time",
            "median_execution_time": 2.0455793059991265,
            "duration": 284.71426035400145,
            "patch_contents": "ParamSetting(('minisat_simplified.params', 'param', 'rinc'), 1409.3590176575922) | ParamSetting(('minisat_simplified.params', 'param', 'rcheck'), 'True')\n",
            "number_of_retries": 1,
            "crossover": "GeneticProgrammingConcat",
            "number_of_steps": 20,
            "best_fitness": 1.7451,
            "reference_fitness": 11.6942,
            "params": false,
            "fitness_values": [
                11.6942,
                2.0688,
                11.7621,
                8.2393,
                10.8828,
                11.6942,
                10.0539,
                7.8671,
                11.6942,
                11.6942,
                9.2648,
                11.7912,
                11.6778,
                2.1284,
                9.6761,
                2.4248,
                2.0688,
                2.1284,
                2.0688,
                2.0688,
                2.4248,
                7.8671,
                8.2393,
                13.5325,
                9.6761,
                1.7451
            ],
            "new_highs": 2,
            "new_highs_ratio": 0.07692307692307693
        }
    ]
}