number_of_retries,execution_rank_per_item
1.0,2.7142857142857144
2.0,2.5
3.0,3.142857142857143
4.0,2.7857142857142856
5.0,3.857142857142857
