{
    "time": 1.0,
    "perf_time": 1.328819,
    "instructions": 4859673500.0,
    "cycles": 4181174100.0,
    "cache-references": 443872900.0,
    "cache-misses": 130281600.0,
    "branches": 954823800.0,
    "branch-misses": 24063700.0,
    "cpu-clock": 2.861206,
    "task-clock": 2.581559,
    "faults": 250200.0,
    "minor-faults": 250100.0,
    "major-faults": 0.0,
    "cs": 2500.0,
    "migrations": 0.0,
    "L1-dcache-loads": 2045462000.0,
    "L1-dcache-load-misses": 92977700.0,
    "dTLB-loads": 9200100.0,
    "dTLB-load-misses": 2396000.0,
    "weights": 101936200.0,
    "energy": 1275600.0
}