{
"time": 0.01,
"perf_time": 0.01328819,
"instructions": 48596735.00000000,
"cycles": 41811741.00000000,
"cache-references": 4438729.00000000,
"cache-misses": 1302816.00000000,
"branches": 9548238.00000000,
"branch-misses": 240637.00000000,
"cpu-clock": 0.02861206,
"task-clock": 0.02581559,
"faults": 2502.00000000,
"minor-faults": 2501.00000000,
"major-faults": 0.00000000,
"cs": 25.00000000,
"migrations": 0.00000000,
"L1-dcache-loads": 20454620.00000000,
"L1-dcache-load-misses": 929777.00000000,
"dTLB-loads": 92001.00000000,
"dTLB-load-misses": 23960.00000000,
"weights": 1019362.00000000,
"energy": 12756.00000000
}
