{
"time": [0.02,0.01,0.01,0.01,0.01,0.01,0.01,0.01,0.01,0.01,0.01,0.01,0.01,0.01,0.01,0.01,0.01,0.01,0.01,0.01,0.01],
"perf_time": [0.01360101,0.01480795,0.01355596,0.01599554,0.01328819,0.01218357,0.01452460,0.01503200,0.02482921,0.01229881,0.01184365,0.01661650,0.01312441,0.01355030,0.01332618,0.01314040,0.01199164,0.01186565,0.01247460,0.01268447,0.01249492],
"instructions": [48320100.00000000,48710229.00000000,48273061.00000000,49080393.00000000,48774007.00000000,49193629.00000000,48789171.00000000,48192771.00000000,48929181.00000000,48416239.00000000,48139123.00000000,49067025.00000000,48896017.00000000,48550734.00000000,48596735.00000000,48224940.00000000,48877089.00000000,48246726.00000000,48373376.00000000,49014078.00000000,48490220.00000000],
"cycles": [42263117.00000000,41811741.00000000,41244986.00000000,42218224.00000000,42730439.00000000,40976153.00000000,41247127.00000000,42859097.00000000,42209560.00000000,42524234.00000000,43068762.00000000,41047642.00000000,41773507.00000000,41482765.00000000,42995420.00000000,43630101.00000000,40958624.00000000,41740096.00000000,42494782.00000000,39420979.00000000,39316893.00000000],
"cache-references": [4436134.00000000,4540850.00000000,4495371.00000000,4361740.00000000,4439885.00000000,4438729.00000000,4433798.00000000,4506677.00000000,4483780.00000000,4357753.00000000,4418033.00000000,4442009.00000000,4409634.00000000,4407866.00000000,4397318.00000000,4389228.00000000,4409661.00000000,4489212.00000000,4462973.00000000,4486274.00000000,4505274.00000000],
"cache-misses": [1413896.00000000,1406982.00000000,1383513.00000000,1355176.00000000,1225490.00000000,1338293.00000000,1310274.00000000,1302816.00000000,1308009.00000000,1284169.00000000,1264450.00000000,1294310.00000000,1290387.00000000,1345184.00000000,1278994.00000000,1260896.00000000,1310507.00000000,1291129.00000000,1294394.00000000,1279247.00000000,1314576.00000000],
"branches": [9548238.00000000,9477433.00000000,9576428.00000000,9540507.00000000,9663164.00000000,9493600.00000000,9522280.00000000,9643147.00000000,9638682.00000000,9496838.00000000,9574409.00000000,9475448.00000000,9503019.00000000,9463010.00000000,9577264.00000000,9485208.00000000,9589341.00000000,9580764.00000000,9461396.00000000,9553749.00000000,9641676.00000000],
"branch-misses": [257462.00000000,209217.00000000,259361.00000000,213025.00000000,224492.00000000,229301.00000000,250823.00000000,225596.00000000,265992.00000000,236174.00000000,250714.00000000,246453.00000000,243888.00000000,261274.00000000,230876.00000000,231421.00000000,240637.00000000,242575.00000000,255502.00000000,238902.00000000,233587.00000000],
"cpu-clock": [0.02861206,0.02834959,0.02540093,0.02930600,0.02530427,0.02918769,0.02934540,0.02954459,0.03018252,0.02947865,0.02848732,0.02946706,0.02853314,0.02857238,0.02934211,0.02848753,0.02946015,0.02968252,0.01145316,0.02849318,0.02747566],
"task-clock": [0.02579456,0.02643795,0.02971612,0.02910584,0.02581559,0.02845261,0.02947013,0.02983631,0.02937997,0.02952887,0.03081389,0.03770540,0.01304563,0.01368510,0.01211449,0.01272889,0.01163363,0.01136223,0.01186970,0.01277185,0.01590600],
"faults": [2492.00000000,2526.00000000,2503.00000000,2472.00000000,2498.00000000,2529.00000000,2487.00000000,2526.00000000,2504.00000000,2523.00000000,2502.00000000,2501.00000000,2550.00000000,2467.00000000,2520.00000000,2497.00000000,2527.00000000,2493.00000000,2502.00000000,2476.00000000,2495.00000000],
"minor-faults": [2506.00000000,2468.00000000,2472.00000000,2521.00000000,2524.00000000,2525.00000000,2501.00000000,2472.00000000,2482.00000000,2535.00000000,2549.00000000,2525.00000000,2493.00000000,2498.00000000,2492.00000000,2473.00000000,2527.00000000,2499.00000000,2531.00000000,2484.00000000,2526.00000000],
"major-faults": [0.00000000,0.00000000,0.00000000,0.00000000,0.00000000,0.00000000,0.00000000,0.00000000,0.00000000,0.00000000,0.00000000,0.00000000,0.00000000,0.00000000,0.00000000,0.00000000,0.00000000,0.00000000,0.00000000,0.00000000,0.00000000],
"cs": [26.00000000,25.00000000,25.00000000,25.00000000,24.00000000,26.00000000,25.00000000,25.00000000,26.00000000,24.00000000,24.00000000,24.00000000,26.00000000,26.00000000,25.00000000,25.00000000,24.00000000,24.00000000,24.00000000,26.00000000,26.00000000],
"migrations": [0.00000000,2.00000000,1.00000000,0.00000000,3.00000000,0.00000000,0.00000000,0.00000000,0.00000000,0.00000000,3.00000000,0.00000000,2.00000000,0.00000000,2.00000000,0.00000000,0.00000000,0.00000000,0.00000000,0.00000000,0.00000000],
"L1-dcache-loads": [20370250.00000000,20473816.00000000,20470891.00000000,20399334.00000000,20685529.00000000,20592739.00000000,20763404.00000000,20564478.00000000,20357678.00000000,20454620.00000000,20546301.00000000,20382158.00000000,20512564.00000000,20403335.00000000,20683555.00000000,20297909.00000000,20318765.00000000,20472956.00000000,20190422.00000000,20453380.00000000,20176542.00000000],
"L1-dcache-load-misses": [917907.00000000,921203.00000000,934100.00000000,928079.00000000,925192.00000000,939984.00000000,935437.00000000,945380.00000000,911085.00000000,928887.00000000,931038.00000000,924160.00000000,926402.00000000,929777.00000000,923635.00000000,942754.00000000,933277.00000000,926124.00000000,941818.00000000,933855.00000000,942031.00000000],
"dTLB-loads": [95954.00000000,93240.00000000,92606.00000000,91521.00000000,94763.00000000,93953.00000000,91242.00000000,92001.00000000,89506.00000000,89020.00000000,91826.00000000,92985.00000000,92643.00000000,93478.00000000,94327.00000000,89063.00000000,89800.00000000,89011.00000000,91042.00000000,89319.00000000,92232.00000000],
"dTLB-load-misses": [22034.00000000,24724.00000000,22350.00000000,25857.00000000,23316.00000000,25980.00000000,19662.00000000,24835.00000000,24432.00000000,27214.00000000,24155.00000000,23110.00000000,26185.00000000,24776.00000000,23960.00000000,23186.00000000,23779.00000000,22727.00000000,21514.00000000,26948.00000000,23750.00000000],
"weights": [710450.00000000,758885.00000000,401105.00000000,9752237.00000000,1084470.00000000,572486.00000000,0.00000000,2362581.00000000,72384920.00000000,248860.00000000,515647.00000000,1019362.00000000,5868509.00000000,1853146.00000000,3000046.00000000,584965.00000000,2241934.00000000,1059083.00000000,680242.00000000,621246.00000000,8781379.00000000],
"energy": [12893.00000000,12420.00000000,12252.00000000,12588.00000000,12770.00000000,12664.00000000,12756.00000000,12847.00000000,12664.00000000,15014.00000000,12328.00000000,12817.00000000,13397.00000000,12405.00000000,12359.00000000,12329.00000000,13092.00000000,12924.00000000,13061.00000000,82714.00000000,12755.00000000]
}
