{
    "time": 20.327890704543545,
    "perf_time": 19.696461375126574,
    "instructions": 0.671293084983363,
    "cycles": 2.579949386235541,
    "cache-references": 1.0916162310412714,
    "cache-misses": 3.532349810690657,
    "branches": 0.6533490322712818,
    "branch-misses": 6.2857137239923855,
    "cpu-clock": 13.865298179294713,
    "task-clock": 38.37218218393895,
    "faults": 0.8159505189554652,
    "minor-faults": 0.946717883063856,
    "major-faults": 0,
    "cs": 3.2659863237109037,
    "migrations": 168.88075692384737,
    "L1-dcache-loads": 0.7255104430529189,
    "L1-dcache-load-misses": 0.9266160944739344,
    "dTLB-loads": 2.1789536877360103,
    "dTLB-load-misses": 7.514005497490343,
    "weights": 278.76051143391345,
    "energy": 92.26305459981486
}