{
    "original": {
        "median_execution_time": 7.591497339501075
    },
    "items": [
        {
            "item_name": "perf_cache_misses",
            "median_execution_time": 7.6811236855028255,
            "duration": 160.23189660399657,
            "patch_contents": "SrcmlStmtDeletion(('src/main/java/weka/classifiers/trees/RandomForest.java.xml', 'stmt', 21)) | SrcmlStmtDeletion(('src/main/java/weka/classifiers/trees/RandomForest.java.xml', 'stmt', 26))\n",
            "number_of_retries": 1,
            "number_of_steps": 12,
            "best_fitness": 500827313.0,
            "reference_fitness": 506314006.0,
            "params": false,
            "fitness_values": [
                508193486.0,
                507971411.0,
                504984729.0,
                524753059.0,
                506314006.0,
                512136620.0,
                500827313.0
            ],
            "new_highs": 3,
            "new_highs_ratio": 0.42857142857142855
        },
        {
            "item_name": "perf_cache_misses",
            "median_execution_time": 8.165173221499572,
            "duration": 188.50657747800142,
            "patch_contents": "SrcmlStmtDeletion(('src/main/java/weka/classifiers/trees/RandomForest.java.xml', 'stmt', 46))\n",
            "number_of_retries": 2,
            "number_of_steps": 7,
            "best_fitness": 495103093.5,
            "reference_fitness": 513751179.5,
            "params": false,
            "fitness_values": [
                519712782.5,
                495103093.5,
                509674431.5,
                513751179.5,
                511021438.0,
                509018043.0
            ],
            "new_highs": 1,
            "new_highs_ratio": 0.16666666666666666
        }
    ]
}