{
    "original": {
        "median_execution_time": 0.14888492299360223,
        "search_type": "genetic_programming"
    },
    "items": [
        {
            "item_name": "time",
            "median_execution_time": 0.16527219099953072,
            "duration": 346.2467482799984,
            "patch_contents": "ParamSetting(('weka.params', 'param', 'B'), 'True') | ParamSetting(('weka.params', 'param', 'K'), 3) | ParamSetting(('weka.params', 'param', 'P'), 7) | ParamSetting(('weka.params', 'param', 'P'), 3) | ParamSetting(('weka.params', 'param', 'V'), 0.07729784941475187) | ParamSetting(('weka.params', 'param', 'V'), 0.04830211669813809) | ParamSetting(('weka.params', 'param', 'I'), 18)\n",
            "number_of_retries": 1,
            "crossover": "GeneticProgrammingConcat",
            "number_of_steps": 110,
            "best_fitness": 1.7485,
            "reference_fitness": 7.8836,
            "params": false,
            "fitness_values": [
                7.6809,
                4.4445,
                7.6733,
                7.8836,
                7.8836,
                7.8836,
                2.3399,
                7.6725,
                3.0041,
                7.6736,
                7.621,
                7.8836,
                7.6539,
                2.7025,
                6.7463,
                2.634,
                7.6486,
                7.6005,
                3.0464,
                7.6098,
                2.3399,
                2.634,
                2.7025,
                3.0041,
                2.3936,
                2.634,
                2.7025,
                3.0547,
                2.9995,
                4.4105,
                6.971,
                6.7883,
                7.621,
                7.6486,
                7.6539,
                2.406,
                2.6043,
                3.0041,
                2.3399,
                2.3936,
                2.406,
                2.6043,
                2.3936,
                1.7897,
                1.795,
                1.8842,
                1.8495,
                2.5636,
                2.6043,
                2.6819,
                2.8953,
                2.8382,
                1.7546,
                2.8519,
                2.3399,
                1.7546,
                1.7897,
                1.795,
                1.8495,
                1.799,
                1.7652,
                1.7485,
                1.8495,
                1.7818,
                1.7546,
                2.6284,
                2.3688,
                2.5636,
                2.65,
                1.7677,
                1.8938,
                3.0041,
                3.0425,
                1.775,
                2.634,
                1.7485,
                1.7546,
                1.7546,
                1.7652,
                1.8628,
                1.7897,
                1.7812,
                1.7652,
                1.7842,
                1.795,
                1.7818,
                1.7897,
                1.775,
                1.8377,
                1.799,
                1.7546,
                1.8228,
                3.0041,
                1.7546,
                1.7877,
                1.7485,
                1.7546,
                1.7546,
                1.7546,
                1.7485,
                1.7897,
                1.7546,
                1.799,
                1.7546,
                1.7652,
                1.7665,
                1.7485,
                1.7812,
                1.7818,
                1.7818,
                1.7652,
                1.7485,
                2.3369,
                1.7546,
                1.7832,
                1.7485,
                1.7485,
                1.7485,
                1.7485,
                1.7485,
                1.7665,
                1.7665,
                1.7485,
                2.3369,
                1.7818,
                1.7897,
                1.7485,
                1.799,
                1.7485,
                1.7665,
                1.7665,
                1.763,
                1.7983,
                1.7647,
                1.7485,
                1.7485,
                1.7485,
                1.7485,
                1.7983,
                1.7485,
                2.2557,
                1.7485,
                1.7983,
                1.7665,
                1.7665,
                1.7485,
                1.763,
                1.7485,
                1.7665,
                1.777,
                1.7485,
                1.7485,
                1.7485,
                1.7485,
                1.7485,
                1.7485,
                1.7485,
                1.7665,
                1.7485,
                1.777,
                1.7485,
                1.763,
                1.7485,
                1.7485,
                1.7665,
                1.7485,
                1.763,
                1.7665,
                1.7485,
                1.7485,
                1.7485,
                1.7485,
                1.7485,
                1.7485,
                1.7485,
                1.7485,
                1.7485,
                1.7665,
                1.7485,
                1.7485,
                1.7485,
                1.7665,
                1.763,
                1.777,
                1.7485,
                1.7485,
                1.7485,
                1.7485,
                1.7485,
                1.7698,
                1.7759
            ],
            "new_highs": 5,
            "new_highs_ratio": 0.02617801047120419
        }
    ]
}