{
    "time": 1.0,
    "perf_time": 0.9995618708053691,
    "instructions": 1279613507.885906,
    "cycles": 4164208868.9597316,
    "cache-references": 1840453.187919463,
    "cache-misses": 187415.26845637584,
    "branches": 341408708.89261746,
    "branch-misses": 3050281.0402684566,
    "cpu-clock": 0.9978316409395973,
    "task-clock": 0.9993201946308725,
    "faults": 178.0201342281879,
    "minor-faults": 172.48322147651007,
    "major-faults": 5.704697986577181,
    "cs": 9.899328859060402,
    "migrations": 0.0,
    "L1-dcache-loads": 210086729.36241612,
    "L1-dcache-load-misses": 503674.6644295302,
    "dTLB-loads": 221548.8255033557,
    "dTLB-load-misses": 2342.1140939597317,
    "weights": 513666.27516778524,
    "energy": 2455513.9261744968
}