{
"time": [5.97,5.99,5.97,5.96,5.97,5.97,5.97,5.95,5.95,5.96,5.95,5.96,5.96,5.97,5.97,5.97,5.97,5.96,5.95,5.96,5.96],
"perf_time": [5.96482809,5.95141095,5.96624348,5.95746446,5.97191181,5.95567563,5.95240716,5.96213888,5.95599452,5.94833992,5.95135229,5.97278203,5.95600954,5.95265768,5.95738875,5.95381473,5.96477194,5.96562218,5.95422246,5.96625829,5.98085581],
"instructions": [7638818018.00000000,7629622902.00000000,7625832474.00000000,7629221505.00000000,7629079934.00000000,7626496507.00000000,7626546774.00000000,7628958776.00000000,7625596357.00000000,7626716241.00000000,7626279835.00000000,7626222313.00000000,7627056156.00000000,7626270143.00000000,7626179774.00000000,7626130027.00000000,7626838264.00000000,7626330800.00000000,7625925887.00000000,7626466416.00000000,7626520144.00000000],
"cycles": [24890524251.00000000,24745446625.00000000,24818684859.00000000,24833287969.00000000,24829743192.00000000,24769563637.00000000,24732212241.00000000,24831450523.00000000,24805141774.00000000,24803528604.00000000,24854110723.00000000,24822723071.00000000,24755631440.00000000,24740990414.00000000,24845553101.00000000,24843557468.00000000,24810622875.00000000,24832277837.00000000,24732904011.00000000,24820086967.00000000,24801897868.00000000],
"cache-references": [11062937.00000000,10820215.00000000,11093609.00000000,14115612.00000000,10969101.00000000,11167546.00000000,10685557.00000000,11716036.00000000,10924065.00000000,21578846.00000000,10846544.00000000,10896036.00000000,10915928.00000000,10967861.00000000,10986713.00000000,15071628.00000000,10972549.00000000,10937687.00000000,10961954.00000000,18361623.00000000,10957437.00000000],
"cache-misses": [1303858.00000000,1085069.00000000,1217426.00000000,1116995.00000000,1074335.00000000,1237382.00000000,1083483.00000000,1065164.00000000,1048720.00000000,1156394.00000000,1169319.00000000,1026192.00000000,1150407.00000000,1002742.00000000,1119198.00000000,1111519.00000000,1231925.00000000,1096520.00000000,1196440.00000000,1138335.00000000,1106205.00000000],
"branches": [2037220569.00000000,2034845751.00000000,2034757768.00000000,2034604189.00000000,2034831867.00000000,2034787779.00000000,2034790642.00000000,2034709449.00000000,2034881085.00000000,2034784692.00000000,2034902162.00000000,2034871236.00000000,2035195598.00000000,2034779069.00000000,2034795905.00000000,2034637447.00000000,2034673916.00000000,2034647995.00000000,2035288982.00000000,2035457638.00000000,2034801755.00000000],
"branch-misses": [18227793.00000000,18179742.00000000,18178381.00000000,18178950.00000000,18177987.00000000,18177725.00000000,18177297.00000000,18179675.00000000,18178839.00000000,18185671.00000000,18184661.00000000,18177468.00000000,18180396.00000000,18181003.00000000,18179819.00000000,18191330.00000000,18176918.00000000,18184946.00000000,18176410.00000000,18180100.00000000,18179267.00000000],
"cpu-clock": [5.95218283,5.94797571,5.93981951,5.93906014,5.93856504,5.95635141,5.96754811,5.94601821,5.96041599,5.94675454,5.95479075,5.94544175,5.94240746,5.94119300,5.93843255,5.94707658,5.94444401,5.96555821,5.96067922,5.95681019,5.95351686],
"task-clock": [5.97150450,5.95709171,5.94920679,5.95594836,5.94153822,5.96061964,5.95746725,5.95665305,5.96176573,5.95059584,5.96085417,5.94395903,5.94228063,5.95778223,5.95128768,5.93641912,5.94485076,5.94641421,5.95717629,5.94675238,5.96154105],
"faults": [1061.00000000,1062.00000000,1063.00000000,1062.00000000,1059.00000000,1059.00000000,1064.00000000,1061.00000000,1060.00000000,1061.00000000,1064.00000000,1061.00000000,1063.00000000,1062.00000000,1060.00000000,1060.00000000,1060.00000000,1061.00000000,1060.00000000,1065.00000000,1065.00000000],
"minor-faults": [1027.00000000,1029.00000000,1028.00000000,1028.00000000,1026.00000000,1027.00000000,1028.00000000,1027.00000000,1030.00000000,1027.00000000,1024.00000000,1029.00000000,1033.00000000,1029.00000000,1027.00000000,1027.00000000,1030.00000000,1029.00000000,1025.00000000,1033.00000000,1028.00000000],
"major-faults": [34.00000000,34.00000000,34.00000000,34.00000000,34.00000000,34.00000000,34.00000000,34.00000000,34.00000000,34.00000000,34.00000000,34.00000000,34.00000000,34.00000000,34.00000000,34.00000000,33.00000000,34.00000000,34.00000000,34.00000000,34.00000000],
"cs": [64.00000000,60.00000000,59.00000000,66.00000000,48.00000000,56.00000000,58.00000000,48.00000000,256.00000000,49.00000000,268.00000000,50.00000000,72.00000000,53.00000000,65.00000000,75.00000000,90.00000000,50.00000000,45.00000000,89.00000000,47.00000000],
"migrations": [0.00000000,0.00000000,1.00000000,0.00000000,0.00000000,0.00000000,0.00000000,0.00000000,0.00000000,0.00000000,0.00000000,0.00000000,0.00000000,0.00000000,0.00000000,0.00000000,0.00000000,0.00000000,0.00000000,0.00000000,0.00000000],
"L1-dcache-loads": [1254698849.00000000,1252420512.00000000,1252057949.00000000,1252270568.00000000,1251966755.00000000,1252154278.00000000,1252229881.00000000,1252162621.00000000,1250652989.00000000,1251276584.00000000,1253207239.00000000,1251181769.00000000,1253445450.00000000,1252116907.00000000,1253793782.00000000,1251303131.00000000,1250691304.00000000,1251573121.00000000,1251436175.00000000,1251015679.00000000,1252229775.00000000],
"L1-dcache-load-misses": [3154469.00000000,3008511.00000000,2987116.00000000,8997033.00000000,2992501.00000000,2977666.00000000,3391435.00000000,2988560.00000000,2985852.00000000,2996932.00000000,2983053.00000000,3012506.00000000,3097893.00000000,2955584.00000000,2988424.00000000,3174801.00000000,4496693.00000000,8994349.00000000,3001901.00000000,3090313.00000000,3000597.00000000],
"dTLB-loads": [1325473.00000000,1359539.00000000,1307845.00000000,1314635.00000000,1325310.00000000,1317659.00000000,1355496.00000000,1304824.00000000,1316067.00000000,1323802.00000000,1320431.00000000,1312149.00000000,1322199.00000000,1354201.00000000,1305933.00000000,1306218.00000000,1352295.00000000,1313073.00000000,1356655.00000000,1321360.00000000,1316199.00000000],
"dTLB-load-misses": [16002.00000000,14244.00000000,14108.00000000,13472.00000000,13593.00000000,13980.00000000,14008.00000000,13745.00000000,14570.00000000,13901.00000000,13793.00000000,14110.00000000,13941.00000000,13856.00000000,14214.00000000,14213.00000000,13631.00000000,13929.00000000,14367.00000000,13959.00000000,13788.00000000],
"weights": [3192957.00000000,3061451.00000000,2535259.00000000,4610897.00000000,2898395.00000000,3165197.00000000,3516435.00000000,2960456.00000000,3009108.00000000,4606490.00000000,3240935.00000000,2791334.00000000,2926945.00000000,5391308.00000000,2618731.00000000,4850861.00000000,2856325.00000000,4645204.00000000,2871978.00000000,3245729.00000000,2637913.00000000],
"energy": [15440867.00000000,15358077.00000000,15195167.00000000,15026429.00000000,15018922.00000000,14764647.00000000,15051696.00000000,14760712.00000000,14719027.00000000,14599190.00000000,14564936.00000000,14614769.00000000,14652090.00000000,14603340.00000000,14620033.00000000,14498625.00000000,14510312.00000000,14634863.00000000,14551829.00000000,14516980.00000000,14548107.00000000]
}
