{
"time": 5.96,
"perf_time": 5.95738875,
"instructions": 7626496507.00000000,
"cycles": 24818684859.00000000,
"cache-references": 10969101.00000000,
"cache-misses": 1116995.00000000,
"branches": 2034795905.00000000,
"branch-misses": 18179675.00000000,
"cpu-clock": 5.94707658,
"task-clock": 5.95594836,
"faults": 1061.00000000,
"minor-faults": 1028.00000000,
"major-faults": 34.00000000,
"cs": 59.00000000,
"migrations": 0.00000000,
"L1-dcache-loads": 1252116907.00000000,
"L1-dcache-load-misses": 3001901.00000000,
"dTLB-loads": 1320431.00000000,
"dTLB-load-misses": 13959.00000000,
"weights": 3061451.00000000,
"energy": 14634863.00000000
}
