{
    "time": 1.0,
    "perf_time": 0.9996159737903225,
    "instructions": 1281879309.8790324,
    "cycles": 4165750505.342742,
    "cache-references": 1670747.7822580645,
    "cache-misses": 153389.9193548387,
    "branches": 341888630.6451613,
    "branch-misses": 3043673.790322581,
    "cpu-clock": 0.9989714344758065,
    "task-clock": 0.9985667993951614,
    "faults": 107.05645161290323,
    "minor-faults": 103.125,
    "major-faults": 3.931451612903226,
    "cs": 9.173387096774194,
    "migrations": 0.0,
    "L1-dcache-loads": 209298416.12903225,
    "L1-dcache-load-misses": 457912.0967741936,
    "dTLB-loads": 209138.10483870967,
    "dTLB-load-misses": 1246.975806451613,
    "weights": 405226.81451612903,
    "energy": 2446083.4677419355
}