{
"time": 9.92,
"perf_time": 9.91619046,
"instructions": 12716242754.00000000,
"cycles": 41324245013.00000000,
"cache-references": 16573818.00000000,
"cache-misses": 1521628.00000000,
"branches": 3391535216.00000000,
"branch-misses": 30193244.00000000,
"cpu-clock": 9.90979663,
"task-clock": 9.90578265,
"faults": 1062.00000000,
"minor-faults": 1023.00000000,
"major-faults": 39.00000000,
"cs": 91.00000000,
"migrations": 0.00000000,
"L1-dcache-loads": 2076240288.00000000,
"L1-dcache-load-misses": 4542488.00000000,
"dTLB-loads": 2074650.00000000,
"dTLB-load-misses": 12370.00000000,
"weights": 4019850.00000000,
"energy": 24265148.00000000
}
