{
    "time": 0.12230797585974282,
    "perf_time": 0.12311685472468005,
    "instructions": 0.011040884732523817,
    "cycles": 0.1495659228866269,
    "cache-references": 13.017189228650569,
    "cache-misses": 7.069770000766004,
    "branches": 0.008344469050501634,
    "branch-misses": 0.029648767251002472,
    "cpu-clock": 0.08336247648131481,
    "task-clock": 0.09903678725420885,
    "faults": 0.2581032633540936,
    "minor-faults": 0.20786810875864542,
    "major-faults": 0.5467158869192641,
    "cs": 75.02684789903572,
    "migrations": 308.2207001484488,
    "L1-dcache-loads": 0.06418968093019425,
    "L1-dcache-load-misses": 19.768749718553067,
    "dTLB-loads": 1.2896800862213926,
    "dTLB-load-misses": 2.4722106346341275,
    "weights": 18.108322789551217,
    "energy": 1.4572780944640789
}