Key,Median,IQR
1,0.006,0.0025645514223194745
2,0.006470315398886827,0.009553971541544503
3,0.00957716766540296,0.03174195104140704
4,0.01402572747209584,0.02725902033834697
5,0.017016832041136062,0.041890747125838804
