Key,Median,IQR
1,0.008,0.010607142857142858
2,0.00815368639667705,0.013942020140372291
3,0.010218780434885454,0.0316246369477686
4,0.016660917557778543,0.030884863248475197
5,0.017016832041136062,0.041890747125838804
