{
    "original": {
        "median_execution_time": 7.296895658131689,
        "search_type": "local_search"
    },
    "items": [
        {
            "item_name": "weights",
            "median_execution_time": 7.371164444019087,
            "duration": 2680.06904890202,
            "patch_contents": "ParamSetting(('test.params', 'param', 'CONFLICTBOUNDINCFACTOR'), 2.1441515513114506)\n",
            "number_of_retries": 2,
            "number_of_steps": 26,
            "best_fitness": 1084069439.005,
            "reference_fitness": 1272567818.7655,
            "params": false,
            "fitness_values": [
                1084069439.005,
                1272567818.7655,
                1139154812.7285,
                1171005899.8235,
                1400172919.1265,
                1177204668.0815,
                1084069439.005,
                1452700566.9,
                1349466501.5835,
                1084069439.005,
                1272567818.7655,
                1084069439.005,
                1236187989.84,
                1084069439.005,
                1272567818.7655,
                1280887528.5135,
                1349466501.5835,
                1310320688.328,
                1460369863.302,
                1175088342.4565,
                1336298491.9945,
                1216776866.503,
                1084069439.005,
                1410627132.78,
                1169415460.244,
                1212928188.4835
            ],
            "new_highs": 0,
            "new_highs_ratio": 0.0
        },
        {
            "item_name": "weights",
            "median_execution_time": 7.378538595512509,
            "duration": 3190.475824458059,
            "patch_contents": "ParamSetting(('test.params', 'param', 'CONFLICTBOUNDINCFACTOR'), 2.1441515513114506) | ParamSetting(('test.params', 'param', 'CLADECAY'), 0.3565385250381603) | ParamSetting(('test.params', 'param', 'SIMP'), 'EXPENSIVE_SIMPLIFICATION') | ParamSetting(('test.params', 'param', 'CONFLICTBOUNDINCFACTOR'), 3.7740290197297948) | ParamSetting(('test.params', 'param', 'SIMP'), 'EXPENSIVE_SIMPLIFICATION') | ParamSetting(('test.params', 'param', 'CLADECAY'), 0.1681493981396387)\n",
            "number_of_retries": 4,
            "number_of_steps": 16,
            "best_fitness": 1169609798.5435,
            "reference_fitness": 1378355279.77225,
            "params": false,
            "fitness_values": [
                1310624328.57775,
                1378355279.77225,
                1345757525.16625,
                1325707910.31675,
                1255940128.86625,
                1412076378.6545,
                1255940128.86625,
                1250983809.73225,
                1315435658.053,
                1255940128.86625,
                1250983809.73225,
                1169609798.5435,
                1169609798.5435,
                1169609798.5435,
                1169609798.5435,
                1202582841.32175
            ],
            "new_highs": 3,
            "new_highs_ratio": 0.1875
        }
    ]
}