{
    "time": 1.0,
    "perf_time": 1.0015447090301002,
    "instructions": 1280435909.3645484,
    "cycles": 4155878252.1739125,
    "cache-references": 2194407.0234113713,
    "cache-misses": 270419.73244147154,
    "branches": 341205997.993311,
    "branch-misses": 3060589.632107023,
    "cpu-clock": 1.0003018595317725,
    "task-clock": 0.9989673612040133,
    "faults": 354.51505016722405,
    "minor-faults": 343.81270903010034,
    "major-faults": 11.37123745819398,
    "cs": 16.72240802675585,
    "migrations": 0.0,
    "L1-dcache-loads": 211609612.7090301,
    "L1-dcache-load-misses": 586660.8695652174,
    "dTLB-loads": 245785.61872909698,
    "dTLB-load-misses": 4275.919732441471,
    "weights": 1100831.4381270902,
    "energy": 2511104.347826087
}