{
"time": [3.01,3.00,2.99,2.99,3.00,2.99,3.01,2.98,2.99,2.99,3.01,3.00,3.01,2.99,2.99,2.99,2.99,2.99,2.99,3.00,2.99],
"perf_time": [3.02000840,2.98576326,2.98733816,2.99821206,3.00352154,2.98572058,2.99600166,2.99461868,2.98736594,2.98792424,2.98955264,3.00041292,2.99617045,2.99076779,2.98807725,3.01086386,2.99469297,2.98808996,3.01210212,2.98780647,2.99591517],
"instructions": [3838342804.00000000,3829443156.00000000,3828606189.00000000,3828087777.00000000,3828074299.00000000,3828271175.00000000,3829482102.00000000,3828248663.00000000,3828533691.00000000,3828963764.00000000,3831984855.00000000,3828136878.00000000,3828620151.00000000,3828248594.00000000,3829266352.00000000,3828665041.00000000,3827688143.00000000,3828503369.00000000,3828281976.00000000,3828047602.00000000,3827809071.00000000],
"cycles": [12458876412.00000000,12362449655.00000000,12420559226.00000000,12445197881.00000000,12445451002.00000000,12445490207.00000000,12449203336.00000000,12359463583.00000000,12401872578.00000000,12421258248.00000000,12470898419.00000000,12434266183.00000000,12456272134.00000000,12477798775.00000000,12391122814.00000000,12426075974.00000000,12376857987.00000000,12419002974.00000000,12369551517.00000000,12471006001.00000000,12423618831.00000000],
"cache-references": [6670127.00000000,6563632.00000000,6573267.00000000,6585974.00000000,6709128.00000000,6533132.00000000,6604998.00000000,6510534.00000000,6561277.00000000,6436637.00000000,6520836.00000000,11097117.00000000,6551670.00000000,6631356.00000000,6528237.00000000,6471989.00000000,6454533.00000000,6497784.00000000,6571418.00000000,6612463.00000000,6493269.00000000],
"cache-misses": [970392.00000000,795822.00000000,788237.00000000,907031.00000000,833085.00000000,819126.00000000,779199.00000000,813652.00000000,808555.00000000,866991.00000000,817985.00000000,820007.00000000,766455.00000000,871396.00000000,799429.00000000,780892.00000000,790396.00000000,823541.00000000,767791.00000000,751066.00000000,781984.00000000],
"branches": [1022283277.00000000,1020409050.00000000,1020594650.00000000,1020679474.00000000,1020145212.00000000,1020262594.00000000,1020165467.00000000,1020203952.00000000,1020159413.00000000,1020373886.00000000,1020431135.00000000,1020338784.00000000,1020186299.00000000,1020199551.00000000,1020258440.00000000,1020169860.00000000,1020146106.00000000,1020032442.00000000,1020629649.00000000,1020205934.00000000,1020186000.00000000],
"branch-misses": [9198066.00000000,9153037.00000000,9151163.00000000,9151693.00000000,9153393.00000000,9149815.00000000,9152277.00000000,9152017.00000000,9155640.00000000,9150351.00000000,9149857.00000000,9150859.00000000,9163338.00000000,9147944.00000000,9146197.00000000,9147758.00000000,9148714.00000000,9149122.00000000,9151525.00000000,9153978.00000000,9150634.00000000],
"cpu-clock": [3.01766653,2.99757039,2.98363112,2.99428572,2.97850203,3.00163811,2.99672392,2.98587034,2.99940670,2.98188461,2.99090256,2.98389029,2.98238571,2.98445418,2.98013140,2.99768429,2.99934537,2.99813531,2.98593116,2.98312434,2.99986470],
"task-clock": [3.01326480,2.98092164,2.97970550,2.98072957,2.98621282,3.00004056,2.98109379,2.98076456,2.99151274,2.97925237,2.99730483,3.00018226,2.98750857,2.98175196,2.98743265,2.98691241,2.99342790,3.00247302,2.97896406,2.98642687,2.99937636],
"faults": [1055.00000000,1058.00000000,1059.00000000,1065.00000000,1059.00000000,1060.00000000,1061.00000000,1062.00000000,1063.00000000,1059.00000000,1062.00000000,1059.00000000,1058.00000000,1058.00000000,1065.00000000,1060.00000000,1061.00000000,1061.00000000,1057.00000000,1059.00000000,1062.00000000],
"minor-faults": [1028.00000000,1031.00000000,1029.00000000,1027.00000000,1031.00000000,1024.00000000,1024.00000000,1028.00000000,1024.00000000,1032.00000000,1025.00000000,1028.00000000,1030.00000000,1026.00000000,1028.00000000,1024.00000000,1028.00000000,1030.00000000,1028.00000000,1030.00000000,1023.00000000],
"major-faults": [32.00000000,32.00000000,34.00000000,34.00000000,34.00000000,34.00000000,34.00000000,34.00000000,34.00000000,34.00000000,34.00000000,34.00000000,34.00000000,34.00000000,34.00000000,34.00000000,34.00000000,34.00000000,34.00000000,34.00000000,34.00000000],
"cs": [54.00000000,44.00000000,59.00000000,50.00000000,44.00000000,50.00000000,66.00000000,67.00000000,43.00000000,45.00000000,54.00000000,44.00000000,61.00000000,48.00000000,55.00000000,110.00000000,47.00000000,50.00000000,47.00000000,53.00000000,116.00000000],
"migrations": [0.00000000,0.00000000,0.00000000,0.00000000,0.00000000,1.00000000,0.00000000,0.00000000,0.00000000,0.00000000,0.00000000,0.00000000,0.00000000,0.00000000,1.00000000,0.00000000,0.00000000,0.00000000,0.00000000,0.00000000,0.00000000],
"L1-dcache-loads": [634674535.00000000,633378968.00000000,632317069.00000000,633385453.00000000,632712742.00000000,632566761.00000000,632923509.00000000,632002704.00000000,632466315.00000000,632813320.00000000,632619213.00000000,632640107.00000000,632656592.00000000,632720386.00000000,632690984.00000000,632871135.00000000,632898115.00000000,632605628.00000000,632806712.00000000,633139599.00000000,632567067.00000000],
"L1-dcache-load-misses": [1878665.00000000,1744684.00000000,1754116.00000000,1804154.00000000,1802147.00000000,1899170.00000000,1745026.00000000,1749342.00000000,1739436.00000000,1759987.00000000,1737174.00000000,1813711.00000000,1903292.00000000,1764953.00000000,1745619.00000000,3245886.00000000,1754533.00000000,1743972.00000000,1730990.00000000,1738973.00000000,1737266.00000000],
"dTLB-loads": [738077.00000000,728999.00000000,731650.00000000,731195.00000000,750426.00000000,745200.00000000,734899.00000000,736630.00000000,731908.00000000,733769.00000000,729393.00000000,753142.00000000,726640.00000000,735022.00000000,736259.00000000,729325.00000000,732608.00000000,743239.00000000,742686.00000000,729326.00000000,742533.00000000],
"dTLB-load-misses": [15541.00000000,13360.00000000,12700.00000000,12999.00000000,13160.00000000,12609.00000000,12785.00000000,12700.00000000,12628.00000000,12727.00000000,12744.00000000,13098.00000000,12686.00000000,12629.00000000,12450.00000000,13524.00000000,12684.00000000,13135.00000000,13039.00000000,12818.00000000,13166.00000000],
"weights": [3165492.00000000,4949432.00000000,2992882.00000000,3504222.00000000,2997053.00000000,5809588.00000000,3356586.00000000,3274966.00000000,3402487.00000000,3226475.00000000,3291486.00000000,3185031.00000000,3366308.00000000,6017135.00000000,3421637.00000000,3007991.00000000,3042886.00000000,3703184.00000000,3235893.00000000,3418698.00000000,3228055.00000000],
"energy": [7969956.00000000,7854421.00000000,7768488.00000000,7797143.00000000,7754131.00000000,7681243.00000000,7716794.00000000,7597172.00000000,7612582.00000000,7534782.00000000,7508202.00000000,7444470.00000000,7504846.00000000,7409804.00000000,7395171.00000000,7390823.00000000,7347368.00000000,7358415.00000000,7342043.00000000,7291584.00000000,7306065.00000000]
}
