{
    "time": 0.11834423116093118,
    "perf_time": 0.06890261860638162,
    "instructions": 0.005080678127905801,
    "cycles": 0.17063700221850864,
    "cache-references": 7.097408847683565,
    "cache-misses": 2.6771508430330755,
    "branches": 0.0051964810578230426,
    "branch-misses": 0.04227940122050235,
    "cpu-clock": 0.09350983206764174,
    "task-clock": 0.13222476275608355,
    "faults": 0.11769919429927464,
    "minor-faults": 0.2432807143546126,
    "major-faults": 5.600845791576614,
    "cs": 6.7012832970313285,
    "migrations": 141.4213562373095,
    "L1-dcache-loads": 0.015880977617955448,
    "L1-dcache-load-misses": 0.3726053240623736,
    "dTLB-loads": 0.2439089104096417,
    "dTLB-load-misses": 1.8746134664251246,
    "weights": 7.218586335164208,
    "energy": 0.7410113537881898
}