number_of_retries,execution_rank_per_item
1.0,3.2857142857142856
2.0,2.642857142857143
3.0,3.142857142857143
4.0,2.857142857142857
5.0,3.0714285714285716
