{
    "time": 1.0,
    "perf_time": 0.999697007556675,
    "instructions": 1279397508.186398,
    "cycles": 4164510828.5894203,
    "cache-references": 1742361.838790932,
    "cache-misses": 168052.26700251887,
    "branches": 341466692.4433249,
    "branch-misses": 3047934.130982368,
    "cpu-clock": 0.9984142632241814,
    "task-clock": 0.9977246007556675,
    "faults": 133.75314861460956,
    "minor-faults": 129.34508816120905,
    "major-faults": 4.282115869017632,
    "cs": 8.438287153652393,
    "migrations": 0.0,
    "L1-dcache-loads": 209668250.62972292,
    "L1-dcache-load-misses": 486729.0931989924,
    "dTLB-loads": 214192.94710327455,
    "dTLB-load-misses": 1874.9370277078085,
    "weights": 371806.54911838786,
    "energy": 2453907.1788413096
}