{
"time": [7.95,7.94,7.95,7.93,7.93,7.95,7.94,7.92,7.95,7.95,7.95,7.93,7.93,7.95,7.94,7.94,7.95,7.93,7.96,7.93,7.95],
"perf_time": [7.94333352,7.93046016,7.93657868,7.92987923,7.92503935,7.93600089,7.94746166,7.96089703,7.93759424,7.95200800,7.93940017,7.94114284,7.92631533,7.94854000,7.96457518,7.94720716,7.94246149,7.93085930,7.93328053,7.93697845,7.92370539],
"instructions": [10166781275.00000000,10158182570.00000000,10158457387.00000000,10158162761.00000000,10158166602.00000000,10158970320.00000000,10162267979.00000000,10158416215.00000000,10159473310.00000000,10158391324.00000000,10158653032.00000000,10163635682.00000000,10158613890.00000000,10157688107.00000000,10158255795.00000000,10157915002.00000000,10158768814.00000000,10157905014.00000000,10157891896.00000000,10158359280.00000000,10158572814.00000000],
"cycles": [33080215210.00000000,33000418944.00000000,33115906045.00000000,33066215979.00000000,33044360217.00000000,33146193328.00000000,33055761426.00000000,33089027807.00000000,32989351660.00000000,33132726518.00000000,33061934603.00000000,33016952300.00000000,33064166308.00000000,33016326018.00000000,33092025110.00000000,33086226948.00000000,33108220436.00000000,33168719266.00000000,33053163698.00000000,33055681425.00000000,33085911179.00000000],
"cache-references": [13834353.00000000,13927016.00000000,13704719.00000000,13898495.00000000,13648229.00000000,13730384.00000000,13800466.00000000,13624380.00000000,14965707.00000000,17953188.00000000,13575525.00000000,13673148.00000000,13870423.00000000,15093489.00000000,13628837.00000000,14052606.00000000,13828773.00000000,14190228.00000000,13972527.00000000,14003070.00000000,13758981.00000000],
"cache-misses": [1521577.00000000,1344132.00000000,1334335.00000000,1375732.00000000,1253757.00000000,1297583.00000000,1329436.00000000,1240912.00000000,1277322.00000000,1353007.00000000,1459452.00000000,1281410.00000000,1489138.00000000,1197316.00000000,1262233.00000000,1429731.00000000,1210632.00000000,1260982.00000000,1409157.00000000,1422692.00000000,1335877.00000000],
"branches": [2714630796.00000000,2711249342.00000000,2711445722.00000000,2711163943.00000000,2711204875.00000000,2711092007.00000000,2711268528.00000000,2711322189.00000000,2711111827.00000000,2711245538.00000000,2711392702.00000000,2711173303.00000000,2711081489.00000000,2711179609.00000000,2711439022.00000000,2711136753.00000000,2711320038.00000000,2711205182.00000000,2712407190.00000000,2711326589.00000000,2711183795.00000000],
"branch-misses": [24246387.00000000,24209462.00000000,24195707.00000000,24199492.00000000,24217553.00000000,24209716.00000000,24196487.00000000,24225079.00000000,24196880.00000000,24212149.00000000,24197600.00000000,24197353.00000000,24219195.00000000,24202169.00000000,24200597.00000000,24200483.00000000,24200889.00000000,24195478.00000000,24197353.00000000,24200698.00000000,24198021.00000000],
"cpu-clock": [7.93479754,7.92740925,7.91354101,7.92184386,7.92255742,7.94951511,7.93122757,7.91214559,7.91093036,7.93125984,7.94874296,7.91727894,7.92513573,7.93389185,7.93511022,7.93944515,7.91546525,7.92337826,7.94253050,7.92149375,7.92909932],
"task-clock": [7.95046320,7.92009003,7.92070560,7.92268677,7.92193333,7.92509152,7.92746016,7.91919104,7.90967603,7.92550623,7.94025230,7.93650347,7.92113184,7.91435570,7.91547098,7.94265516,7.91155677,7.92207510,7.91274259,7.90967303,7.92336185],
"faults": [1059.00000000,1062.00000000,1064.00000000,1061.00000000,1062.00000000,1058.00000000,1057.00000000,1063.00000000,1062.00000000,1061.00000000,1063.00000000,1059.00000000,1061.00000000,1064.00000000,1061.00000000,1062.00000000,1062.00000000,1062.00000000,1063.00000000,1061.00000000,1059.00000000],
"minor-faults": [1025.00000000,1027.00000000,1025.00000000,1026.00000000,1022.00000000,1027.00000000,1027.00000000,1029.00000000,1028.00000000,1029.00000000,1029.00000000,1024.00000000,1025.00000000,1029.00000000,1032.00000000,1028.00000000,1026.00000000,1030.00000000,1024.00000000,1030.00000000,1028.00000000],
"major-faults": [34.00000000,34.00000000,34.00000000,34.00000000,34.00000000,34.00000000,34.00000000,34.00000000,34.00000000,34.00000000,34.00000000,34.00000000,34.00000000,34.00000000,33.00000000,34.00000000,34.00000000,34.00000000,34.00000000,34.00000000,34.00000000],
"cs": [67.00000000,74.00000000,120.00000000,60.00000000,70.00000000,70.00000000,124.00000000,537.00000000,474.00000000,62.00000000,110.00000000,55.00000000,64.00000000,60.00000000,67.00000000,66.00000000,71.00000000,60.00000000,115.00000000,59.00000000,65.00000000],
"migrations": [0.00000000,0.00000000,0.00000000,0.00000000,0.00000000,0.00000000,0.00000000,1.00000000,0.00000000,0.00000000,1.00000000,1.00000000,0.00000000,0.00000000,2.00000000,1.00000000,2.00000000,0.00000000,0.00000000,1.00000000,0.00000000],
"L1-dcache-loads": [1668449074.00000000,1665543783.00000000,1664031806.00000000,1663918759.00000000,1665004583.00000000,1663219205.00000000,1664765910.00000000,1667254345.00000000,1663832992.00000000,1663866102.00000000,1665504104.00000000,1667787176.00000000,1663670057.00000000,1663443556.00000000,1664474824.00000000,1663137008.00000000,1665049223.00000000,1667089845.00000000,1665633738.00000000,1667277271.00000000,1663415405.00000000],
"L1-dcache-load-misses": [4197091.00000000,4000112.00000000,3830967.00000000,4814539.00000000,3842817.00000000,4078357.00000000,3772566.00000000,3812831.00000000,4054115.00000000,3864629.00000000,3824878.00000000,3868907.00000000,5733098.00000000,3784763.00000000,8047896.00000000,3839736.00000000,3814116.00000000,5847203.00000000,3830939.00000000,3837997.00000000,4062392.00000000],
"dTLB-loads": [1707825.00000000,1706906.00000000,1689377.00000000,1703432.00000000,1695381.00000000,1699506.00000000,1699167.00000000,1700692.00000000,1706031.00000000,1697690.00000000,1697500.00000000,1724950.00000000,1691259.00000000,1702625.00000000,1757169.00000000,1755506.00000000,1706887.00000000,1758325.00000000,1694151.00000000,1697235.00000000,1696042.00000000],
"dTLB-load-misses": [16705.00000000,14277.00000000,14887.00000000,14487.00000000,15154.00000000,14811.00000000,15184.00000000,14857.00000000,15524.00000000,14827.00000000,14702.00000000,14657.00000000,14533.00000000,15097.00000000,15621.00000000,15188.00000000,15336.00000000,15488.00000000,14517.00000000,15800.00000000,14830.00000000],
"weights": [3380254.00000000,4795950.00000000,3505105.00000000,2957103.00000000,2456807.00000000,3117232.00000000,2797366.00000000,4389696.00000000,3171423.00000000,4955424.00000000,2457942.00000000,2680713.00000000,5500795.00000000,2563860.00000000,2844276.00000000,2553457.00000000,3512993.00000000,2858733.00000000,2952144.00000000,2545375.00000000,2379592.00000000],
"energy": [20568471.00000000,20459971.00000000,20134411.00000000,19916466.00000000,19792464.00000000,19659780.00000000,19484023.00000000,19579859.00000000,19577021.00000000,19498900.00000000,19357840.00000000,19400654.00000000,19491927.00000000,19468109.00000000,19349753.00000000,19351431.00000000,19377263.00000000,19401798.00000000,19440050.00000000,19370718.00000000,19455964.00000000]
}
