{
"time": 7.94,
"perf_time": 7.93759424,
"instructions": 10158416215.00000000,
"cycles": 33066215979.00000000,
"cache-references": 13834353.00000000,
"cache-misses": 1334335.00000000,
"branches": 2711245538.00000000,
"branch-misses": 24200597.00000000,
"cpu-clock": 7.92740925,
"task-clock": 7.92193333,
"faults": 1062.00000000,
"minor-faults": 1027.00000000,
"major-faults": 34.00000000,
"cs": 67.00000000,
"migrations": 0.00000000,
"L1-dcache-loads": 1664765910.00000000,
"L1-dcache-load-misses": 3864629.00000000,
"dTLB-loads": 1700692.00000000,
"dTLB-load-misses": 14887.00000000,
"weights": 2952144.00000000,
"energy": 19484023.00000000
}
