number_of_retries,execution_rank_per_item
1.0,3.0
2.0,2.6923076923076925
3.0,2.9166666666666665
4.0,2.6363636363636362
5.0,3.230769230769231
