{
    "original": {
        "median_execution_time": 13.252090957999826,
        "search_type": "local_search"
    },
    "items": [
        {
            "item_name": "perf_time",
            "median_execution_time": 13.675457940000342,
            "duration": 232.5445433019995,
            "patch_contents": "ParamSetting(('lpg.params', 'param', 'repeats'), 11)\n",
            "number_of_retries": 1,
            "number_of_steps": 11,
            "best_fitness": 12.871925,
            "reference_fitness": 13.862139,
            "params": false,
            "fitness_values": [
                24.744833,
                13.862139,
                13.862139,
                13.862139,
                13.862139,
                12.871925,
                13.862139
            ],
            "new_highs": 2,
            "new_highs_ratio": 0.2857142857142857
        }
    ]
}