Key,Median,IQR
perf_time,0.0020429009193054137,0.002492246472984836
perf_instructions,0.002044989775051125,0.0022418389197220645
perf_branch_misses,0.0021141649048625794,0.0009072978303747534
time,0.0022346368715083797,0.001503220402833808
perf_branches,0.00243605359317905,0.0001967968419895002
perf_L1_dcache_loads,0.002544529262086514,0.0011724183612638272
energy,0.008,0.0014189886480908149
weights,0.015873015873015872,0.014322250639386188
perf_cache_references,0.026694045174537988,0.01600708171931366
perf_cache_misses,0.034574468085106384,0.05505336768494663
perf_faults,0.03945371775417299,0.008512866256859743
perf_cycles,0.04891304347826087,0.10236880188894812
perf_task_clock,0.09897959183673469,0.19677432039613185
perf_cpu_clock,0.677710843373494,0.3179602324576149
