Key,Median,IQR
1,0.0059882386689615605,0.012924948287580012
2,0.008547008547008548,0.04360988381606938
3,0.012195121951219513,0.00622923588039867
4,0.015625,0.12732351278555515
5,0.018518518518518517,0.006265664160401002
