{
    "time": 1.0,
    "perf_time": 1.0192640662337662,
    "instructions": 11429669723.896103,
    "cycles": 6792528178.701299,
    "cache-references": 427393045.58441556,
    "cache-misses": 66353205.71428572,
    "branches": 2200249077.662338,
    "branch-misses": 52992413.50649351,
    "cpu-clock": 1.0133994805194804,
    "task-clock": 1.0132167857142858,
    "faults": 32227.272727272728,
    "minor-faults": 32264.285714285714,
    "major-faults": 13.766233766233766,
    "cs": 840.0,
    "migrations": 23.636363636363637,
    "L1-dcache-loads": 5408253720.519481,
    "L1-dcache-load-misses": 233336723.5064935,
    "dTLB-loads": 30256314.025974024,
    "dTLB-load-misses": 1858872.987012987,
    "weights": 2722212828.1818181,
    "energy": 12356986.493506493
}