{
"time": [7.66,7.68,7.66,7.65,7.69,7.72,7.70,7.70,7.65,7.75,7.81,7.72,7.70,7.76,7.72,7.79,7.66,7.75,7.68,7.76,7.79],
"perf_time": [7.84082868,7.81036056,7.76121723,7.85898202,7.86496327,7.75192031,7.80577719,7.85201510,7.78978035,7.85284174,7.76365289,7.84325435,7.80717325,7.84833331,7.84903362,7.94610111,7.88841509,7.85038855,7.77654764,7.88649772,7.87024652],
"instructions": [88008456874.00000000,88188030449.00000000,87554929019.00000000,88422643796.00000000,87864633967.00000000,88842158992.00000000,86981164322.00000000,87487785561.00000000,89478630992.00000000,87857945413.00000000,87867414402.00000000,88035944520.00000000,86347161055.00000000,87729436212.00000000,86349276216.00000000,89388756404.00000000,88764592916.00000000,87705205614.00000000,88270105427.00000000,88049834033.00000000,88690327370.00000000],
"cycles": [51874709107.00000000,51939818104.00000000,52302466976.00000000,52054563129.00000000,51335235775.00000000,51833913119.00000000,52201655664.00000000,52965037300.00000000,53000744552.00000000,52973478927.00000000,52012244407.00000000,52179112137.00000000,53041991021.00000000,51634946861.00000000,52433065875.00000000,52688670425.00000000,51237023103.00000000,52706575697.00000000,52566708279.00000000,53444971127.00000000,52450923749.00000000],
"cache-references": [3250452783.00000000,3293856341.00000000,3318243524.00000000,3313481888.00000000,3251205070.00000000,3360945006.00000000,3383723715.00000000,3283957849.00000000,3301381837.00000000,3317873210.00000000,3311925281.00000000,3290926451.00000000,3283280762.00000000,3271653765.00000000,3290863674.00000000,3283795059.00000000,3254116579.00000000,3305338972.00000000,3327271276.00000000,3242621943.00000000,3285773551.00000000],
"cache-misses": [520868258.00000000,513964543.00000000,502951494.00000000,530014940.00000000,504426705.00000000,508372479.00000000,512732867.00000000,518741721.00000000,506124590.00000000,524119661.00000000,506528390.00000000,510919684.00000000,506136672.00000000,519023302.00000000,516588610.00000000,508622121.00000000,503521326.00000000,512611874.00000000,518352397.00000000,510711518.00000000,507618157.00000000],
"branches": [16929797578.00000000,17031872258.00000000,17079989003.00000000,16897959975.00000000,16960320755.00000000,16963964389.00000000,16850909316.00000000,16941917898.00000000,16916037489.00000000,17032373756.00000000,16808064428.00000000,16922817035.00000000,17148429300.00000000,16822894374.00000000,16905896688.00000000,16900866844.00000000,16959044306.00000000,17191469905.00000000,16919733976.00000000,17208673444.00000000,17191139443.00000000],
"branch-misses": [405264459.00000000,413989724.00000000,412036866.00000000,408764202.00000000,411427125.00000000,410423252.00000000,406062004.00000000,402933905.00000000,409442646.00000000,407998182.00000000,416468821.00000000,406802499.00000000,406254701.00000000,396311327.00000000,405679538.00000000,410915574.00000000,408830027.00000000,408398786.00000000,408041584.00000000,406778611.00000000,407790983.00000000],
"cpu-clock": [7.88934259,7.73078989,7.73148028,7.77415437,7.68659060,7.74153400,7.78635719,7.78552866,7.82251421,7.87572421,7.80521049,7.80043066,7.82938615,7.75833549,7.83930648,7.84399572,7.90271002,7.78768866,7.80649209,7.80317600,7.84495549],
"task-clock": [7.82560135,7.88867406,7.79271517,7.85545641,7.81461175,7.74099817,7.72210954,7.75652491,7.84624127,7.84491484,7.80682914,7.79323598,7.81719283,7.78896711,7.75325925,7.79679365,7.66668045,7.94297925,7.73633735,7.80421650,7.80176925],
"faults": [248009.00000000,255987.00000000,249101.00000000,248703.00000000,250345.00000000,248150.00000000,248336.00000000,251234.00000000,248448.00000000,247049.00000000,245463.00000000,239467.00000000,238804.00000000,253261.00000000,245053.00000000,252174.00000000,244416.00000000,248118.00000000,243476.00000000,244169.00000000,249766.00000000],
"minor-faults": [246473.00000000,248435.00000000,249189.00000000,253281.00000000,248453.00000000,247101.00000000,253837.00000000,253053.00000000,240539.00000000,251108.00000000,245765.00000000,256053.00000000,248409.00000000,233692.00000000,253295.00000000,235728.00000000,253117.00000000,248697.00000000,242720.00000000,247232.00000000,246454.00000000],
"major-faults": [104.00000000,107.00000000,106.00000000,106.00000000,103.00000000,106.00000000,107.00000000,107.00000000,106.00000000,107.00000000,106.00000000,104.00000000,106.00000000,108.00000000,107.00000000,106.00000000,106.00000000,107.00000000,106.00000000,106.00000000,107.00000000],
"cs": [7390.00000000,6637.00000000,6754.00000000,6451.00000000,6477.00000000,6474.00000000,6387.00000000,6691.00000000,6382.00000000,6414.00000000,6538.00000000,6211.00000000,6333.00000000,6171.00000000,6339.00000000,6594.00000000,6468.00000000,6221.00000000,6304.00000000,6509.00000000,6663.00000000],
"migrations": [292.00000000,192.00000000,188.00000000,173.00000000,138.00000000,178.00000000,182.00000000,173.00000000,187.00000000,207.00000000,223.00000000,174.00000000,209.00000000,182.00000000,178.00000000,211.00000000,194.00000000,174.00000000,149.00000000,177.00000000,173.00000000],
"L1-dcache-loads": [41398294288.00000000,41427597219.00000000,41668014813.00000000,41534598219.00000000,40819060220.00000000,41947885834.00000000,42083277033.00000000,41860621265.00000000,41725037995.00000000,40999385356.00000000,41941601352.00000000,42401749088.00000000,41538779169.00000000,41967912983.00000000,41431091378.00000000,41260354803.00000000,40991916273.00000000,42025520103.00000000,41643553648.00000000,42058088949.00000000,41453284556.00000000],
"L1-dcache-load-misses": [1788439747.00000000,1781032495.00000000,1835775243.00000000,1779192056.00000000,1822735879.00000000,1796692771.00000000,1783989113.00000000,1805332571.00000000,1796899428.00000000,1812780635.00000000,1828931168.00000000,1782348186.00000000,1791030848.00000000,1819172086.00000000,1760224144.00000000,1813087752.00000000,1798221597.00000000,1784152925.00000000,1789517397.00000000,1766382564.00000000,1802662544.00000000],
"dTLB-loads": [229280773.00000000,232718311.00000000,235249048.00000000,240594021.00000000,235455881.00000000,232229113.00000000,237373322.00000000,234247842.00000000,235545119.00000000,224332614.00000000,229415948.00000000,238494126.00000000,228954721.00000000,240350457.00000000,232973618.00000000,232438157.00000000,234091879.00000000,229436112.00000000,231321513.00000000,233548342.00000000,232482024.00000000],
"dTLB-load-misses": [14212268.00000000,14314514.00000000,14414949.00000000,14210564.00000000,14200970.00000000,14313322.00000000,14324759.00000000,14206381.00000000,14090593.00000000,14309585.00000000,14483689.00000000,14275960.00000000,14481606.00000000,14322599.00000000,14059254.00000000,14108801.00000000,14149556.00000000,14370291.00000000,14349344.00000000,14431007.00000000,14345768.00000000],
"weights": [5569234491.00000000,5700709488.00000000,5628363977.00000000,5450038328.00000000,5687352502.00000000,5648246858.00000000,5460112524.00000000,5550431391.00000000,5803884052.00000000,5561038777.00000000,5488024417.00000000,5591116023.00000000,5850006732.00000000,5713236477.00000000,5510413286.00000000,5532344215.00000000,5601792714.00000000,5545557531.00000000,5519289366.00000000,5366230579.00000000,5398443033.00000000],
"energy": [94495113.00000000,96834652.00000000,94333455.00000000,96805021.00000000,96319970.00000000,98885008.00000000,96972707.00000000,94232432.00000000,98577071.00000000,96734683.00000000,94737578.00000000,94504543.00000000,95148796.00000000,96667455.00000000,93288587.00000000,97521980.00000000,93285993.00000000,94819544.00000000,94516917.00000000,94493999.00000000,95583726.00000000]
}
