{
"time": 7.70,
"perf_time": 7.84833331,
"instructions": 88008456874.00000000,
"cycles": 52302466976.00000000,
"cache-references": 3290926451.00000000,
"cache-misses": 510919684.00000000,
"branches": 16941917898.00000000,
"branch-misses": 408041584.00000000,
"cpu-clock": 7.80317600,
"task-clock": 7.80176925,
"faults": 248150.00000000,
"minor-faults": 248435.00000000,
"major-faults": 106.00000000,
"cs": 6468.00000000,
"migrations": 182.00000000,
"L1-dcache-loads": 41643553648.00000000,
"L1-dcache-load-misses": 1796692771.00000000,
"dTLB-loads": 232973618.00000000,
"dTLB-load-misses": 14313322.00000000,
"weights": 5561038777.00000000,
"energy": 95148796.00000000
}
