{
    "time": 0.6204855245989644,
    "perf_time": 0.6039069958214538,
    "instructions": 0.9059956440226443,
    "cycles": 1.0921428192618805,
    "cache-references": 1.034763646666799,
    "cache-misses": 1.38743821028516,
    "branches": 0.6930536910281887,
    "branch-misses": 0.983195822152662,
    "cpu-clock": 0.684144335364049,
    "task-clock": 0.7530488737700735,
    "faults": 1.6441286528625816,
    "minor-faults": 2.2753326287048536,
    "major-faults": 1.0846540371269813,
    "cs": 3.901811422327761,
    "migrations": 15.935038556465578,
    "L1-dcache-loads": 0.9521057998796669,
    "L1-dcache-load-misses": 1.0768090656981115,
    "dTLB-loads": 1.6566836415967738,
    "dTLB-load-misses": 0.8353491934467485,
    "weights": 2.164039270546781,
    "energy": 1.6392955760948502
}