{
    "perf_cycles_2": 2.4267328109999937,
    "perf_time_4": 2.463972257000009,
    "perf_task_clock_3": 11.460263556000001,
    "perf_cpu_clock_1": 3.099151055000007,
    "perf_cache_references_2": 2.5878190420000067,
    "energy_1": 0.344590697000001,
    "perf_instructions_3": 2.5267822639999906,
    "perf_cpu_clock_2": 11.287795090999992,
    "perf_cycles_1": 0.3386839180000152,
    "perf_time_1": 0.3341849619999948,
    "perf_time_2": 2.5312048959999913,
    "energy_4": 2.521818345000014,
    "perf_branch_misses_2": 2.4376243469999963,
    "perf_cpu_clock_3": 11.400997676000003,
    "perf_cycles_3": 2.480465102000011,
    "perf_cache_misses_2": 2.60684428899998,
    "perf_cache_references_3": 2.509087937000004,
    "perf_cache_references_4": 2.534212583999988,
    "perf_time_5": 2.5109438259999592,
    "perf_branch_misses_4": 2.587499969000021,
    "perf_branch_misses_1": 0.34484998300001735,
    "perf_branch_misses_3": 8.19865239699999,
    "perf_instructions_5": 2.4982225690000064,
    "perf_task_clock_2": 11.454168428000003,
    "perf_faults_4": 2.6415836169999807,
    "perf_branches_3": 2.4813377950000017,
    "time_4": 2.4713496050000003,
    "weights_5": 2.7257510779999734,
    "perf_faults_2": 0.3812296300000071,
    "perf_branches_5": 2.5483980989999964,
    "perf_branches_1": 2.478572148000012,
    "perf_branches_2": 2.3167104069999596,
    "perf_cache_misses_5": 2.5624804969999673,
    "perf_faults_1": 4.528740352,
    "perf_task_clock_5": 2.5339106639999613,
    "perf_cache_misses_3": 2.555363492999959,
    "energy_2": 2.542532907000009,
    "perf_time_3": 2.4609794849999957,
    "perf_cycles_4": 2.5378359350000324,
    "energy_3": 2.494308967000052,
    "perf_branch_misses_5": 2.5754382549999946,
    "perf_cache_misses_1": 0.33815683000000263,
    "weights_2": 2.530966884999998,
    "perf_L1_dcache_loads_4": 2.5451896480000187,
    "time_3": 2.493586280000045,
    "perf_L1_dcache_loads_1": 2.4500559629999543,
    "perf_cpu_clock_4": 11.37770625600001,
    "perf_instructions_4": 2.504553345999966,
    "perf_instructions_1": 2.5576078540000253,
    "perf_faults_3": 2.6888067410000076,
    "weights_4": 2.54513547800002,
    "perf_instructions_2": 2.410416820999899,
    "perf_L1_dcache_loads_5": 11.525350213000024,
    "weights_1": 2.749760680999998,
    "perf_cpu_clock_5": 11.405800599999907,
    "perf_faults_5": 2.7033371139999645,
    "perf_cache_references_5": 11.49229491799997,
    "perf_cache_misses_4": 2.5461539780000066,
    "perf_task_clock_1": 11.462941178000051,
    "perf_branches_4": 2.529141708999987,
    "perf_L1_dcache_loads_3": 2.548142817999974,
    "perf_cycles_5": 2.53680946999998,
    "perf_cache_references_1": 2.816382798999939,
    "weights_3": 2.7066624859999138,
    "time_2": 2.464544825999951,
    "time_1": 0.3318071040000632,
    "perf_task_clock_4": 11.350150005000046,
    "energy_5": 2.672221307999962,
    "perf_L1_dcache_loads_2": 2.565241866000065,
    "time_5": 2.4723505460000297
}