{
    "original": {
        "median_execution_time": 23.588127869879827,
        "search_type": "local_search"
    },
    "items": [
        {
            "item_name": "energy",
            "median_execution_time": 8.30799792893231,
            "duration": 2197.0574907849077,
            "patch_contents": "ParamSetting(('scipy.params', 'param', 'method'), 'L-BFGS-B') | ParamSetting(('scipy.params', 'param', 'tol'), 0.018410241935634727) | ParamSetting(('scipy.params', 'param', 'maxiter'), 6807) | ParamSetting(('scipy.params', 'param', 'disp'), 'False') | ParamSetting(('scipy.params', 'param', 'method'), 'trust-constr')\n",
            "number_of_retries": 5,
            "number_of_steps": 56,
            "best_fitness": 269891779.8,
            "reference_fitness": 705134511.8,
            "params": false,
            "fitness_values": [
                705134511.8,
                705134511.8,
                631619533.2,
                380702596.2,
                556537432.8,
                631619533.2,
                380702596.2,
                380702596.2,
                631619533.2,
                399184300.2,
                380552768.6,
                462185866.8,
                380702596.2,
                556769662.4,
                556769662.4,
                556769662.4,
                380552768.6,
                380552768.6,
                380552768.6,
                347937161.2,
                390633124.8,
                380552768.6,
                347937161.2,
                403353362.4,
                475165541.8,
                353117096.2,
                347937161.2,
                350065579.75,
                347937161.2,
                390633124.8,
                380552768.6,
                475165541.8,
                383509235.0,
                355758662.0,
                398570504.2,
                347937161.2,
                378140768.8,
                391702591.8,
                320763444.4,
                269891779.8
            ],
            "new_highs": 6,
            "new_highs_ratio": 0.15
        }
    ]
}