{
    "original": {
        "median_execution_time": 11.31374216079712
    },
    "items": [
        {
            "item_name": "energy",
            "median_execution_time": 0.003787517547607422,
            "duration": 113.3138964176178,
            "patch_contents": "ParamSetting(('minisat_simplified.params', 'param', 'elim'), 'True') | ParamSetting(('minisat_simplified.params', 'param', 'pre'), 'True') | ParamSetting(('minisat_simplified.params', 'param', 'simp-gc-frac'), 362655052.93857175) | ParamSetting(('minisat_simplified.params', 'param', 'asymm'), 'False') | ParamSetting(('minisat_simplified.params', 'param', 'verb'), '1') | ParamSetting(('minisat_simplified.params', 'param', 'rnd-seed'), 1598656681)\n",
            "number_of_retries": 1,
            "number_of_steps": 13,
            "best_fitness": 85833162.0,
            "reference_fitness": 89155576.0,
            "params": false,
            "fitness_values": [
                89283301.0,
                89155576.0,
                89155576.0,
                89155576.0,
                89155576.0,
                89069902.0,
                89155576.0,
                89069902.0,
                89069902.0,
                85833162.0,
                85833162.0,
                87359893.0,
                87874912.0
            ],
            "new_highs": 3,
            "new_highs_ratio": 0.23076923076923078
        }
    ]
}