{
    "original": {
        "median_execution_time": 10.096890473000258,
        "search_type": "local_search"
    },
    "items": [
        {
            "item_name": "perf_time",
            "median_execution_time": 1.6030876989998433,
            "duration": 242.97767042900023,
            "patch_contents": "ParamSetting(('weka.params', 'param', 'K'), 3) | ParamSetting(('weka.params', 'param', 'P'), 4) | ParamSetting(('weka.params', 'param', 'I'), 8) | ParamSetting(('weka.params', 'param', 'N'), 57) | ParamSetting(('weka.params', 'param', 'U'), 'False') | ParamSetting(('weka.params', 'param', 'I'), 38)\n",
            "number_of_retries": 1,
            "number_of_steps": 53,
            "best_fitness": 1.527693,
            "reference_fitness": 10.344275,
            "params": false,
            "fitness_values": [
                10.344275,
                10.344275,
                10.171484,
                10.344275,
                8.950636,
                8.830871,
                3.363515,
                3.328072,
                3.58198,
                3.42454,
                3.58198,
                3.695323,
                3.328072,
                3.556647,
                3.58198,
                3.395828,
                8.950636,
                3.328072,
                3.328072,
                3.328072,
                3.469439,
                3.363515,
                3.328072,
                3.328072,
                2.295666,
                1.793763,
                1.793763,
                2.985747,
                2.850675,
                2.016583,
                2.041844,
                1.938996,
                1.574891,
                1.574891,
                1.744962,
                1.595271,
                1.574891,
                1.646154,
                3.103961,
                1.558767,
                1.918947,
                1.652298,
                1.934464,
                1.558767,
                1.527693,
                1.633123,
                1.527693,
                1.878914,
                1.533438,
                1.527693,
                5.190019,
                1.616896,
                1.533223
            ],
            "new_highs": 10,
            "new_highs_ratio": 0.18867924528301888
        }
    ]
}