{
    "original": {
        "median_execution_time": 11.49084375800012
    },
    "items": [
        {
            "item_name": "time",
            "median_execution_time": 11.542114323650093,
            "duration": 105.93422627449036,
            "patch_contents": "ParamSetting(('minisat_simplified.params', 'param', 'asymm'), 'False') | ParamSetting(('minisat_simplified.params', 'param', 'simp-gc-frac'), 316484128.54976875) | ParamSetting(('minisat_simplified.params', 'param', 'grow'), -1362)\n",
            "number_of_retries": 1,
            "number_of_steps": 14,
            "best_fitness": 9.0157,
            "reference_fitness": 11.5093,
            "params": false,
            "fitness_values": [
                11.5096,
                11.5093,
                11.5093,
                22.8642,
                11.9416,
                11.5093,
                11.5093,
                11.5093,
                11.5093,
                11.5093,
                11.5093,
                11.5093,
                11.5072,
                9.0157
            ],
            "new_highs": 3,
            "new_highs_ratio": 0.21428571428571427
        }
    ]
}