{
    "original": {
        "median_execution_time": 13.903621539007872,
        "search_type": "genetic_programming"
    },
    "items": [
        {
            "item_name": "time",
            "median_execution_time": 2.3992766470182687,
            "duration": 180.00100522802677,
            "patch_contents": "ParamSetting(('minisat_simplified.params', 'param', 'rinc'), 3474.3136806071107)\n",
            "number_of_retries": 1,
            "number_of_steps": 10,
            "best_fitness": 2.3081,
            "reference_fitness": 13.8494,
            "params": false,
            "fitness_values": [
                12.6877,
                8.9083,
                2.3103,
                13.0135,
                10.841,
                16.2032,
                2.3081,
                3.1615
            ],
            "new_highs": 3,
            "new_highs_ratio": 0.375
        }
    ]
}