{
    "time": 0.0,
    "perf_time": 3.165830152758679,
    "instructions": 0.2769173889474756,
    "cycles": 3.13291392396072,
    "cache-references": 2.009062331480289,
    "cache-misses": 0.009708793749532308,
    "branches": 0.4476096709379222,
    "branch-misses": 4.096155177187153,
    "cpu-clock": 32.446838180919734,
    "task-clock": 24.67652577953647,
    "faults": 0.01998001998001998,
    "minor-faults": 0.04,
    "major-faults": 0,
    "cs": 1.9607843137254901,
    "migrations": 100.0,
    "L1-dcache-loads": 0.04793439269831588,
    "L1-dcache-load-misses": 0.5518024763192347,
    "dTLB-loads": 0.2747833439019235,
    "dTLB-load-misses": 5.5157987449080705,
    "weights": 23.131725901507856,
    "energy": 0.41377156686704664
}