{
    "time": 23.564845358726068,
    "perf_time": 14.769866069143655,
    "instructions": 0.6603064531814014,
    "cycles": 3.7015493666432864,
    "cache-references": 2.0839538472338495,
    "cache-misses": 3.158651073461694,
    "branches": 0.7059690873448661,
    "branch-misses": 6.234881238940858,
    "cpu-clock": 13.47177747483618,
    "task-clock": 29.239756220049728,
    "faults": 0.7550924054376049,
    "minor-faults": 0.9683553167958501,
    "major-faults": 0.0,
    "cs": 3.8868922488642186,
    "migrations": 130.0461873809916,
    "L1-dcache-loads": 0.6729703860913318,
    "L1-dcache-load-misses": 0.9323602775779609,
    "dTLB-loads": 2.4409789639037545,
    "dTLB-load-misses": 8.62336073758895,
    "weights": 209.38369743470287,
    "energy": 80.14270601246916
}