number_of_retries,execution_rank_per_item
1.0,3.0
2.0,3.1538461538461537
3.0,2.6666666666666665
4.0,2.5384615384615383
5.0,3.272727272727273
