item_name_orig,mean_median_execution_time,rank
time,5.834908269900211,1.0
perf_cycles,6.080960875699384,2.0
perf_time,6.287313212400022,3.0
perf_instructions,6.316745717200684,4.0
original,6.363353022500007,5.0
