{
    "original": {
        "median_execution_time": 0.07058727741241455
    },
    "items": [
        {
            "item_name": "time",
            "median_execution_time": 0.0009073019027709961,
            "duration": 14.12779951095581,
            "patch_contents": "SrcmlStmtDeletion(('triangle.c.xml', 'stmt', 1)) | SrcmlStmtInsertion(('triangle.c.xml', '_inter_block', 35), ('triangle.c.xml', 'stmt', 21)) | SrcmlStmtInsertion(('triangle.c.xml', '_inter_block', 30), ('triangle.c.xml', 'stmt', 5))\n",
            "number_of_retries": 1,
            "number_of_steps": 100,
            "best_fitness": 0.0104,
            "reference_fitness": 0.0803,
            "params": false,
            "fitness_values": [
                0.1072,
                0.0803,
                0.0803,
                0.0803,
                0.085,
                0.0795,
                0.0834,
                0.0816,
                0.0795,
                0.0792,
                0.0803,
                0.0147,
                0.0837,
                0.0148,
                0.0148,
                0.0152,
                0.0107,
                0.0113,
                0.0107,
                0.0148,
                0.0148,
                0.0837,
                0.0837,
                0.0148,
                0.0105,
                0.0106,
                0.0782,
                0.0143
            ],
            "new_highs": 6
        },
        {
            "item_name": "perf_time",
            "median_execution_time": 0.0014405250549316406,
            "duration": 12.736935138702393,
            "patch_contents": "SrcmlStmtInsertion(('triangle.c.xml', '_inter_block', 29), ('triangle.c.xml', 'stmt', 8)) | SrcmlStmtInsertion(('triangle.c.xml', '_inter_block', 13), ('triangle.c.xml', 'stmt', 0)) | SrcmlStmtInsertion(('triangle.c.xml', '_inter_block', 9), ('triangle.c.xml', 'stmt', 16))\n",
            "number_of_retries": 1,
            "number_of_steps": 100,
            "best_fitness": 0.055684,
            "reference_fitness": 0.070796,
            "params": false,
            "fitness_values": [
                0.070796,
                0.070469,
                0.06977,
                0.069634,
                0.069126,
                0.057124,
                0.068938,
                0.057504,
                0.058325,
                0.058325,
                0.068938,
                0.058325,
                0.056689,
                0.068938,
                0.058325,
                0.058325,
                0.057187,
                0.058325,
                0.068938,
                0.057504,
                0.057529,
                0.056846,
                0.068938,
                0.058325,
                0.057504,
                0.068938,
                0.057189,
                0.057119,
                0.068938,
                0.058325,
                0.058028,
                0.056861,
                0.058116
            ],
            "new_highs": 6
        },
        {
            "item_name": "time",
            "median_execution_time": 0.001286625862121582,
            "duration": 12.926360607147217,
            "patch_contents": "SrcmlStmtInsertion(('triangle.c.xml', '_inter_block', 18), ('triangle.c.xml', 'stmt', 13)) | SrcmlStmtInsertion(('triangle.c.xml', '_inter_block', 1), ('triangle.c.xml', 'stmt', 21)) | SrcmlStmtDeletion(('triangle.c.xml', 'stmt', 3))\n",
            "number_of_retries": 1,
            "number_of_steps": 100,
            "best_fitness": 0.0083,
            "reference_fitness": 0.0787,
            "params": true,
            "fitness_values": [
                0.083,
                0.0838,
                0.0838,
                0.0787,
                0.079,
                0.0789,
                0.0833,
                0.0829,
                0.0131,
                0.0782,
                0.0145,
                0.0103,
                0.0145,
                0.0144,
                0.0147,
                0.0151,
                0.0095,
                0.009,
                0.0147,
                0.0145,
                0.0145,
                0.079,
                0.0084,
                0.0118,
                0.0145,
                0.0148,
                0.0088,
                0.0084
            ],
            "new_highs": 6
        },
        {
            "item_name": "perf_time",
            "median_execution_time": 0.0012546777725219727,
            "duration": 11.112658977508545,
            "patch_contents": "SrcmlStmtInsertion(('triangle.c.xml', '_inter_block', 34), ('triangle.c.xml', 'stmt', 21)) | SrcmlStmtInsertion(('triangle.c.xml', '_inter_block', 11), ('triangle.c.xml', 'stmt', 5)) | SrcmlStmtDeletion(('triangle.c.xml', 'stmt', 1)) | SrcmlStmtDeletion(('triangle.c.xml', 'stmt', 8))\n",
            "number_of_retries": 1,
            "number_of_steps": 100,
            "best_fitness": 0.001099,
            "reference_fitness": 0.069867,
            "params": true,
            "fitness_values": [
                0.069884,
                0.069867,
                0.070213,
                0.069883,
                0.07081,
                0.0702,
                0.069857,
                0.071603,
                0.070935,
                0.070935,
                0.07081,
                0.069857,
                0.069857,
                0.069857,
                0.07081,
                0.071041,
                0.001505,
                0.001767,
                0.001293,
                0.001448,
                0.001623,
                0.001767,
                0.071041,
                0.001448,
                0.001474,
                0.001448,
                0.071041,
                0.001505,
                0.001448,
                0.001623,
                0.001505,
                0.001678,
                0.00143,
                0.071041,
                0.001623
            ],
            "new_highs": 4
        }
    ]
}