{
    "major-faults": 5.666666666666667,
    "branch-misses": 5.833333333333333,
    "task-clock": 9.166666666666666,
    "cpu-clock": 10.333333333333334,
    "energy": 10.5,
    "faults": 7,
    "perf_time": 9.5,
    "L1-dcache-loads": 6.5,
    "cache-references": 13.166666666666666,
    "cs": 18.5,
    "dTLB-loads": 11.166666666666666,
    "cycles": 8.166666666666666,
    "dTLB-load-misses": 15.166666666666666,
    "instructions": 5.666666666666667,
    "cache-misses": 15.333333333333334,
    "L1-dcache-load-misses": 15.166666666666666,
    "weights": 15.166666666666666,
    "branches": 6.333333333333333,
    "minor-faults": 9.166666666666666,
    "migrations": 20.666666666666668,
    "time": 12.833333333333334
}