{
    "time": 0.0,
    "perf_time": 0.6136626223625582,
    "instructions": 39.26869538858278,
    "cycles": 37.6543258072408,
    "cache-references": 61.176251121303224,
    "cache-misses": 80.69476030357376,
    "branches": 44.192142723849045,
    "branch-misses": 43.14052248042911,
    "cpu-clock": 1.484150630288808,
    "task-clock": 1.5436406690409443,
    "faults": 78.92108802562537,
    "minor-faults": 79.03619708797585,
    "major-faults": 69.96558792575009,
    "cs": 140.55773529635016,
    "migrations": 139.75840210791154,
    "L1-dcache-loads": 36.52327255289526,
    "L1-dcache-load-misses": 44.66939059387121,
    "dTLB-loads": 34.502423387302215,
    "dTLB-load-misses": 79.27065228221073,
    "weights": 26.50182207432944,
    "energy": 24.85602877581795
}