{
    "time": 0.0,
    "perf_time": 0.6223008503383363,
    "instructions": 35.60513999038646,
    "cycles": 34.47196895653709,
    "cache-references": 57.17421822647278,
    "cache-misses": 90.19277280248096,
    "branches": 39.768955049315444,
    "branch-misses": 56.853091007549935,
    "cpu-clock": 1.385008884302546,
    "task-clock": 1.8161408797560212,
    "faults": 85.51577741399873,
    "minor-faults": 85.7293766602894,
    "major-faults": 113.01349170758108,
    "cs": 145.60233458093012,
    "migrations": 147.83559131805063,
    "L1-dcache-loads": 33.10708189139596,
    "L1-dcache-load-misses": 51.09881677502383,
    "dTLB-loads": 33.453212436891924,
    "dTLB-load-misses": 81.59957320041723,
    "weights": 26.660068724764628,
    "energy": 22.692963949236837
}