{
    "time": 2.9666122302798104,
    "perf_time": 0.9843655070377889,
    "instructions": 0.45443450859234324,
    "cycles": 0.6381391172497127,
    "cache-references": 2.922838983988583,
    "cache-misses": 1.9334892478323327,
    "branches": 0.3481808959019873,
    "branch-misses": 0.7345758329391241,
    "cpu-clock": 0.9810316935625971,
    "task-clock": 0.9527556175512597,
    "faults": 0.18103793254307343,
    "minor-faults": 0.14951555949802536,
    "major-faults": 0.13188092335971555,
    "cs": 24.796065597221464,
    "migrations": 57.88576989466857,
    "L1-dcache-loads": 0.5209756000593468,
    "L1-dcache-load-misses": 1.9982932240291855,
    "dTLB-loads": 1.0304931253879686,
    "dTLB-load-misses": 4.207166340917403,
    "weights": 1.5035503322671684,
    "energy": 0.8439836429347098
}