{
    "original": {
        "median_execution_time": 5.145661750109866,
        "search_type": "genetic_programming"
    },
    "items": [
        {
            "item_name": "energy",
            "median_execution_time": 4.508438924094662,
            "duration": 1846.2421471108682,
            "patch_contents": "SrcmlStmtInsertion(('sources/core/Solver.cc.xml', '_inter_block', 32), ('sources/core/Solver.cc.xml', 'stmt', 164)) | SrcmlStmtInsertion(('sources/core/Solver.cc.xml', '_inter_block', 438), ('sources/core/Solver.cc.xml', 'stmt', 313)) | SrcmlStmtDeletion(('sources/core/Solver.cc.xml', 'stmt', 432)) | SrcmlStmtInsertion(('sources/core/Solver.cc.xml', '_inter_block', 438), ('sources/core/Solver.cc.xml', 'stmt', 313))\n",
            "number_of_retries": 1,
            "number_of_steps": 590,
            "best_fitness": 150498489.0,
            "reference_fitness": 169985304.0,
            "params": false,
            "fitness_values": [
                163375767.0,
                175138374.0,
                163375767.0,
                175138374.0,
                162317335.0,
                169985304.0,
                174790857.0,
                172537693.0,
                170148656.0,
                162317335.0,
                158548228.0,
                162317335.0,
                174790857.0,
                170148656.0,
                172537693.0,
                175138374.0,
                169985304.0,
                177117488.0,
                169985304.0,
                158548228.0,
                159553028.0,
                175138374.0,
                158548228.0,
                162317335.0,
                170148656.0,
                176515056.0,
                175138374.0,
                163375767.0,
                158548228.0,
                153058185.0,
                150498489.0,
                170148656.0,
                162317335.0,
                175138374.0,
                176515056.0,
                162887465.0,
                150498489.0,
                150498489.0,
                176515056.0,
                153058185.0,
                163375767.0,
                171915014.0,
                155360633.0,
                153058185.0,
                159553028.0,
                175138374.0,
                150498489.0,
                158548228.0,
                150498489.0,
                159898850.0,
                170148656.0,
                162317335.0,
                158548228.0,
                155360633.0,
                159553028.0,
                150498489.0,
                155360633.0,
                159898850.0,
                163375767.0,
                154526264.0,
                158548228.0,
                162317335.0,
                150498489.0,
                171732879.0,
                159898850.0,
                158548228.0,
                160246260.0,
                151488306.0,
                163938238.0,
                150498489.0,
                153058185.0,
                159846790.0,
                153058185.0,
                150898553.0,
                150498489.0,
                151488306.0,
                166236520.0,
                164526846.0,
                156035251.0,
                158548228.0,
                155411611.0,
                156035251.0,
                150498489.0,
                168486037.0,
                162900451.0,
                159553028.0,
                152311917.0,
                254963683.0,
                151674407.0,
                162900451.0,
                150498489.0,
                176515056.0,
                151674407.0,
                163909446.0,
                379536769.0,
                162621549.0,
                153175322.0,
                151387282.0,
                156035251.0,
                150498489.0,
                175138374.0,
                154774208.0,
                152968713.0,
                170148656.0,
                154129358.0,
                155360633.0,
                163739976.0,
                152560455.0,
                151834800.0,
                150498489.0,
                163198500.0,
                165072213.0,
                162317335.0,
                165784930.0,
                154194464.0,
                161160397.0,
                150498489.0,
                163909446.0,
                171339558.0,
                178854063.0,
                175138374.0,
                161252494.0,
                175138374.0,
                150498489.0,
                152503511.0,
                176299767.0,
                160156146.0,
                163615166.0,
                164384153.0,
                155360633.0,
                176086291.0,
                150498489.0,
                159553028.0,
                155018548.0,
                175138374.0,
                163578073.0,
                170395943.0,
                158548228.0,
                162317335.0,
                150498489.0,
                176515056.0,
                156587926.0,
                162317335.0,
                175138374.0,
                175138374.0,
                153058185.0,
                159553028.0,
                159652433.0,
                150498489.0,
                158548228.0,
                159553028.0,
                174351640.0,
                163375767.0,
                170148656.0,
                158548228.0,
                162300079.0,
                163375767.0,
                170148656.0,
                150498489.0,
                175138374.0,
                174351640.0,
                170148656.0,
                163375767.0,
                162317335.0,
                158548228.0,
                163375767.0,
                150498489.0,
                163375767.0,
                175138374.0,
                163375767.0,
                175138374.0,
                158548228.0,
                159553028.0,
                150498489.0,
                159553028.0,
                162300079.0,
                153058185.0,
                162317335.0,
                175138374.0,
                152540832.0,
                163375767.0,
                150498489.0,
                163375767.0,
                163375767.0,
                159553028.0,
                162300079.0,
                162300079.0,
                158548228.0,
                156029850.0,
                170148656.0,
                150498489.0,
                158548228.0,
                153058185.0,
                158548228.0,
                168946585.0,
                162300079.0,
                165301616.0,
                150498489.0,
                170148656.0,
                168946585.0,
                158548228.0,
                158548228.0,
                163902733.0,
                158548228.0,
                159553028.0,
                150498489.0,
                154878847.0,
                158548228.0,
                158548228.0,
                163902733.0,
                196730961.0,
                150498489.0,
                153058185.0,
                176515056.0,
                159553028.0,
                153058185.0,
                165441350.0,
                176515056.0,
                158548228.0,
                150498489.0,
                150498489.0,
                159898850.0,
                159553028.0,
                159553028.0,
                153058185.0,
                158548228.0,
                159553028.0,
                162300079.0,
                150498489.0,
                170148656.0,
                158548228.0,
                164760491.0,
                176515056.0,
                163375767.0,
                153058185.0,
                150498489.0,
                162300079.0,
                153058185.0,
                176515056.0,
                163375767.0,
                173135105.0,
                155360633.0,
