{
    "original": {
        "median_execution_time": 5.860508391400799,
        "search_type": "local_search"
    },
    "items": [
        {
            "item_name": "energy",
            "median_execution_time": 5.606565808178857,
            "duration": 1851.596016510157,
            "patch_contents": "SrcmlStmtDeletion(('sources/core/Solver.cc.xml', 'stmt', 438)) | SrcmlStmtInsertion(('sources/core/Solver.cc.xml', '_inter_block', 44), ('sources/core/Solver.cc.xml', 'stmt', 369)) | SrcmlStmtReplacement(('sources/core/Solver.cc.xml', 'stmt', 389), ('sources/core/Solver.cc.xml', 'stmt', 305)) | SrcmlStmtDeletion(('sources/core/Solver.cc.xml', 'stmt', 66)) | SrcmlStmtDeletion(('sources/core/Solver.cc.xml', 'stmt', 296))\n",
            "number_of_retries": 1,
            "number_of_steps": 228,
            "best_fitness": 322870570.0,
            "reference_fitness": 361313163.0,
            "params": false,
            "fitness_values": [
                366452256.0,
                365584335.0,
                388619368.0,
                369488750.0,
                365392389.0,
                362890626.0,
                359234916.0,
                361313163.0,
                360300718.0,
                407985310.0,
                361059942.0,
                352607787.0,
                407077703.0,
                469383411.0,
                359234916.0,
                376164858.0,
                341758236.0,
                352607787.0,
                346826104.0,
                352456092.0,
                381654366.0,
                340881038.0,
                349941665.0,
                655655195.0,
                385249425.0,
                347368556.0,
                341758236.0,
                416978268.0,
                349570026.0,
                355349314.0,
                374671466.0,
                382701644.0,
                722010589.0,
                673142526.0,
                583066100.0,
                362925171.0,
                362299456.0,
                411908630.0,
                407853816.0,
                382754575.0,
                395821861.0,
                363567746.0,
                358433872.0,
                336874699.0,
                403312868.0,
                357635909.0,
                378382989.0,
                349437877.0,
                390636568.0,
                389283290.0,
                333234735.0,
                391328975.0,
                371575481.0,
                356933384.0,
                363998510.0,
                341758236.0,
                333234735.0,
                337162557.0,
                353490524.0,
                356933384.0,
                396840455.0,
                391328975.0,
                341758236.0,
                366309334.0,
                333234735.0,
                356933384.0,
                341758236.0,
                363998510.0,
                353490524.0,
                352489096.0,
                403033280.0,
                384181014.0,
                484171418.0,
                369247216.0,
                357883897.0,
                360658564.0,
                388460670.0,
                395644762.0,
                728444705.0,
                356415482.0,
                396332607.0,
                366078145.0,
                322870570.0,
                380720332.0,
                369122314.0
            ],
            "new_highs": 10,
            "new_highs_ratio": 0.11764705882352941
        }
    ]
}