{
    "original": {
        "median_execution_time": 8.698732707998715
    },
    "items": [
        {
            "item_name": "perf_time",
            "median_execution_time": 8.944084642018424,
            "duration": 185.38204740997753,
            "patch_contents": "SrcmlStmtDeletion(('src/main/java/weka/classifiers/trees/RandomForest.java.xml', 'stmt', 121))\n",
            "number_of_retries": 1,
            "number_of_steps": 23,
            "best_fitness": 8.735829,
            "reference_fitness": 8.770455,
            "params": false,
            "fitness_values": [
                8.86921,
                8.858855,
                8.819621,
                8.789394,
                8.735829,
                8.770455,
                8.865383,
                8.848497
            ],
            "new_highs": 4,
            "new_highs_ratio": 0.5
        },
        {
            "item_name": "energy",
            "median_execution_time": 8.610429116000887,
            "duration": 209.38102056400385,
            "patch_contents": "SrcmlStmtDeletion(('src/main/java/weka/classifiers/trees/RandomForest.java.xml', 'stmt', 104))\n",
            "number_of_retries": 1,
            "number_of_steps": 24,
            "best_fitness": 511105664.0,
            "reference_fitness": 537371029.0,
            "params": false,
            "fitness_values": [
                511105664.0,
                537371029.0,
                533328300.0,
                544243339.0,
                531673280.0
            ],
            "new_highs": 0,
            "new_highs_ratio": 0.0
        }
    ]
}