{
    "original": {
        "median_execution_time": 11.34326933750026
    },
    "items": [
        {
            "item_name": "energy",
            "median_execution_time": 1.8228690355003891,
            "duration": 668.1017055099992,
            "patch_contents": "ParamSetting(('minisat_simplified.params', 'param', 'luby'), 'False') | ParamSetting(('minisat_simplified.params', 'param', 'cl-lim'), 61823) | ParamSetting(('minisat_simplified.params', 'param', 'verb'), '0') | ParamSetting(('minisat_simplified.params', 'param', 'rinc'), 2798.2665108779024) | ParamSetting(('minisat_simplified.params', 'param', 'cl-lim'), 27523)\n",
            "number_of_retries": 1,
            "number_of_steps": 198,
            "best_fitness": 13411111.0,
            "reference_fitness": 88685478.0,
            "params": false,
            "fitness_values": [
                88685478.0,
                88685478.0,
                88861646.0,
                88861646.0,
                74164988.0,
                88685478.0,
                74009158.0,
                74009158.0,
                23228367.0,
                18943325.0,
                18840014.0,
                18783864.0,
                72311003.0,
                21810030.0,
                26118538.0,
                18783864.0,
                72311003.0,
                25006809.0,
                22977709.0,
                18634794.0,
                19978688.0,
                18600616.0,
                18600616.0,
                18600616.0,
                18634794.0,
                18600616.0,
                18600616.0,
                17306173.0,
                17306173.0,
                17813883.0,
                17306173.0,
                17606710.0,
                17306173.0,
                17543145.0,
                17306173.0,
                89362566.0,
                63401140.0,
                13734123.0,
                13411111.0,
                13734123.0,
                13544633.0,
                13650951.0,
                13631070.0,
                13411111.0,
                18015014.0,
                13535876.0,
                17457670.0,
                13612241.0,
                13655727.0,
                13522265.0,
                15165781.0,
                13635983.0,
                14662297.0,
                15165781.0,
                13411111.0,
                15165781.0,
                13696603.0,
                13612241.0,
                13635983.0,
                13411111.0,
                13411111.0,
                17457670.0,
                13411111.0,
                15165781.0,
                13411111.0,
                18995905.0,
                13411111.0,
                17311284.0,
                13411111.0,
                15165781.0,
                17457670.0,
                13635983.0,
                13612241.0,
                13411111.0,
                14662297.0,
                13568512.0,
                22442123.0,
                13794727.0,
                17457670.0,
                13612241.0,
                13411111.0,
                20113858.0,
                13631528.0,
                13411111.0,
                13411111.0,
                13605696.0,
                16975074.0,
                13698495.0,
                17457670.0,
                13715492.0,
                13617658.0,
                19982121.0,
                15165781.0,
                13646512.0,
                13627179.0,
                18259768.0,
                13696603.0,
                98072947.0,
                13411111.0,
                14968312.0,
                13612241.0,
                17457670.0,
                13543412.0,
                15165781.0,
                21095222.0,
                13411111.0,
                22442123.0,
                13411111.0,
                185053311.0,
                13839067.0,
                13517657.0,
                17457670.0,
                13411111.0,
                17457670.0,
                21095222.0,
                13587859.0,
                13411111.0,
                13616514.0,
                13612241.0,
                14662297.0,
                13411111.0,
                15165781.0,
                13411111.0,
                13612241.0,
                13891539.0,
                17457670.0,
                31186117.0,
                15165781.0,
                14968312.0,
                13790043.0,
                13572617.0,
                109448304.0,
                15217231.0,
                13516879.0,
                31436316.0,
                13466451.0,
                13411111.0,
                13594588.0,
                15223242.0,
                15165781.0,
                13653942.0,
                46604874.0,
                15942733.0,
                13411111.0,
                13612241.0,
                17457670.0,
                13635983.0,
                13601454.0,
                15165781.0,
                13411111.0,
                17457670.0,
                13612241.0,
                13635983.0,
                28098325.0,
                13411111.0,
                13668742.0,
                15165781.0,
                13638623.0,
                17457670.0,
                13635983.0,
                15294634.0,
                13612241.0,
                20596195.0,
                18995905.0,
                13411111.0,
                13612241.0,
                13495762.0,
                13411111.0,
                13411111.0,
                13635983.0,
                16254408.0,
                13411111.0,
                13411111.0,
                13411111.0,
                17457670.0,
                13411111.0,
                14968312.0,
                13612241.0,
                97167857.0,
                13635983.0,
                15165781.0,
                13411111.0,
                13411111.0,
                41407573.0,
                16198335.0,
                14968312.0,
                13411111.0,
                13411111.0,
                13525698.0,
                13644619.0,
                17457670.0,
                13411111.0,
                15165781.0,
                14652563.0
            ],
            "new_highs": 11,
            "new_highs_ratio": 0.05670103092783505
        },
        {
            "item_name": "energy",
            "median_execution_time": 2.037172319999627,
            "duration": 691.3038149820004,
            "patch_contents": "ParamSetting(('minisat_simplified.params', 'param', 'simp-gc-frac'), 164577225.3396099) | ParamSetting(('minisat_simplified.params', 'param', 'rinc'), 4644.9862870402385) | ParamSetting(('minisat_simplified.params', 'param', 'asymm'), 'True') | ParamSetting(('minisat_simplified.params', 'param', 'rinc'), 2936.610396251102)\n",
            "number_of_retries": 2,
            "number_of_steps": 110,
            "best_fitness": 13996057.0,
            "reference_fitness": 88692610.5,
            "params": false,