{
    "original": {
        "median_execution_time": 12.026633333000063
    },
    "items": [
        {
            "item_name": "perf_time",
            "median_execution_time": 10.287572488006845,
            "duration": 164.8396023979949,
            "patch_contents": "ParamSetting(('scipy.params', 'param', 'maxiter'), 6382)\n",
            "number_of_retries": 1,
            "number_of_steps": 18,
            "best_fitness": 9.350561,
            "reference_fitness": 9.380213,
            "params": false,
            "fitness_values": [
                11.735208,
                9.380213,
                9.380213,
                9.523708,
                9.380213,
                9.380213,
                9.380213,
                9.380213,
                10.272385,
                9.350561,
                9.380213,
                9.61809,
                11.097078
            ],
            "new_highs": 2,
            "new_highs_ratio": 0.15384615384615385
        },
        {
            "item_name": "energy",
            "median_execution_time": 7.503941779999877,
            "duration": 173.12193205099902,
            "patch_contents": "ParamSetting(('scipy.params', 'param', 'maxiter'), 5998) | ParamSetting(('scipy.params', 'param', 'tol'), 0.034355774027529436) | ParamSetting(('scipy.params', 'param', 'method'), 'L-BFGS-B') | ParamSetting(('scipy.params', 'param', 'maxiter'), 7328)\n",
            "number_of_retries": 1,
            "number_of_steps": 17,
            "best_fitness": 40220561.0,
            "reference_fitness": 93822052.0,
            "params": false,
            "fitness_values": [
                96248684.0,
                86402209.0,
                93822052.0,
                71997757.0,
                44360499.0,
                71997757.0,
                58613134.0,
                76726196.0,
                40220561.0,
                40220561.0,
                97115812.0,
                40220561.0,
                62642238.0,
                62053630.0
            ],
            "new_highs": 4,
            "new_highs_ratio": 0.2857142857142857
        },
        {
            "item_name": "weights",
            "median_execution_time": 9.46210528100346,
            "duration": 194.24687761899986,
            "patch_contents": "ParamSetting(('scipy.params', 'param', 'jac'), 'cs') | ParamSetting(('scipy.params', 'param', 'tol'), 0.1517684731009546)\n",
            "number_of_retries": 1,
            "number_of_steps": 24,
            "best_fitness": 13114245131.029,
            "reference_fitness": 17738065899.721,
            "params": false,
            "fitness_values": [
                17738065899.721,
                17738065899.721,
                15615165894.46,
                17738065899.721,
                13114245131.029,
                17287238904.074,
                15615165894.46,
                17287238904.074,
                17287238904.074,
                14465379153.048,
                17287238904.074,
                13114245131.029,
                13114245131.029,
                15615165894.46,
                17287238904.074,
                17547298844.689,
                13114245131.029,
                15615165894.46,
                17287238904.074,
                14489421713.698,
                14816198599.465
            ],
            "new_highs": 2,
            "new_highs_ratio": 0.09523809523809523
        }
    ]
}