number_of_retries,execution_rank_per_item
1.0,2.0714285714285716
2.0,3.5
3.0,2.5714285714285716
4.0,3.0
5.0,3.857142857142857
