{
    "time": 1.0,
    "perf_time": 0.824592308496732,
    "instructions": 9910070499.084967,
    "cycles": 8123256816.078431,
    "cache-references": 655401481.4379084,
    "cache-misses": 141631228.10457516,
    "branches": 1789981671.764706,
    "branch-misses": 61238537.90849673,
    "cpu-clock": 0.8200886496732026,
    "task-clock": 0.8638032352941176,
    "faults": 32175.9477124183,
    "minor-faults": 31806.928104575163,
    "major-faults": 12.287581699346404,
    "cs": 2251.111111111111,
    "migrations": 106.79738562091502,
    "L1-dcache-loads": 4984627901.960784,
    "L1-dcache-load-misses": 322918786.0130719,
    "dTLB-loads": 47431181.56862745,
    "dTLB-load-misses": 2544049.4117647056,
    "weights": 1110519232.5490196,
    "energy": 7726084.705882353
}