{
"time": [9.39,6.40,7.65],
"perf_time": [6.44498153,6.30813116,6.23220820],
"instructions": [77801186628.00000000,75812039318.00000000,74393190181.00000000],
"cycles": [63045979386.00000000,62142914643.00000000,61519774731.00000000],
"cache-references": [5013821333.00000000,4980757988.00000000,5045479136.00000000],
"cache-misses": [1033253693.00000000,1083478895.00000000,1083859103.00000000],
"branches": [14047096146.00000000,13518010064.00000000,13693359789.00000000],
"branch-misses": [457869647.00000000,483448702.00000000,468474815.00000000],
"cpu-clock": [6.27367817,6.46445855,6.17257191],
"task-clock": [6.45259262,6.60809475,6.87731917],
"faults": [246765.00000000,245133.00000000,246146.00000000],
"minor-faults": [248585.00000000,232951.00000000,243323.00000000],
"major-faults": [94.00000000,94.00000000,94.00000000],
"cs": [17221.00000000,16712.00000000,18073.00000000],
"migrations": [817.00000000,804.00000000,831.00000000],
"L1-dcache-loads": [36990165413.00000000,38458713344.00000000,38132403450.00000000],
"L1-dcache-load-misses": [2508970061.00000000,2470328713.00000000,2444960216.00000000],
"dTLB-loads": [362848539.00000000,357113385.00000000,366241242.00000000],
"dTLB-load-misses": [19433865.00000000,19461978.00000000,19803359.00000000],
"weights": [8706195707.00000000,8495472129.00000000,7964016154.00000000],
"energy": [60604334.00000000,54851579.00000000,59104548.00000000]
}
