{
"time": 7.65,
"perf_time": 6.30813116,
"instructions": 75812039318.00000000,
"cycles": 62142914643.00000000,
"cache-references": 5013821333.00000000,
"cache-misses": 1083478895.00000000,
"branches": 13693359789.00000000,
"branch-misses": 468474815.00000000,
"cpu-clock": 6.27367817,
"task-clock": 6.60809475,
"faults": 246146.00000000,
"minor-faults": 243323.00000000,
"major-faults": 94.00000000,
"cs": 17221.00000000,
"migrations": 817.00000000,
"L1-dcache-loads": 38132403450.00000000,
"L1-dcache-load-misses": 2470328713.00000000,
"dTLB-loads": 362848539.00000000,
"dTLB-load-misses": 19461978.00000000,
"weights": 8495472129.00000000,
"energy": 59104548.00000000
}
