{
    "time": 15.692585400221112,
    "perf_time": 1.3912342623089415,
    "instructions": 1.8391418333271137,
    "cycles": 1.0067353579623117,
    "cache-references": 0.5270798963364808,
    "cache-misses": 2.227698407156668,
    "branches": 1.6000554367776791,
    "branch-misses": 2.2329342465975683,
    "cpu-clock": 1.9199001078203863,
    "task-clock": 2.6399854351863676,
    "faults": 0.2734398678557835,
    "minor-faults": 2.6881931057723527,
    "major-faults": 0.0,
    "cs": 3.2389156396316197,
    "migrations": 1.348926216031095,
    "L1-dcache-loads": 1.6630091324332166,
    "L1-dcache-load-misses": 1.0634801868632808,
    "dTLB-loads": 1.0404440430581008,
    "dTLB-load-misses": 0.8583462175198067,
    "weights": 3.722712121835597,
    "energy": 4.187472458193273
}