{
    "time": 1.0,
    "perf_time": 1.000007280279503,
    "instructions": 1282343229.5807452,
    "cycles": 4167503523.4472046,
    "cache-references": 1610428.105590062,
    "cache-misses": 134728.26086956522,
    "branches": 342088673.6801242,
    "branch-misses": 3043861.3354037264,
    "cpu-clock": 0.9983047251552795,
    "task-clock": 0.9984308734472049,
    "faults": 82.29813664596273,
    "minor-faults": 79.6583850931677,
    "major-faults": 2.7173913043478257,
    "cs": 12.5,
    "migrations": 0.0,
    "L1-dcache-loads": 209188339.36335403,
    "L1-dcache-load-misses": 437865.45031055895,
    "dTLB-loads": 206599.53416149068,
    "dTLB-load-misses": 998.447204968944,
    "weights": 274625.54347826086,
    "energy": 2419673.602484472
}