{
    "time": 1.0,
    "perf_time": 0.9991334930278885,
    "instructions": 1283072701.6932273,
    "cycles": 4170949236.4541836,
    "cache-references": 1691405.2788844623,
    "cache-misses": 149102.19123505978,
    "branches": 342041843.32669324,
    "branch-misses": 3044930.9760956177,
    "cpu-clock": 0.9991152121513945,
    "task-clock": 0.9991016055776893,
    "faults": 105.57768924302789,
    "minor-faults": 101.79282868525897,
    "major-faults": 3.884462151394423,
    "cs": 8.366533864541834,
    "migrations": 0.0,
    "L1-dcache-loads": 209449808.66533867,
    "L1-dcache-load-misses": 456381.67330677295,
    "dTLB-loads": 208671.21513944224,
    "dTLB-load-misses": 1221.1155378486058,
    "weights": 330716.6334661355,
    "energy": 2456373.9043824705
}