{
"time": 12.88,
"perf_time": 12.88009377,
"instructions": 16516580797.00000000,
"cycles": 53677445382.00000000,
"cache-references": 20742314.00000000,
"cache-misses": 1735300.00000000,
"branches": 4406102117.00000000,
"branch-misses": 39204934.00000000,
"cpu-clock": 12.85816486,
"task-clock": 12.85978965,
"faults": 1060.00000000,
"minor-faults": 1026.00000000,
"major-faults": 35.00000000,
"cs": 161.00000000,
"migrations": 0.00000000,
"L1-dcache-loads": 2694345811.00000000,
"L1-dcache-load-misses": 5639707.00000000,
"dTLB-loads": 2661002.00000000,
"dTLB-load-misses": 12860.00000000,
"weights": 3537177.00000000,
"energy": 31165396.00000000
}
