{
"time": [10.04,10.04,10.04,10.04,10.04,10.04,10.04,10.04,10.04,10.04,10.04,10.04,10.04,10.04,10.03,10.04,10.04,10.04,10.04,10.04,10.04],
"perf_time": [10.03130021,10.03160227,10.03077458,10.03132102,10.03219746,10.03123951,10.03163782,10.03081404,10.03130440,10.03172931,10.03114153,10.03230620,10.03137431,10.02998572,10.03449538,10.02987391,10.03105346,10.03065892,10.03081313,10.03190217,10.03130027],
"instructions": [12890084976.00000000,12884706197.00000000,12863298415.00000000,12871934298.00000000,12880342800.00000000,12872168444.00000000,12872442445.00000000,12866432193.00000000,12889694186.00000000,12887768307.00000000,12840206882.00000000,12877357798.00000000,12889937635.00000000,12884358119.00000000,12891345022.00000000,12882049925.00000000,12880554137.00000000,12886945705.00000000,12895940764.00000000,12863010092.00000000,12887424234.00000000],
"cycles": [41880541650.00000000,41877215123.00000000,41876330334.00000000,41882468745.00000000,41810270657.00000000,41803671419.00000000,41892192680.00000000,41874060782.00000000,41746809861.00000000,41743270174.00000000,41788336509.00000000,41745088573.00000000,41807663175.00000000,41883487078.00000000,41812491344.00000000,41890193647.00000000,41885608878.00000000,41879512450.00000000,41751490478.00000000,41888568200.00000000,41886074250.00000000],
"cache-references": [17684013.00000000,17724476.00000000,16682738.00000000,17621969.00000000,16859055.00000000,16881567.00000000,16511333.00000000,16996184.00000000,16597988.00000000,18031170.00000000,17402506.00000000,16755294.00000000,16822044.00000000,17587114.00000000,16563295.00000000,27682709.00000000,16662748.00000000,21784074.00000000,21533306.00000000,16981709.00000000,16565723.00000000],
"cache-misses": [1528507.00000000,1424424.00000000,1456672.00000000,1420290.00000000,1619427.00000000,1455033.00000000,1444971.00000000,1491897.00000000,1577707.00000000,1702334.00000000,1413680.00000000,1370361.00000000,1612862.00000000,1515597.00000000,1382331.00000000,1513779.00000000,1496986.00000000,1606806.00000000,1355528.00000000,1661118.00000000,1507230.00000000],
"branches": [3429939504.00000000,3428903486.00000000,3436285413.00000000,3436317339.00000000,3430264856.00000000,3429049051.00000000,3434998578.00000000,3433206628.00000000,3433251737.00000000,3434100107.00000000,3434740615.00000000,3438018540.00000000,3436061103.00000000,3437298200.00000000,3434397257.00000000,3435057774.00000000,3438490042.00000000,3432552552.00000000,3431927898.00000000,3433547907.00000000,3430944232.00000000],
"branch-misses": [30558341.00000000,30545487.00000000,30571107.00000000,30500402.00000000,30621045.00000000,30597977.00000000,30627405.00000000,30606574.00000000,30513955.00000000,30566124.00000000,30597628.00000000,30607259.00000000,30584447.00000000,30536863.00000000,30541696.00000000,30565680.00000000,30538254.00000000,30602901.00000000,30581663.00000000,30566155.00000000,30576350.00000000],
"cpu-clock": [10.03083611,10.03140378,10.03122066,10.03109655,10.03114697,10.03017506,10.03031642,10.03069845,10.03077500,10.03125411,10.03198123,10.03013972,10.03111443,10.03083024,10.03111673,10.03264514,10.03147816,10.03139107,10.03048558,10.03139205,10.03169991],
"task-clock": [10.03072080,10.03200176,10.03086035,10.03072290,10.03142948,10.02995939,10.03098012,10.03127157,10.02387510,10.03141775,10.03117330,10.03002414,10.03146489,10.03082089,10.03068092,10.03113126,10.03107825,10.03108314,10.03145148,10.03039946,10.03032424],
"faults": [1062.00000000,1060.00000000,1059.00000000,1060.00000000,1059.00000000,1061.00000000,1061.00000000,1060.00000000,1062.00000000,1061.00000000,1055.00000000,1060.00000000,1058.00000000,1065.00000000,1061.00000000,1058.00000000,1062.00000000,1062.00000000,1063.00000000,1059.00000000,1059.00000000],
"minor-faults": [1022.00000000,1021.00000000,1022.00000000,1023.00000000,1022.00000000,1027.00000000,1022.00000000,1026.00000000,1025.00000000,1024.00000000,1026.00000000,1021.00000000,1022.00000000,1025.00000000,1024.00000000,1017.00000000,1023.00000000,1022.00000000,1022.00000000,1022.00000000,1027.00000000],
"major-faults": [39.00000000,39.00000000,39.00000000,39.00000000,39.00000000,39.00000000,39.00000000,39.00000000,39.00000000,39.00000000,39.00000000,39.00000000,39.00000000,39.00000000,39.00000000,39.00000000,38.00000000,39.00000000,39.00000000,39.00000000,39.00000000],
"cs": [81.00000000,89.00000000,79.00000000,92.00000000,396.00000000,87.00000000,81.00000000,93.00000000,71.00000000,84.00000000,79.00000000,81.00000000,70.00000000,93.00000000,85.00000000,82.00000000,89.00000000,81.00000000,101.00000000,76.00000000,89.00000000],
"migrations": [1.00000000,0.00000000,0.00000000,0.00000000,0.00000000,0.00000000,1.00000000,0.00000000,0.00000000,2.00000000,0.00000000,0.00000000,0.00000000,0.00000000,0.00000000,0.00000000,0.00000000,0.00000000,0.00000000,1.00000000,0.00000000],
"L1-dcache-loads": [2101962394.00000000,2101813421.00000000,2103473385.00000000,2101898943.00000000,2103129983.00000000,2098575288.00000000,2095659197.00000000,2097335830.00000000,2103022806.00000000,2103871697.00000000,2103010781.00000000,2103360167.00000000,2099026815.00000000,2096794027.00000000,2102168369.00000000,2105564640.00000000,2104236580.00000000,2100920823.00000000,2104306223.00000000,2102876079.00000000,2104501734.00000000],
"L1-dcache-load-misses": [4553923.00000000,4690315.00000000,4546873.00000000,4564379.00000000,4588093.00000000,4559740.00000000,4592670.00000000,4613488.00000000,4600103.00000000,4582072.00000000,4595145.00000000,4630941.00000000,4573135.00000000,4506753.00000000,4599615.00000000,4571608.00000000,4605625.00000000,4724837.00000000,4540366.00000000,4538421.00000000,4580548.00000000],
"dTLB-loads": [2129897.00000000,2096890.00000000,2090743.00000000,2075721.00000000,2087638.00000000,2087780.00000000,2098477.00000000,2073872.00000000,2078918.00000000,2095059.00000000,2132830.00000000,2092687.00000000,2099295.00000000,2128063.00000000,2099800.00000000,2116022.00000000,2083522.00000000,2102698.00000000,2094431.00000000,2084451.00000000,2146157.00000000],
"dTLB-load-misses": [12118.00000000,12589.00000000,12669.00000000,12195.00000000,12338.00000000,12246.00000000,12358.00000000,12019.00000000,12224.00000000,11973.00000000,12260.00000000,12447.00000000,12725.00000000,12025.00000000,13637.00000000,12724.00000000,12152.00000000,12364.00000000,12381.00000000,12259.00000000,12007.00000000],
"weights": [2902015.00000000,3050484.00000000,2570226.00000000,2709291.00000000,4817713.00000000,3057332.00000000,3882872.00000000,3992449.00000000,2929330.00000000,3286158.00000000,3878375.00000000,2925399.00000000,4912453.00000000,2534651.00000000,4435631.00000000,4984574.00000000,6130828.00000000,2822399.00000000,3731455.00000000,5746694.00000000,3320395.00000000],
"energy": [25903827.00000000,25614719.00000000,25310596.00000000,24985616.00000000,24673269.00000000,24769105.00000000,24661994.00000000,24820295.00000000,24588923.00000000,24639488.00000000,24715244.00000000,24703419.00000000,24532758.00000000,24622872.00000000,24593654.00000000,24702458.00000000,24568797.00000000,24414356.00000000,24515517.00000000,24437441.00000000,24560269.00000000]
}
