{
"time": 10.04,
"perf_time": 10.03130027,
"instructions": 12882049925.00000000,
"cycles": 41876330334.00000000,
"cache-references": 16981709.00000000,
"cache-misses": 1496986.00000000,
"branches": 3434100107.00000000,
"branch-misses": 30571107.00000000,
"cpu-clock": 10.03111673,
"task-clock": 10.03098012,
"faults": 1060.00000000,
"minor-faults": 1022.00000000,
"major-faults": 39.00000000,
"cs": 84.00000000,
"migrations": 0.00000000,
"L1-dcache-loads": 2102876079.00000000,
"L1-dcache-load-misses": 4582072.00000000,
"dTLB-loads": 2095059.00000000,
"dTLB-load-misses": 12260.00000000,
"weights": 3320395.00000000,
"energy": 24661994.00000000
}
