{
"time": [12.88,12.89,12.87,12.89,12.89,12.89,12.87,12.87,12.88,12.89,12.87,12.87,12.90,12.90,12.88,12.89,12.90,12.90,12.86,12.88,12.87],
"perf_time": [12.88987022,12.88949224,12.88088214,12.88916084,12.88767329,12.88388999,12.88787367,12.88009377,12.88879648,12.87924380,12.87647243,12.87686277,12.87270554,12.89297334,12.87112217,12.88747369,12.87972941,12.87777196,12.87594834,12.87589561,12.87998412],
"instructions": [16516008678.00000000,16519403467.00000000,16518511190.00000000,16515624408.00000000,16515449563.00000000,16516394757.00000000,16516141294.00000000,16515672800.00000000,16520899551.00000000,16516040010.00000000,16516958900.00000000,16516099122.00000000,16515933608.00000000,16516086177.00000000,16516625115.00000000,16517642472.00000000,16518884559.00000000,16516580797.00000000,16520483032.00000000,16518192198.00000000,16518034395.00000000],
"cycles": [53659714199.00000000,53666606433.00000000,53686667090.00000000,53711742731.00000000,53745924927.00000000,53635000016.00000000,53631294130.00000000,53669087232.00000000,53665917442.00000000,53801018437.00000000,53723867931.00000000,53677445382.00000000,53660532224.00000000,53683414358.00000000,53685333672.00000000,53587732976.00000000,53697352464.00000000,53741281638.00000000,53663824998.00000000,53595606797.00000000,53697706643.00000000],
"cache-references": [20740461.00000000,20530968.00000000,20473893.00000000,20634382.00000000,29662413.00000000,20742314.00000000,20405717.00000000,20717652.00000000,20833248.00000000,20647829.00000000,22336572.00000000,27084008.00000000,20483659.00000000,20785170.00000000,21478909.00000000,21061882.00000000,20380154.00000000,21579718.00000000,21108468.00000000,20822175.00000000,20704515.00000000],
"cache-misses": [1823617.00000000,1674382.00000000,1894175.00000000,1793251.00000000,1700922.00000000,1776872.00000000,1609089.00000000,1563261.00000000,1593784.00000000,1967120.00000000,1635155.00000000,1744222.00000000,1891411.00000000,1860967.00000000,1649835.00000000,1735300.00000000,1689668.00000000,1748919.00000000,1798742.00000000,1707461.00000000,1278908.00000000],
"branches": [4406138021.00000000,4406140063.00000000,4406060524.00000000,4406100695.00000000,4406089285.00000000,4406424605.00000000,4406124741.00000000,4406093454.00000000,4407216347.00000000,4406176715.00000000,4406162820.00000000,4406072983.00000000,4406933782.00000000,4406074750.00000000,4406185296.00000000,4405960475.00000000,4405902643.00000000,4405778622.00000000,4406102117.00000000,4406829595.00000000,4405794267.00000000],
"branch-misses": [39202795.00000000,39204934.00000000,39211006.00000000,39209842.00000000,39205785.00000000,39203078.00000000,39202740.00000000,39207316.00000000,39204314.00000000,39213107.00000000,39202477.00000000,39236629.00000000,39218356.00000000,39200465.00000000,39200386.00000000,39216286.00000000,39205361.00000000,39201457.00000000,39204836.00000000,39205403.00000000,39201960.00000000],
"cpu-clock": [12.87252975,12.84918733,12.85688174,12.87243672,12.85464577,12.85987150,12.86471591,12.85711173,12.88273468,12.85367142,12.85534837,12.83829593,12.85212303,12.86246918,12.85478357,12.85332696,12.86041110,12.86530732,12.87477074,12.85816486,12.86677078],
"task-clock": [12.86512175,12.84894979,12.85200060,12.86001349,12.85699600,12.86846869,12.88625181,12.86247477,12.84629604,12.85634983,12.85968105,12.89324258,12.85737014,12.85569402,12.84747412,12.85846239,12.85978965,12.86641745,12.87486580,12.88364897,12.86953656],
"faults": [1062.00000000,1060.00000000,1065.00000000,1060.00000000,1064.00000000,1061.00000000,1060.00000000,1060.00000000,1059.00000000,1062.00000000,1059.00000000,1056.00000000,1057.00000000,1060.00000000,1061.00000000,1060.00000000,1059.00000000,1059.00000000,1062.00000000,1060.00000000,1063.00000000],
"minor-faults": [1026.00000000,1028.00000000,1026.00000000,1026.00000000,1029.00000000,1022.00000000,1026.00000000,1024.00000000,1028.00000000,1027.00000000,1029.00000000,1025.00000000,1025.00000000,1031.00000000,1023.00000000,1027.00000000,1026.00000000,1026.00000000,1025.00000000,1027.00000000,1027.00000000],
"major-faults": [35.00000000,35.00000000,35.00000000,35.00000000,35.00000000,35.00000000,35.00000000,35.00000000,35.00000000,35.00000000,35.00000000,35.00000000,35.00000000,35.00000000,35.00000000,35.00000000,35.00000000,35.00000000,35.00000000,35.00000000,35.00000000],
"cs": [205.00000000,120.00000000,177.00000000,111.00000000,94.00000000,173.00000000,96.00000000,110.00000000,163.00000000,94.00000000,124.00000000,171.00000000,682.00000000,97.00000000,234.00000000,383.00000000,132.00000000,605.00000000,161.00000000,86.00000000,173.00000000],
"migrations": [0.00000000,0.00000000,0.00000000,0.00000000,0.00000000,0.00000000,0.00000000,0.00000000,0.00000000,0.00000000,1.00000000,0.00000000,0.00000000,1.00000000,0.00000000,0.00000000,0.00000000,0.00000000,1.00000000,0.00000000,0.00000000],
"L1-dcache-loads": [2697694450.00000000,2697386191.00000000,2692320991.00000000,2692621706.00000000,2694872098.00000000,2695151374.00000000,2691267693.00000000,2693989830.00000000,2693756198.00000000,2692699303.00000000,2694536587.00000000,2695020356.00000000,2694756429.00000000,2694233529.00000000,2694516683.00000000,2692383872.00000000,2694345811.00000000,2694673688.00000000,2693366949.00000000,2695456282.00000000,2694183450.00000000],
"L1-dcache-load-misses": [5522485.00000000,5483815.00000000,5564998.00000000,5586389.00000000,5717273.00000000,5435188.00000000,5613777.00000000,5685721.00000000,5629301.00000000,5662208.00000000,10476796.00000000,5599186.00000000,5487256.00000000,5577888.00000000,5640190.00000000,5644658.00000000,5907715.00000000,5675396.00000000,5639707.00000000,5668820.00000000,6022659.00000000],
"dTLB-loads": [2665112.00000000,2645435.00000000,2748714.00000000,2661002.00000000,2640203.00000000,2643733.00000000,2743165.00000000,2658153.00000000,2644984.00000000,2662383.00000000,2664753.00000000,2741691.00000000,2651380.00000000,2754220.00000000,2673482.00000000,2743421.00000000,2645692.00000000,2651956.00000000,2648254.00000000,2652330.00000000,2683549.00000000],
"dTLB-load-misses": [12794.00000000,13288.00000000,12346.00000000,12628.00000000,12539.00000000,12727.00000000,13419.00000000,12715.00000000,12360.00000000,13733.00000000,12663.00000000,12989.00000000,12380.00000000,12616.00000000,13253.00000000,13227.00000000,14312.00000000,12890.00000000,13883.00000000,12860.00000000,14413.00000000],
"weights": [2859553.00000000,3381500.00000000,3094302.00000000,4370467.00000000,3537177.00000000,3751237.00000000,2960037.00000000,5446084.00000000,4137840.00000000,4448485.00000000,4336932.00000000,3060565.00000000,3202436.00000000,3569062.00000000,4368938.00000000,3111068.00000000,3336918.00000000,5165557.00000000,3157963.00000000,3620437.00000000,3379975.00000000],
"energy": [32549998.00000000,31865982.00000000,31708931.00000000,31373484.00000000,31530139.00000000,31396799.00000000,31561097.00000000,31280608.00000000,31334638.00000000,31165396.00000000,31241487.00000000,31014174.00000000,31067897.00000000,31058193.00000000,30888417.00000000,30976761.00000000,31031446.00000000,30874227.00000000,30974365.00000000,30746075.00000000,30885030.00000000]
}
