{
    "time": 0.021212047407861714,
    "perf_time": 0.009148586246364766,
    "instructions": 0.09864349873564046,
    "cycles": 0.13202210829226924,
    "cache-references": 14.386184264552043,
    "cache-misses": 6.338495583366545,
    "branches": 0.08085594913899527,
    "branch-misses": 0.1088440039504107,
    "cpu-clock": 0.005816215721291647,
    "task-clock": 0.015792401640400765,
    "faults": 0.19378855715086377,
    "minor-faults": 0.22553486506093962,
    "major-faults": 0.5467158869192641,
    "cs": 67.4858930923121,
    "migrations": 220.90722034374525,
    "L1-dcache-loads": 0.12751152161020016,
    "L1-dcache-load-misses": 1.046951270580889,
    "dTLB-loads": 0.9232144682709944,
    "dTLB-load-misses": 2.9183335951097447,
    "weights": 27.64001438949345,
    "energy": 1.5042317804337235
}