{
    "time": 0.09321741859184565,
    "perf_time": 0.04824447471917402,
    "instructions": 0.0096167453599843,
    "cycles": 0.08902921321790248,
    "cache-references": 10.579746332752336,
    "cache-misses": 8.32370656110469,
    "branches": 0.008007958540299811,
    "branch-misses": 0.020715950222290603,
    "cpu-clock": 0.07552982596730955,
    "task-clock": 0.09542977233616518,
    "faults": 0.19429078676890688,
    "minor-faults": 0.19564022309941087,
    "major-faults": 0.0,
    "cs": 79.33583062434607,
    "migrations": 244.94897427831782,
    "L1-dcache-loads": 0.05599491584139791,
    "L1-dcache-load-misses": 17.694090086083907,
    "dTLB-loads": 1.4902590603923227,
    "dTLB-load-misses": 4.555665279857217,
    "weights": 19.001928846079853,
    "energy": 1.3033983286137016
}