{
    "original": {
        "median_execution_time": 13.447594453999955
    },
    "items": [
        {
            "item_name": "energy",
            "median_execution_time": 6.000656111000126,
            "duration": 219.8044264680002,
            "patch_contents": "ParamSetting(('lpg.params', 'param', 'repeats'), 9) | ParamSetting(('lpg.params', 'param', 'static_noise'), 'True') | ParamSetting(('lpg.params', 'param', 'lowmemory'), 'None') | ParamSetting(('lpg.params', 'param', 'lowmemory'), 'None') | ParamSetting(('lpg.params', 'param', 'search_steps'), 992)\n",
            "number_of_retries": 1,
            "number_of_steps": 19,
            "best_fitness": 15872974.0,
            "reference_fitness": 43693281.0,
            "params": false,
            "fitness_values": [
                43693281.0,
                43693281.0,
                43517113.0,
                43693281.0,
                43517113.0,
                43517113.0,
                43085983.0,
                55951193.0,
                43517113.0,
                44671975.0,
                43085983.0,
                44944117.0,
                43085983.0,
                43085983.0,
                111457996.0,
                44671975.0,
                43085983.0,
                15872974.0
            ],
            "new_highs": 3,
            "new_highs_ratio": 0.16666666666666666
        }
    ]
}