{
    "original": {
        "median_execution_time": 7.2722010614998
    },
    "items": [
        {
            "item_name": "energy",
            "median_execution_time": 7.5200473019995115,
            "duration": 1075.0919783930003,
            "patch_contents": "ParamSetting(('test.params', 'param', 'CLEANING'), 'LBD2') | ParamSetting(('test.params', 'param', 'FIXEDPERIOD'), 2970)\n",
            "number_of_retries": 1,
            "number_of_steps": 66,
            "best_fitness": 94318135.0,
            "reference_fitness": 94628727.0,
            "params": false,
            "fitness_values": [
                96283320.0,
                95936841.0,
                95726220.0,
                96163225.0,
                95544040.0,
                96903848.0,
                97382140.0,
                96163225.0,
                96069052.0,
                97695265.0,
                95309204.0,
                97479151.0,
                97049806.0,
                96353965.0,
                97479151.0,
                97158946.0,
                97192789.0,
                96163225.0,
                96301019.0,
                97573583.0,
                94833734.0,
                94628727.0,
                94628727.0,
                95096538.0,
                94628727.0,
                94628727.0,
                94628727.0,
                94628727.0,
                96507262.0,
                95395579.0,
                95722619.0,
                96322641.0,
                99170881.0,
                96293513.0,
                95980907.0,
                96612390.0,
                94628727.0,
                97573583.0,
                96869471.0,
                98489978.0,
                96379918.0,
                95190238.0,
                94628727.0,
                95458320.0,
                95875413.0,
                96753252.0,
                97479151.0,
                96451097.0,
                96381399.0,
                96448457.0,
                96229963.0,
                95877473.0,
                95120355.0,
                95547533.0,
                97437909.0,
                95309204.0,
                95768073.0,
                95847949.0,
                94628727.0,
                96230345.0,
                97253775.0,
                96019647.0,
                95993479.0,
                94318135.0,
                94318135.0,
                96436907.0
            ],
            "new_highs": 7,
            "new_highs_ratio": 0.10606060606060606
        },
        {
            "item_name": "energy",
            "median_execution_time": 7.284172969500105,
            "duration": 1140.0742266549987,
            "patch_contents": "ParamSetting(('test.params', 'param', 'INITCONFLICTBOUND'), 7) | ParamSetting(('test.params', 'param', 'FIXEDPERIOD'), 20066)\n",
            "number_of_retries": 2,
            "number_of_steps": 34,
            "best_fitness": 95931791.5,
            "reference_fitness": 97075614.5,
            "params": false,
            "fitness_values": [
                96072340.0,
                96508383.5,
                97130902.0,
                97075614.5,
                96963713.0,
                98702750.5,
                98069437.0,
                97728886.5,
                95931791.5,
                96504744.5,
                96072340.0,
                97215400.5,
                96500357.0,
                97482004.0,
                97793260.0,
                96354056.5,
                97096792.5,
                98293943.0,
                97124326.5,
                97687575.0,
                97607371.0,
                97790170.0,
                97956436.5,
                96867091.5,
                97372284.0,
                95931791.5,
                96072340.0,
                97752543.5,
                96916222.0,
                97180277.5,
                97215400.5,
                98009626.0,
                99199787.5,
                97965278.5
            ],
            "new_highs": 1,
            "new_highs_ratio": 0.029411764705882353
        },
        {
            "item_name": "energy",
            "median_execution_time": 7.410210224500588,
            "duration": 1172.9511013330011,
            "patch_contents": "ParamSetting(('test.params', 'param', 'SIMP'), 'SIMPLE_SIMPLIFICATION') | ParamSetting(('test.params', 'param', 'INITCONFLICTBOUND'), 43) | ParamSetting(('test.params', 'param', 'CLEANING'), 'LBD2') | ParamSetting(('test.params', 'param', 'INITCONFLICTBOUND'), 4)\n",
            "number_of_retries": 3,
            "number_of_steps": 31,
            "best_fitness": 96574320.666667,
            "reference_fitness": 98016731.0,
            "params": false,
            "fitness_values": [
                97776773.333333,
                98016731.0,
                98029380.0,
                98128434.666667,
                98529821.666667,
                97623272.666667,
                97776773.333333,
                97623272.666667,
                97924897.666667,
                98016731.0,
                98513119.666667,
                96751252.666667,
                97807554.0,
                97585188.666667,
                97623272.666667,
                98083550.666667,
                97010755.333333,
                97141923.0,
                97141923.0,
                96751252.666667,
                97623272.666667,
                97807554.0,
                98126710.0,
                97916826.0,
                98414878.333333,
                96574320.666667,
                97575072.666667,
                96574320.666667,
                96673869.333333,
                96574320.666667,
                97549830.666667
            ],
            "new_highs": 3,
            "new_highs_ratio": 0.0967741935483871
        },
        {
            "item_name": "energy",
            "median_execution_time": 7.382482680999601,
            "duration": 1264.0984114559997,
            "patch_contents": "ParamSetting(('test.params', 'param', 'RESTARTS'), 'LubyRestarts') | ParamSetting(('test.params', 'param', 'PHASE'), 'RandomLiteralSelectionStrategy')\n",
            "number_of_retries": 4,
            "number_of_steps": 21,
            "best_fitness": 97230624.75,
            "reference_fitness": 97529861.0,
            "params": false,
            "fitness_values": [
                97238669.0,
                98137163.25,
                97529861.0,
                97230624.75,
                97799275.0,
                97238669.0,
                97927865.75,
                97829131.25,
                97618822.5,
                97619405.75,
                98586336.25,
                97414502.25,
                98081315.5,
                97820628.75,
                98266482.75,
                97567788.0,
                97230624.75,
                97238669.0,
                97389701.0,
                98266482.75,
                98064626.75
            ],
            "new_highs": 1,
            "new_highs_ratio": 0.047619047619047616
        },
        {
            "item_name": "energy",
            "median_execution_time": 7.306061713501549,
            "duration": 1310.3293542690008,
            "patch_contents": "ParamSetting(('test.params', 'param', 'CLEANING'), 'ACTIVITY') | ParamSetting(('test.params', 'param', 'LUBYFACTOR'), 404) | ParamSetting(('test.params', 'param', 'FIXEDPERIOD'), 160)\n",
            "number_of_retries": 5,
            "number_of_steps": 24,
            "best_fitness": 96724414.0,
            "reference_fitness": 97899161.0,
            "params": false,