{
    "original": {
        "median_execution_time": 6.263452205000249
    },
    "items": [
        {
            "item_name": "perf_cache_references",
            "median_execution_time": 6.359231636500226,
            "duration": 1061.0851036019994,
            "patch_contents": "SrcmlStmtDeletion(('org.sat4j.core/src/main/java/org/sat4j/minisat/core/Solver.java.xml', 'stmt', 979))\n",
            "number_of_retries": 1,
            "number_of_steps": 148,
            "best_fitness": 4959419595.0,
            "reference_fitness": 5134675479.0,
            "params": false,
            "fitness_values": [
                5208868841.0,
                5145542037.0,
                5175296737.0,
                5126784881.0,
                5134675479.0,
                5052733070.0,
                5152121410.0,
                5126784881.0,
                4959419595.0,
                5134675479.0,
                5060175326.0,
                5152405813.0,
                5101989656.0,
                5190269884.0,
                5267897416.0,
                5135621246.0,
                5089413980.0,
                5034746304.0,
                5170299484.0,
                5173931854.0,
                5098075196.0,
                5297701035.0,
                5140020543.0,
                5154176808.0,
                5114880031.0,
                5208186793.0,
                5157291444.0,
                5332609917.0,
                5094053539.0,
                5079307280.0,
                5133080357.0,
                5111355476.0,
                5310892358.0,
                5156611536.0,
                5147705533.0,
                5125044145.0,
                5203577536.0,
                5135365942.0,
                5077323289.0,
                5167031812.0,
                5160775582.0,
                5211653066.0,
                5192805855.0,
                5139714564.0,
                5126749876.0,
                5332609917.0,
                5088680465.0
            ],
            "new_highs": 4,
            "new_highs_ratio": 0.0851063829787234
        },
        {
            "item_name": "perf_cache_references",
            "median_execution_time": 6.249715918500442,
            "duration": 1085.970035477998,
            "patch_contents": "SrcmlStmtDeletion(('org.sat4j.core/src/main/java/org/sat4j/minisat/core/Solver.java.xml', 'stmt', 622)) | SrcmlStmtDeletion(('org.sat4j.core/src/main/java/org/sat4j/minisat/core/Solver.java.xml', 'stmt', 789)) | SrcmlStmtReplacement(('org.sat4j.core/src/main/java/org/sat4j/minisat/core/Solver.java.xml', 'stmt', 538), ('org.sat4j.core/src/main/java/org/sat4j/minisat/core/Solver.java.xml', 'stmt', 734))\n",
            "number_of_retries": 2,
            "number_of_steps": 110,
            "best_fitness": 4705295501.0,
            "reference_fitness": 5112772258.5,
            "params": false,
            "fitness_values": [
                5177738165.5,
                5166796826.5,
                5109836456.5,
                5112772258.5,
                5203386001.5,
                5099256793.0,
                5109836456.5,
                5239243309.5,
                5092476571.0,
                5100632840.0,
                5099256793.0,
                5263941186.0,
                5160340449.5,
                5178594672.5,
                5179324191.0,
                5026815812.0,
                4963385214.0,
                4997998831.5,
                4919172825.0,
                5109836456.5,
                5024651996.5,
                4963212985.0,
                4937899529.5,
                5134549513.0,
                4993886559.0,
                5031604063.0,
                4988257398.5,
                4945205332.5,
                4975851171.0,
                5062889960.0,
                4989200768.0,
                4949946011.0,
                4957041445.0,
                5034004420.0,
                4819477281.0,
                5010561117.5,
                4919172825.0,
                4754465135.0,
                4834105176.5,
                4705295501.0
            ],
            "new_highs": 10,
            "new_highs_ratio": 0.25
        },
        {
            "item_name": "perf_cache_references",
            "median_execution_time": 4.682549012501113,
            "duration": 1096.1080348719988,
            "patch_contents": "SrcmlStmtDeletion(('org.sat4j.core/src/main/java/org/sat4j/minisat/core/Solver.java.xml', 'stmt', 283)) | SrcmlStmtDeletion(('org.sat4j.core/src/main/java/org/sat4j/minisat/core/Solver.java.xml', 'stmt', 234)) | SrcmlStmtReplacement(('org.sat4j.core/src/main/java/org/sat4j/minisat/core/Solver.java.xml', 'stmt', 877), ('org.sat4j.core/src/main/java/org/sat4j/minisat/core/Solver.java.xml', 'stmt', 377))\n",
            "number_of_retries": 3,
            "number_of_steps": 106,
            "best_fitness": 3858120798.666667,
            "reference_fitness": 4999245257.666667,
            "params": false,
            "fitness_values": [
                5111493528.333333,
                5157239285.333333,
                5070925589.666667,
                5193081980.666667,
                5166933558.0,
                5193129433.666667,
                5047264832.0,
                5271340432.666667,
                5208892526.666667,
                5143566740.666667,
                5129459529.333333,
                5417041735.666667,
                5406317247.666667,
                5103852417.333333,
                5155807802.0,
                5458959583.333333,
                5142149759.333333,
                3901532674.666667,
                3863518374.333333,
                3869525672.0,
                5107894726.333333,
                3901532674.666667,
                3858120798.666667,
                3918230712.666667,
                3872965106.333333,
                5159119775.333333,
                3863518374.333333,
                3863020416.333333,
                3862583665.333333,
                3892317223.333333,
                3885887854.333333,
                3883027413.0
            ],
            "new_highs": 5,
            "new_highs_ratio": 0.15625
        },
        {
            "item_name": "perf_cache_references",
            "median_execution_time": 4.683165865500996,
            "duration": 1135.364118663998,
            "patch_contents": "SrcmlStmtDeletion(('org.sat4j.core/src/main/java/org/sat4j/minisat/core/Solver.java.xml', 'stmt', 283)) | SrcmlStmtReplacement(('org.sat4j.core/src/main/java/org/sat4j/minisat/core/Solver.java.xml', 'stmt', 714), ('org.sat4j.core/src/main/java/org/sat4j/minisat/core/Solver.java.xml', 'stmt', 362)) | SrcmlStmtDeletion(('org.sat4j.core/src/main/java/org/sat4j/minisat/core/Solver.java.xml', 'stmt', 224)) | SrcmlStmtDeletion(('org.sat4j.core/src/main/java/org/sat4j/minisat/core/Solver.java.xml', 'stmt', 121))\n",
            "number_of_retries": 4,
            "number_of_steps": 94,
            "best_fitness": 3852276897.0,
            "reference_fitness": 5124381462.5,
            "params": false,