{
    "original": {
        "median_execution_time": 8.714575522113591,
        "search_type": "local_search"
    },
    "items": [
        {
            "item_name": "time",
            "median_execution_time": 8.563909101998433,
            "duration": 1926.821732726181,
            "patch_contents": "SrcmlStmtDeletion(('src/main/java/weka/classifiers/trees/RandomForest.java.xml', 'stmt', 97))\n",
            "number_of_retries": 4,
            "number_of_steps": 156,
            "best_fitness": 8.5526,
            "reference_fitness": 8.6157,
            "params": false,
            "fitness_values": [
                8.6401,
                8.6855,
                8.6307,
                8.5526,
                8.6157,
                8.6248,
                8.6179,
                8.6815,
                8.6877,
                8.629,
                8.5969,
                8.6634,
                8.6245,
                8.6397,
                8.6524,
                8.6597,
                8.6095,
                8.5883,
                8.6384,
                8.6833,
                8.6524,
                8.6456,
                8.6718,
                8.6265,
                8.6363,
                8.6289,
                8.6785,
                8.6145,
                8.6509,
                8.585,
                8.7342,
                8.6122,
                8.7158,
                8.6289,
                8.6476,
                8.6677,
                8.6333,
                8.6504,
                8.6191,
                8.6817,
                8.6237,
                8.6445
            ],
            "new_highs": 2,
            "new_highs_ratio": 0.047619047619047616
        },
        {
            "item_name": "perf_cache_misses",
            "median_execution_time": 8.581100132432766,
            "duration": 1943.8503537541255,
            "patch_contents": "SrcmlStmtDeletion(('src/main/java/weka/classifiers/trees/RandomForest.java.xml', 'stmt', 100)) | SrcmlStmtReplacement(('src/main/java/weka/classifiers/trees/RandomForest.java.xml', 'stmt', 94), ('src/main/java/weka/classifiers/trees/RandomForest.java.xml', 'stmt', 54))\n",
            "number_of_retries": 4,
            "number_of_steps": 149,
            "best_fitness": 53147992.25,
            "reference_fitness": 53955292.75,
            "params": false,
            "fitness_values": [
                54351505.5,
                54544912.0,
                55079342.75,
                54931363.25,
                53651801.25,
                55581807.5,
                53955292.75,
                55428251.0,
                55571328.0,
                55517072.25,
                55191891.0,
                54653464.75,
                55743793.75,
                55149149.0,
                53967174.0,
                55151705.75,
                55644764.75,
                54934360.5,
                55952849.75,
                55223093.5,
                55171932.25,
                55151705.75,
                54172257.75,
                55033481.75,
                55035222.5,
                54410987.25,
                55817664.5,
                55659369.5,
                53147992.25,
                53999815.75,
                56049335.75,
                54091776.25,
                53147992.25,
                53147992.25,
                53999815.75,
                54778491.25,
                56049335.75,
                55216054.25,
                55499149.25,
                54614597.25,
                55299185.0,
                54720688.5,
                54942754.0,
                55271187.5,
                53147992.25,
                53147992.25,
                56049335.75,
                56021905.0
            ],
            "new_highs": 2,
            "new_highs_ratio": 0.041666666666666664
        },
        {
            "item_name": "perf_branches",
            "median_execution_time": 8.615753579419106,
            "duration": 1999.2156258989125,
            "patch_contents": "SrcmlStmtReplacement(('src/main/java/weka/classifiers/trees/RandomForest.java.xml', 'stmt', 131), ('src/main/java/weka/classifiers/trees/RandomForest.java.xml', 'stmt', 139)) | SrcmlStmtDeletion(('src/main/java/weka/classifiers/trees/RandomForest.java.xml', 'stmt', 81)) | SrcmlStmtDeletion(('src/main/java/weka/classifiers/trees/RandomForest.java.xml', 'stmt', 120))\n",
            "number_of_retries": 5,
            "number_of_steps": 123,
            "best_fitness": 16915073194.4,
            "reference_fitness": 17142025617.2,
            "params": false,
            "fitness_values": [
                17058631693.0,
                16922693048.8,
                17123350110.0,
                17058631693.0,
                17046997301.4,
                17153464921.4,
                17080299088.6,
                17149859606.8,
                17101693757.6,
                16944063301.2,
                16986445155.2,
                16925836086.6,
                17054858324.0,
                17191014004.6,
                16915073194.4,
                17050472057.4,
                17020662515.4,
                17179613400.6,
                16922693048.8,
                17143930836.4,
                17070987001.6,
                17179613400.6,
                16994787111.4,
                17046603144.4,
                17019431287.4,
                17054197741.6,
                17118821151.6,
                17173187666.6,
                17024074856.0,
                17167338369.2,
                17179647102.0,
                17016245022.8,
                17161568621.4,
                17119519269.4,
                17120193672.6,
                17119519269.4,
                17045127998.0,
                17095821726.2
            ],
            "new_highs": 2,
            "new_highs_ratio": 0.05263157894736842
        }
    ]
}