number_of_retries,execution_rank_per_item
1.0,2.6153846153846154
2.0,2.6153846153846154
3.0,3.769230769230769
4.0,3.6923076923076925
5.0,2.3076923076923075
