number_of_retries,execution_rank_per_item
1.0,3.1538461538461537
2.0,2.769230769230769
3.0,2.5384615384615383
4.0,3.5384615384615383
5.0,3.0
