{
    "original": {
        "median_execution_time": 10.858386185005656,
        "search_type": "genetic_programming"
    },
    "items": [
        {
            "item_name": "time",
            "median_execution_time": 6.151748537995445,
            "duration": 815.8758550400016,
            "patch_contents": "ParamSetting(('lpg.params', 'param', 'restarts'), 4) | ParamSetting(('lpg.params', 'param', 'search_steps'), 692) | ParamSetting(('lpg.params', 'param', 'repeats'), 16) | ParamSetting(('lpg.params', 'param', 'static_noise'), 'True') | ParamSetting(('lpg.params', 'param', 'lowmemory'), 'None') | ParamSetting(('lpg.params', 'param', 'search_steps'), 692) | ParamSetting(('lpg.params', 'param', 'repeats'), 8) | ParamSetting(('lpg.params', 'param', 'lowmemory'), 'True')\n",
            "number_of_retries": 1,
            "crossover": "GeneticProgrammingConcat",
            "number_of_steps": 110,
            "best_fitness": 5.9501,
            "reference_fitness": 10.0012,
            "params": false,
            "fitness_values": [
                9.4892,
                9.9326,
                6.5424,
                10.0323,
                9.9505,
                10.0012,
                10.2125,
                10.0012,
                10.1593,
                10.0945,
                10.8025,
                10.3151,
                10.0012,
                9.7248,
                6.5424,
                9.4892,
                9.7248,
                9.9326,
                6.5424,
                8.4639,
                9.7763,
                9.9326,
                9.9505,
                10.0012,
                10.0012,
                10.0945,
                9.7335,
                6.4659,
                10.1593,
                9.6305,
                10.0012,
                10.0012,
                10.0012,
                6.4659,
                6.5424,
                6.5424,
                8.4639,
                8.4081,
                6.4405,
                6.4659,
                8.5185,
                9.5078,
                9.6874,
                9.7235,
                6.2052,
                9.7763,
                9.7248,
                6.3975,
                10.0012,
                10.0945,
                10.0012,
                6.2938,
                8.5179,
                6.2052,
                6.2938,
                6.3975,
                6.4405,
                6.2893,
                6.4506,
                6.3975,
                8.5135,
                6.4659,
                8.5711,
                6.3975,
                8.5185,
                8.4081,
                8.4081,
                8.5179,
                8.5185,
                9.7335,
                6.5424,
                6.2087,
                6.4405,
                6.2052,
                6.2087,
                6.2893,
                6.2938,
                6.1432,
                6.2087,
                6.2893,
                8.4381,
                8.5479,
                6.3975,
                8.5479,
                8.5185,
                6.1588,
                6.2048,
                8.5135,
                8.5185,
                6.1387,
                6.2087,
                6.1732,
                6.3965,
                6.1387,
                6.1432,
                6.1588,
                6.1732,
                8.5084,
                6.2072,
                6.1432,
                6.1732,
                6.2048,
                8.5156,
                8.281,
                6.2087,
                6.2072,
                8.485,
                8.485,
                6.2069,
                6.1387,
                6.182,
                5.9501,
                6.1732,
                5.9501,
                6.1387,
                6.1387,
                6.1432,
                8.3031,
                8.5084,
                6.1732,
                8.3031,
                8.485,
                6.1588,
                8.5084,
                6.182,
                8.5018,
                6.2048,
                8.485,
                6.2072,
                21.134,
                6.1594,
                6.1733,
                6.1432,
                5.9501,
                6.1387,
                6.1387,
                6.1432,
                5.9501,
                6.2072,
                6.1732,
                5.9501,
                6.1432,
                6.2072,
                6.3865,
                8.5018,
                6.1588,
                8.3582,
                6.2048,
                6.2072,
                5.9501,
                9.7427,
                6.1387,
                6.1432,
                5.9501,
                5.9501,
                5.9501,
                5.9501,
                5.9501,
                5.9501,
                6.2114,
                6.1432,
                6.2114,
                8.5017,
                6.2072,
                6.1432,
                6.1432,
                6.1432,
                8.3582,
                6.1387,
                5.9501,
                5.9501,
                5.9501,
                6.1588,
                5.9501,
                5.9501,
                5.9501,
                5.9501,
                5.9501,
                6.2114,
                5.9501,
                5.9501,
                5.9501,
                5.9501,
                5.9501,
                6.1432,
                6.1432,
                6.1432,
                6.1588,
                8.3582,
                5.9501,
                5.9501,
                5.9501,
                5.9859
            ],
            "new_highs": 7,
            "new_highs_ratio": 0.03626943005181347
        }
    ]
}