{
    "original": {
        "median_execution_time": 0.10146093368530273
    },
    "items": [
        {
            "item_name": "time",
            "median_execution_time": 0.011083722114562988,
            "duration": 18.850952863693237,
            "patch_contents": "SrcmlStmtReplacement(('triangle.py.xml', 'stmt', 7), ('triangle.py.xml', 'stmt', 8)) | SrcmlStmtDeletion(('triangle.py.xml', 'stmt', 10)) | SrcmlStmtInsertion(('triangle.py.xml', '_inter_block', 4), ('triangle.py.xml', 'stmt', 2))\n",
            "number_of_retries": 1,
            "number_of_steps": 100,
            "best_fitness": 0.0378,
            "reference_fitness": 0.1133,
            "params": false,
            "fitness_values": [
                0.1252,
                0.1136,
                0.0959,
                0.1133,
                0.1141,
                0.0959,
                0.0959,
                0.1133,
                0.0959,
                0.113,
                0.0959,
                0.1146,
                0.1133,
                0.1234,
                0.0959,
                0.114,
                0.0959,
                0.1133,
                0.0959,
                0.0959,
                0.0959,
                0.0959,
                0.0959,
                0.0959,
                0.1133,
                0.124,
                0.0959,
                0.0959,
                0.1133,
                0.0959,
                0.1137,
                0.1237,
                0.0959,
                0.1133,
                0.1164,
                0.0959,
                0.1176,
                0.0959,
                0.0959,
                0.0959,
                0.1133,
                0.0443,
                0.0959,
                0.044,
                0.1133,
                0.0444,
                0.0442,
                0.0436,
                0.0439,
                0.044,
                0.0441,
                0.0378,
                0.0378
            ],
            "new_highs": 6,
            "new_highs_ratio": 0.11320754716981132
        },
        {
            "item_name": "perf_time",
            "median_execution_time": 0.0220259428024292,
            "duration": 14.434599876403809,
            "patch_contents": "SrcmlStmtInsertion(('triangle.py.xml', '_inter_block', 14), ('triangle.py.xml', 'stmt', 3)) | SrcmlStmtDeletion(('triangle.py.xml', 'stmt', 12)) | SrcmlStmtDeletion(('triangle.py.xml', 'stmt', 19)) | SrcmlStmtDeletion(('triangle.py.xml', 'stmt', 7))\n",
            "number_of_retries": 1,
            "number_of_steps": 100,
            "best_fitness": 0.031982,
            "reference_fitness": 0.094345,
            "params": false,
            "fitness_values": [
                0.086512,
                0.102234,
                0.094345,
                0.083364,
                0.083364,
                0.086512,
                0.083364,
                0.098436,
                0.083364,
                0.102461,
                0.083364,
                0.098436,
                0.086512,
                0.083364,
                0.083364,
                0.083364,
                0.083364,
                0.083364,
                0.083364,
                0.083364,
                0.083364,
                0.083364,
                0.098436,
                0.083714,
                0.083364,
                0.098436,
                0.086512,
                0.083364,
                0.083364,
                0.083364,
                0.098436,
                0.083364,
                0.083364,
                0.083364,
                0.086512,
                0.098436,
                0.083364,
                0.098436,
                0.110457,
                0.083364,
                0.086512,
                0.098436,
                0.083364,
                0.098436,
                0.086512,
                0.083364,
                0.086512,
                0.085776,
                0.083364,
                0.083364,
                0.083364,
                0.101057,
                0.083364,
                0.083364,
                0.086512,
                0.102451,
                0.083364,
                0.083364,
                0.086512,
                0.031982
            ],
            "new_highs": 2,
            "new_highs_ratio": 0.03333333333333333
        }
    ]
}