number_of_retries,execution_rank_per_item
1.0,3.3076923076923075
2.0,3.4615384615384617
3.0,3.3846153846153846
4.0,2.3076923076923075
5.0,2.5384615384615383
