number_of_retries,execution_rank_per_item
1.0,2.3076923076923075
2.0,3.230769230769231
3.0,3.1538461538461537
4.0,3.1538461538461537
5.0,3.1538461538461537
