number_of_retries,execution_rank_per_item
1.0,2.75
2.0,3.0
3.0,3.3846153846153846
4.0,2.357142857142857
5.0,3.0
