{
    "time": 0.13054830639250192,
    "perf_time": 0.1353084061917305,
    "instructions": 0.021675442491253565,
    "cycles": 0.13659142269069122,
    "cache-references": 6.638164335850647,
    "cache-misses": 6.656514715855775,
    "branches": 0.027993351216177204,
    "branch-misses": 0.051067427100859354,
    "cpu-clock": 0.1390655251946818,
    "task-clock": 0.13501638226430332,
    "faults": 0.17424829793545366,
    "minor-faults": 0.23133935929299307,
    "major-faults": 0.6272280441794642,
    "cs": 109.93260591182943,
    "migrations": 153.96007178390022,
    "L1-dcache-loads": 0.0959434342736654,
    "L1-dcache-load-misses": 23.524815993094332,
    "dTLB-loads": 1.224057589466598,
    "dTLB-load-misses": 3.5842880177341394,
    "weights": 27.079250490730445,
    "energy": 1.7770996772524927
}