{
    "original": {
        "median_execution_time": 21.491212676000032,
        "search_type": "local_search"
    },
    "items": [
        {
            "item_name": "perf_time",
            "median_execution_time": 13.186591550999765,
            "duration": 283.61648509099996,
            "patch_contents": "ParamSetting(('scipy.params', 'param', 'method'), 'L-BFGS-B') | ParamSetting(('scipy.params', 'param', 'jac'), 'cs') | ParamSetting(('scipy.params', 'param', 'maxiter'), 485)\n",
            "number_of_retries": 1,
            "number_of_steps": 21,
            "best_fitness": 12.294369,
            "reference_fitness": 21.911402,
            "params": false,
            "fitness_values": [
                21.911402,
                21.911402,
                21.909145,
                13.968069,
                19.870322,
                21.909145,
                13.968069,
                29.958212,
                13.968069,
                21.909145,
                12.294369,
                12.861065,
                20.923568,
                13.968069,
                16.901205
            ],
            "new_highs": 3,
            "new_highs_ratio": 0.2
        },
        {
            "item_name": "weights",
            "median_execution_time": 13.314464552000572,
            "duration": 367.13597114999993,
            "patch_contents": "ParamSetting(('scipy.params', 'param', 'method'), 'Nelder-Mead')\n",
            "number_of_retries": 1,
            "number_of_steps": 22,
            "best_fitness": 16991755985.173,
            "reference_fitness": 29815515680.729,
            "params": false,
            "fitness_values": [
                29815515680.729,
                29815515680.729,
                30825282669.097,
                16991755985.173,
                29815515680.729,
                16991755985.173,
                32746912826.366,
                16991755985.173,
                29815515680.729,
                18213856328.009,
                32537483033.832,
                32537483033.832,
                32537483033.832,
                16991755985.173,
                16991755985.173,
                16991755985.173
            ],
            "new_highs": 1,
            "new_highs_ratio": 0.0625
        }
    ]
}