{
    "original": {
        "median_execution_time": 3.942386559996521,
        "search_type": "genetic_programming"
    },
    "items": [
        {
            "item_name": "time",
            "median_execution_time": 2.3919598939974094,
            "duration": 126.81530129699968,
            "patch_contents": "ParamSetting(('minisat_advanced.params', 'param', 'lbd-cut'), 4.7294703730698755) | ParamSetting(('minisat_advanced.params', 'param', 'var-decay'), 0.9389626129291263)\n",
            "number_of_retries": 1,
            "crossover": "GeneticProgrammingUniformConcat",
            "number_of_steps": 70,
            "best_fitness": 2.4035,
            "reference_fitness": 4.0163,
            "params": false,
            "fitness_values": [
                4.0163,
                4.9426,
                4.1871,
                4.075,
                4.011,
                4.0275,
                2.4667,
                4.0163,
                4.0163,
                4.0817,
                4.0163,
                7.9605,
                7.2171,
                4.0689,
                4.0163,
                4.0163,
                4.066,
                4.0163,
                4.1058,
                4.0399,
                2.4667,
                4.011,
                4.0163,
                4.0163,
                2.4035,
                7.2171,
                4.0163,
                4.1871,
                4.0275,
                4.0399,
                4.066,
                4.0275,
                7.2171,
                4.0817,
                4.0399,
                2.4477,
                4.0163,
                4.0163,
                5.3488,
                4.0163,
                2.4035,
                2.4477,
                2.4667,
                4.011,
                2.4667,
                2.4477,
                4.011,
                4.011,
                4.0163,
                4.0163,
                4.066,
                7.2171,
                5.3513,
                4.0399,
                5.3488,
                4.0817,
                2.4667,
                2.4667,
                4.0163,
                3.9838,
                2.4035,
                2.4477,
                2.4667,
                3.9838,
                4.0163,
                2.4477,
                4.0163,
                4.011,
                4.011,
                4.0163,
                7.2171,
                2.4667,
                4.0275,
                4.0817,
                4.0717,
                2.4667,
                2.4035,
                2.4477,
                2.4667,
                4.8003,
                2.4035,
                2.4035,
                2.4477,
                2.4477,
                4.011,
                2.4035,
                2.4667,
                4.0163,
                2.4477,
                4.0275,
                4.0163,
                4.1295,
                4.011,
                4.0163,
                4.0163,
                4.0817,
                2.4035,
                2.4667,
                2.4477,
                2.4346,
                2.4035,
                2.4035,
                2.4035,
                2.4346,
                4.066,
                2.4035,
                4.0587,
                2.4477,
                4.0163,
                2.4477,
                2.4477,
                4.0163,
                3.5142,
                4.011,
                2.4035,
                4.1295,
                2.477,
                2.4549,
                4.011,
                2.4346
            ],
            "new_highs": 3,
            "new_highs_ratio": 0.025
        }
    ]
}