{
    "original": {
        "median_execution_time": 0.07203245162963867
    },
    "items": [
        {
            "item_name": "time",
            "median_execution_time": 0.0007935762405395508,
            "duration": 38.71749138832092,
            "patch_contents": "SrcmlStmtDeletion(('triangle.cpp.xml', 'stmt', 1)) | SrcmlStmtDeletion(('triangle.cpp.xml', 'stmt', 8)) | SrcmlStmtInsertion(('triangle.cpp.xml', '_inter_block', 32), ('triangle.cpp.xml', 'stmt', 8))\n",
            "number_of_retries": 1,
            "number_of_steps": 100,
            "best_fitness": 0.0081,
            "reference_fitness": 0.0832,
            "params": false,
            "fitness_values": [
                0.0797,
                0.0832,
                0.0797,
                0.0797,
                0.0832,
                0.0828,
                0.0835,
                0.0824,
                0.0832,
                0.0797,
                0.0797,
                0.0832,
                0.0147,
                0.0147,
                0.0147,
                0.0797,
                0.0147,
                0.0106,
                0.0862,
                0.0106,
                0.0106,
                0.0147,
                0.0862,
                0.0147,
                0.0106,
                0.0147,
                0.0147,
                0.0862,
                0.0106,
                0.0081,
                0.0147,
                0.0148,
                0.0148,
                0.0081,
                0.0885,
                0.0147,
                0.0153,
                0.0081,
                0.0147,
                0.0093,
                0.0081,
                0.0885,
                0.0081,
                0.0148,
                0.0147,
                0.0885,
                0.0137,
                0.0081,
                0.0147,
                0.0081,
                0.0147,
                0.0081,
                0.0885,
                0.0081,
                0.0081,
                0.0147,
                0.0081
            ],
            "new_highs": 3,
            "new_highs_ratio": 0.05263157894736842
        }
    ]
}