{
    "time": 1.0,
    "perf_time": 0.9981864561403508,
    "instructions": 1276788530.3258145,
    "cycles": 4143813375.9398494,
    "cache-references": 2008216.5413533833,
    "cache-misses": 229499.74937343356,
    "branches": 340460492.98245615,
    "branch-misses": 3047571.177944862,
    "cpu-clock": 0.9981756867167919,
    "task-clock": 0.9962881729323307,
    "faults": 265.91478696741854,
    "minor-faults": 257.39348370927314,
    "major-faults": 8.521303258145362,
    "cs": 12.781954887218044,
    "migrations": 0.0,
    "L1-dcache-loads": 210315384.962406,
    "L1-dcache-load-misses": 543302.5062656641,
    "dTLB-loads": 232765.16290726815,
    "dTLB-load-misses": 3292.4812030075186,
    "weights": 817700.5012531328,
    "energy": 2477474.6867167917
}