{
    "original": {
        "median_execution_time": 11.40134596824646
    },
    "items": [
        {
            "item_name": "perf_time",
            "median_execution_time": 0.21420693397521973,
            "duration": 159.535466155,
            "patch_contents": "SrcmlStmtDeletion(('core/Solver.cc.xml', 'stmt', 163)) | SrcmlStmtInsertion(('core/Solver.cc.xml', '_inter_block', 268), ('core/Solver.cc.xml', 'stmt', 3))\n",
            "number_of_retries": 1,
            "number_of_steps": 79,
            "best_fitness": 0.23371,
            "reference_fitness": 11.644034,
            "params": false,
            "fitness_values": [
                0.368146,
                0.401061,
                11.644034,
                0.23371,
                0.370832,
                0.368146,
                0.334558,
                12.180446,
                0.36198,
                0.304433,
                0.388447,
                0.378931,
                0.37779,
                0.686984,
                0.406493,
                0.325757,
                0.345567,
                0.33808,
                0.390821,
                0.380782,
                0.33068,
                0.359641,
                0.323353,
                0.422714,
                0.408788,
                0.23371,
                12.180446,
                0.23371,
                12.180446,
                0.362057,
                0.346838,
                0.368146,
                0.385389,
                0.374953
            ],
            "new_highs": 1,
            "new_highs_ratio": 0.029411764705882353
        },
        {
            "item_name": "weights",
            "median_execution_time": 11.906845808029175,
            "duration": 140.81009448799978,
            "patch_contents": "SrcmlStmtDeletion(('core/Solver.cc.xml', 'stmt', 209)) | SrcmlStmtDeletion(('core/Solver.cc.xml', 'stmt', 177))\n",
            "number_of_retries": 1,
            "number_of_steps": 10,
            "best_fitness": 25993557591.122,
            "reference_fitness": 27645443981.193,
            "params": false,
            "fitness_values": [
                31051047385.024,
                27214865050.663,
                27645443981.193,
                25993557591.122,
                27214865050.663,
                27863771940.842
            ],
            "new_highs": 2,
            "new_highs_ratio": 0.3333333333333333
        }
    ]
}