{
    "time": 1.0,
    "perf_time": 1.0000620403768505,
    "instructions": 1282136003.297443,
    "cycles": 4170098432.974428,
    "cache-references": 1600369.7173620458,
    "cache-misses": 132095.8277254374,
    "branches": 342066304.1049798,
    "branch-misses": 3042806.9986541052,
    "cpu-clock": 0.9982279407806192,
    "task-clock": 0.9980419071332437,
    "faults": 71.39973082099597,
    "minor-faults": 69.11170928667565,
    "major-faults": 2.3553162853297445,
    "cs": 8.00807537012113,
    "migrations": 0.0,
    "L1-dcache-loads": 209106174.09152088,
    "L1-dcache-load-misses": 438287.41588156123,
    "dTLB-loads": 204462.71870794077,
    "dTLB-load-misses": 883.9838492597578,
    "weights": 247683.10901749664,
    "energy": 2411117.1601615073
}