{
    "time": 1.0,
    "perf_time": 0.9991556075697212,
    "instructions": 1282480026.7928288,
    "cycles": 4170811120.916335,
    "cache-references": 1670307.2709163348,
    "cache-misses": 147638.64541832672,
    "branches": 342124639.4422311,
    "branch-misses": 3045540.4382470124,
    "cpu-clock": 0.9991439282868526,
    "task-clock": 0.999105453187251,
    "faults": 105.6772908366534,
    "minor-faults": 101.69322709163347,
    "major-faults": 3.884462151394423,
    "cs": 8.56573705179283,
    "migrations": 0.0,
    "L1-dcache-loads": 209330198.20717132,
    "L1-dcache-load-misses": 456277.1912350598,
    "dTLB-loads": 208801.29482071716,
    "dTLB-load-misses": 1254.980079681275,
    "weights": 341964.7410358566,
    "energy": 2449995.6175298807
}