{
"time": [14.88,14.87,14.84,14.85,14.86,14.86,14.90,14.83,14.84,14.85,14.88,14.88,14.87,14.88,14.87,14.85,14.88,14.84,14.85,14.87,14.86],
"perf_time": [14.88401941,14.88383090,14.86092192,14.85066356,14.85130875,14.85024549,14.87049366,14.84647239,14.84524325,14.85874203,14.86423114,14.86203386,14.85096618,14.86463091,14.86315516,14.85521372,14.84146805,14.86274841,14.86892566,14.85944771,14.86636947],
"instructions": [19053041546.00000000,19060588231.00000000,19053273106.00000000,19053411973.00000000,19051116774.00000000,19060091130.00000000,19053274782.00000000,19052253256.00000000,19052745259.00000000,19052189857.00000000,19051636508.00000000,19055868472.00000000,19053437982.00000000,19052541009.00000000,19053592564.00000000,19051556594.00000000,19051352739.00000000,19052530386.00000000,19051836441.00000000,19052038897.00000000,19051717089.00000000],
"cycles": [61990748723.00000000,61976282451.00000000,61944285621.00000000,61942195315.00000000,62082390992.00000000,61978812347.00000000,61990330498.00000000,61989204852.00000000,61967662714.00000000,61905177556.00000000,61965631071.00000000,62014298198.00000000,61922275092.00000000,61970130408.00000000,61933788038.00000000,61986374642.00000000,61868882814.00000000,61967279569.00000000,61864114967.00000000,62053694978.00000000,61952272508.00000000],
"cache-references": [31014071.00000000,28558957.00000000,23940443.00000000,23430367.00000000,23659312.00000000,23596773.00000000,23781494.00000000,23810517.00000000,23977257.00000000,26430788.00000000,23467377.00000000,23908724.00000000,26084265.00000000,23715502.00000000,23771104.00000000,23504539.00000000,24109877.00000000,23387266.00000000,24518408.00000000,23437029.00000000,23457142.00000000],
"cache-misses": [2130878.00000000,1969501.00000000,2097972.00000000,2147878.00000000,1737279.00000000,1696245.00000000,1935722.00000000,1758873.00000000,2220757.00000000,1746315.00000000,2158672.00000000,1981250.00000000,1912321.00000000,1998403.00000000,1961100.00000000,2025810.00000000,1724118.00000000,1962944.00000000,1916104.00000000,1571708.00000000,1999898.00000000],
"branches": [5083170809.00000000,5083105279.00000000,5083281350.00000000,5083042712.00000000,5083119375.00000000,5084586912.00000000,5082992250.00000000,5082890788.00000000,5082837089.00000000,5083530655.00000000,5083188031.00000000,5083084673.00000000,5083084079.00000000,5082992883.00000000,5084825117.00000000,5084504462.00000000,5083087351.00000000,5083042089.00000000,5083250903.00000000,5083841800.00000000,5083046899.00000000],
"branch-misses": [45216559.00000000,45212040.00000000,45211884.00000000,45229765.00000000,45224697.00000000,45215344.00000000,45212999.00000000,45216112.00000000,45217148.00000000,45216395.00000000,45213757.00000000,45210585.00000000,45222958.00000000,45240044.00000000,45213583.00000000,45212833.00000000,45239468.00000000,48921737.00000000,45212961.00000000,45211461.00000000,45218218.00000000],
"cpu-clock": [14.82215114,14.84642985,14.82592431,14.85501628,14.82498104,14.83252823,14.80928176,14.83939244,14.83931121,14.84398897,14.84558463,14.84852732,14.83490793,14.81677273,14.83806133,14.83030126,14.81607173,14.82008942,14.83366720,14.83134400,14.84092538],
"task-clock": [14.82194455,14.84907914,14.82720492,14.82296884,14.82343894,14.83484249,14.83360336,14.84913606,14.82122867,14.83442085,14.82587319,14.83933929,14.82195446,14.83159738,14.83090274,14.84372134,14.83132549,14.82772727,14.82099624,14.82940499,14.84182473],
"faults": [1059.00000000,1064.00000000,1059.00000000,1062.00000000,1063.00000000,1061.00000000,1063.00000000,1061.00000000,1059.00000000,1064.00000000,1065.00000000,1059.00000000,1061.00000000,1061.00000000,1059.00000000,1058.00000000,1062.00000000,1063.00000000,1063.00000000,1060.00000000,1061.00000000],
"minor-faults": [1027.00000000,1028.00000000,1028.00000000,1027.00000000,1027.00000000,1027.00000000,1027.00000000,1025.00000000,1027.00000000,1027.00000000,1028.00000000,1029.00000000,1026.00000000,1025.00000000,1030.00000000,1025.00000000,1027.00000000,1025.00000000,1023.00000000,1025.00000000,1024.00000000],
"major-faults": [35.00000000,35.00000000,35.00000000,35.00000000,34.00000000,35.00000000,35.00000000,35.00000000,35.00000000,35.00000000,35.00000000,35.00000000,35.00000000,35.00000000,35.00000000,35.00000000,35.00000000,35.00000000,35.00000000,35.00000000,35.00000000],
"cs": [149.00000000,93.00000000,100.00000000,754.00000000,111.00000000,91.00000000,133.00000000,119.00000000,115.00000000,132.00000000,101.00000000,119.00000000,238.00000000,750.00000000,116.00000000,103.00000000,674.00000000,132.00000000,132.00000000,101.00000000,105.00000000],
"migrations": [0.00000000,0.00000000,0.00000000,0.00000000,0.00000000,0.00000000,0.00000000,0.00000000,0.00000000,0.00000000,0.00000000,0.00000000,0.00000000,1.00000000,0.00000000,0.00000000,0.00000000,0.00000000,0.00000000,0.00000000,0.00000000],
"L1-dcache-loads": [3107746430.00000000,3107512767.00000000,3109628255.00000000,3104445148.00000000,3107317747.00000000,3107979814.00000000,3108832667.00000000,3103958556.00000000,3105282587.00000000,3109102967.00000000,3106748555.00000000,3106099632.00000000,3106534332.00000000,3107400990.00000000,3107965575.00000000,3105547957.00000000,3107119552.00000000,3107095826.00000000,3107774716.00000000,3107867166.00000000,3103238981.00000000],
"L1-dcache-load-misses": [6535428.00000000,6441083.00000000,6475048.00000000,6828868.00000000,6804619.00000000,6495872.00000000,6846479.00000000,6505627.00000000,6497389.00000000,6548358.00000000,6356170.00000000,7046182.00000000,6798631.00000000,6344482.00000000,6770964.00000000,6502684.00000000,21871926.00000000,6812449.00000000,6484044.00000000,6481817.00000000,6512951.00000000],
"dTLB-loads": [3045433.00000000,3032921.00000000,3062177.00000000,3034059.00000000,3132137.00000000,3037064.00000000,3141148.00000000,3038316.00000000,3034309.00000000,3046663.00000000,3043043.00000000,3153085.00000000,3037949.00000000,3031618.00000000,3037690.00000000,3038149.00000000,3038637.00000000,3143895.00000000,3031560.00000000,3040609.00000000,3029113.00000000],
"dTLB-load-misses": [12845.00000000,12510.00000000,14332.00000000,13028.00000000,13012.00000000,12448.00000000,13231.00000000,13152.00000000,12819.00000000,13071.00000000,14794.00000000,12617.00000000,13161.00000000,13178.00000000,14941.00000000,14812.00000000,14841.00000000,13136.00000000,13182.00000000,12976.00000000,13058.00000000],
"weights": [4003410.00000000,3558362.00000000,3805375.00000000,3281369.00000000,2944010.00000000,3680571.00000000,5440923.00000000,3893115.00000000,4742148.00000000,3773190.00000000,3305473.00000000,3512234.00000000,3552836.00000000,2988300.00000000,4981065.00000000,4215015.00000000,3202038.00000000,3573453.00000000,4722797.00000000,2940936.00000000,4761085.00000000],
"energy": [36843904.00000000,36432930.00000000,36507084.00000000,36190801.00000000,36382442.00000000,36326536.00000000,36011244.00000000,35674654.00000000,35867835.00000000,35873053.00000000,35605337.00000000,35648852.00000000,35876044.00000000,35829201.00000000,35809138.00000000,35572593.00000000,35397537.00000000,35669695.00000000,35452360.00000000,35511439.00000000,35618474.00000000]
}
