{
"time": 10.04,
"perf_time": 10.03152230,
"instructions": 12876099469.00000000,
"cycles": 41874943654.00000000,
"cache-references": 16769885.00000000,
"cache-misses": 1482292.00000000,
"branches": 3434931380.00000000,
"branch-misses": 30577226.00000000,
"cpu-clock": 10.03140504,
"task-clock": 10.03101875,
"faults": 1061.00000000,
"minor-faults": 1021.00000000,
"major-faults": 39.00000000,
"cs": 86.00000000,
"migrations": 0.00000000,
"L1-dcache-loads": 2101675190.00000000,
"L1-dcache-load-misses": 4581023.00000000,
"dTLB-loads": 2096365.00000000,
"dTLB-load-misses": 12600.00000000,
"weights": 3433326.00000000,
"energy": 24597956.00000000
}
