{
"time": [10.04,10.04,10.04,10.04,10.04,10.04,10.04,10.04,10.04,10.04,10.04,10.04,10.04,10.04,10.04,10.04,10.04,10.04,10.04,10.04,10.04],
"perf_time": [10.03200707,10.03189456,10.03124810,10.03311280,10.03152230,10.03205903,10.03164501,10.03347164,10.03158453,10.03163021,10.03393162,10.03102517,10.03092760,10.03088947,10.03135168,10.02439207,10.03123106,10.03192193,10.03083325,10.03143242,10.03066060],
"instructions": [12876099469.00000000,12858915086.00000000,12887744266.00000000,12868137302.00000000,12885619349.00000000,12841998841.00000000,12897656549.00000000,12868692035.00000000,12889233000.00000000,12877107718.00000000,12879900122.00000000,12855098627.00000000,12876140808.00000000,12873796015.00000000,12870833105.00000000,12844818973.00000000,12872748888.00000000,12896360835.00000000,12878246331.00000000,12846774036.00000000,12882793828.00000000],
"cycles": [41886842781.00000000,41821353026.00000000,41880654336.00000000,41809479188.00000000,41874943654.00000000,41873455590.00000000,41870177930.00000000,41745793180.00000000,41883555144.00000000,41883687111.00000000,41808203397.00000000,41818445528.00000000,41876988525.00000000,41731173129.00000000,41873357114.00000000,41893113900.00000000,41877037542.00000000,41885797691.00000000,41883582698.00000000,41747326978.00000000,41875526939.00000000],
"cache-references": [16835536.00000000,16723498.00000000,22070632.00000000,20079641.00000000,26969990.00000000,16486762.00000000,16989756.00000000,17213213.00000000,16600442.00000000,16724536.00000000,17143008.00000000,16769885.00000000,16754814.00000000,16431281.00000000,16673303.00000000,16675904.00000000,17129239.00000000,16931262.00000000,16709442.00000000,16605058.00000000,17614691.00000000],
"cache-misses": [1432204.00000000,1685027.00000000,1419096.00000000,1388013.00000000,1449790.00000000,1417982.00000000,1562256.00000000,1308295.00000000,1674814.00000000,1508490.00000000,1629571.00000000,1482292.00000000,1469334.00000000,1278136.00000000,1498736.00000000,1665734.00000000,1461460.00000000,1491794.00000000,1643819.00000000,1768034.00000000,1407096.00000000],
"branches": [3436047259.00000000,3431783883.00000000,3435148683.00000000,3436283636.00000000,3429296425.00000000,3437446078.00000000,3434062240.00000000,3433412478.00000000,3434931380.00000000,3435311044.00000000,3430821012.00000000,3437437472.00000000,3436553088.00000000,3435281819.00000000,3436619485.00000000,3430860737.00000000,3434255640.00000000,3435576518.00000000,3426435637.00000000,3421992383.00000000,3431576763.00000000],
"branch-misses": [30555511.00000000,30594762.00000000,30580651.00000000,30555294.00000000,30518070.00000000,30590250.00000000,30514707.00000000,30595907.00000000,30587363.00000000,30607266.00000000,30568519.00000000,30601282.00000000,30526190.00000000,30603759.00000000,30535211.00000000,30536753.00000000,30592249.00000000,30578304.00000000,30577226.00000000,30560218.00000000,30548561.00000000],
"cpu-clock": [10.03233826,10.03240908,10.03069140,10.03015970,10.03203256,10.03178875,10.03152482,10.03191593,10.03134421,10.03220172,10.03278021,10.03140504,10.02349789,10.03059376,10.03207691,10.03068428,10.03167861,10.03096958,10.03137263,10.03033961,10.03061744],
"task-clock": [10.03176186,10.03017213,10.03136830,10.03020936,10.03037732,10.03105946,10.03060584,10.03077179,10.03084742,10.03252767,10.02878655,10.03371113,10.03121793,10.03027333,10.03124461,10.03433921,10.03077619,10.03101875,10.03067946,10.03298275,10.03208487],
"faults": [1060.00000000,1059.00000000,1065.00000000,1060.00000000,1057.00000000,1065.00000000,1061.00000000,1058.00000000,1061.00000000,1062.00000000,1063.00000000,1062.00000000,1059.00000000,1062.00000000,1061.00000000,1061.00000000,1066.00000000,1065.00000000,1058.00000000,1061.00000000,1065.00000000],
"minor-faults": [1020.00000000,1025.00000000,1020.00000000,1018.00000000,1026.00000000,1022.00000000,1020.00000000,1023.00000000,1020.00000000,1023.00000000,1025.00000000,1025.00000000,1020.00000000,1020.00000000,1021.00000000,1021.00000000,1021.00000000,1020.00000000,1024.00000000,1023.00000000,1021.00000000],
"major-faults": [39.00000000,39.00000000,39.00000000,39.00000000,39.00000000,39.00000000,39.00000000,39.00000000,39.00000000,39.00000000,39.00000000,39.00000000,39.00000000,39.00000000,39.00000000,39.00000000,39.00000000,39.00000000,39.00000000,39.00000000,39.00000000],
"cs": [84.00000000,86.00000000,156.00000000,433.00000000,84.00000000,425.00000000,150.00000000,82.00000000,81.00000000,158.00000000,95.00000000,77.00000000,92.00000000,84.00000000,82.00000000,78.00000000,86.00000000,460.00000000,85.00000000,93.00000000,94.00000000],
"migrations": [0.00000000,0.00000000,0.00000000,2.00000000,2.00000000,3.00000000,0.00000000,0.00000000,0.00000000,0.00000000,0.00000000,0.00000000,0.00000000,0.00000000,0.00000000,0.00000000,0.00000000,0.00000000,0.00000000,0.00000000,1.00000000],
"L1-dcache-loads": [2098983013.00000000,2102434164.00000000,2104628527.00000000,2098230824.00000000,2100963646.00000000,2101004542.00000000,2101675190.00000000,2097867905.00000000,2104955335.00000000,2094769712.00000000,2103185738.00000000,2098718239.00000000,2103686707.00000000,2102463303.00000000,2106027863.00000000,2101555124.00000000,2104168406.00000000,2099329849.00000000,2102941634.00000000,2103661023.00000000,2100532321.00000000],
"L1-dcache-load-misses": [4603620.00000000,4643319.00000000,4600944.00000000,4555081.00000000,4768745.00000000,7120686.00000000,4542745.00000000,4554742.00000000,4563717.00000000,4521179.00000000,4613209.00000000,4544316.00000000,4556883.00000000,4606856.00000000,4540349.00000000,4615489.00000000,4545316.00000000,4581023.00000000,4546440.00000000,4778222.00000000,8012997.00000000],
"dTLB-loads": [2170217.00000000,2098849.00000000,2099031.00000000,2090637.00000000,2095497.00000000,2086512.00000000,2141700.00000000,2096775.00000000,2096365.00000000,2095071.00000000,2083862.00000000,2095912.00000000,2096300.00000000,2097710.00000000,2087102.00000000,2095100.00000000,2084217.00000000,2168818.00000000,2102180.00000000,2096376.00000000,2136054.00000000],
"dTLB-load-misses": [12598.00000000,12951.00000000,12557.00000000,12600.00000000,11893.00000000,12325.00000000,12145.00000000,13334.00000000,13193.00000000,12794.00000000,12293.00000000,13537.00000000,12492.00000000,13202.00000000,12757.00000000,12111.00000000,12170.00000000,12933.00000000,12622.00000000,12942.00000000,12391.00000000],
"weights": [3979278.00000000,4500833.00000000,3179748.00000000,3676015.00000000,2937974.00000000,3631753.00000000,3433326.00000000,3078562.00000000,2932205.00000000,2961757.00000000,3491230.00000000,3634512.00000000,3794888.00000000,2786722.00000000,3292759.00000000,2939011.00000000,3770220.00000000,2930807.00000000,5062001.00000000,2785415.00000000,4073842.00000000],
"energy": [25967606.00000000,25398711.00000000,25150051.00000000,24852139.00000000,24798415.00000000,24801497.00000000,24701451.00000000,24736468.00000000,24668951.00000000,24617151.00000000,24492187.00000000,24555951.00000000,24597956.00000000,24553082.00000000,24449923.00000000,24413990.00000000,24337273.00000000,24319345.00000000,24313989.00000000,24272441.00000000,24275905.00000000]
}
