{
"time": 14.86,
"perf_time": 14.86092192,
"instructions": 19052541009.00000000,
"cycles": 61967662714.00000000,
"cache-references": 23781494.00000000,
"cache-misses": 1962944.00000000,
"branches": 5083105279.00000000,
"branch-misses": 45216112.00000000,
"cpu-clock": 14.83366720,
"task-clock": 14.83090274,
"faults": 1061.00000000,
"minor-faults": 1027.00000000,
"major-faults": 35.00000000,
"cs": 119.00000000,
"migrations": 0.00000000,
"L1-dcache-loads": 3107317747.00000000,
"L1-dcache-load-misses": 6512951.00000000,
"dTLB-loads": 3038316.00000000,
"dTLB-load-misses": 13136.00000000,
"weights": 3680571.00000000,
"energy": 35829201.00000000
}
