{
    "time": 0.11728560582950481,
    "perf_time": 0.07408852764481957,
    "instructions": 0.013078365621488047,
    "cycles": 0.0815984695298821,
    "cache-references": 7.774223948784672,
    "cache-misses": 8.754877162495188,
    "branches": 0.011127093622302795,
    "branch-misses": 1.7374100520845297,
    "cpu-clock": 0.07894651430616755,
    "task-clock": 0.058236543858747464,
    "faults": 0.18423713525954874,
    "minor-faults": 0.16082883354232702,
    "major-faults": 0.6092828276566186,
    "cs": 102.89146189263194,
    "migrations": 447.21359549995793,
    "L1-dcache-loads": 0.05206775312837903,
    "L1-dcache-load-misses": 44.4190296781043,
    "dTLB-loads": 1.3547427007755157,
    "dTLB-load-misses": 5.9261004920494065,
    "weights": 18.08411426895937,
    "energy": 1.0721546226073169
}