{
    "time": 1.769279720518178e-14,
    "perf_time": 0.017639953799542377,
    "instructions": 0.11998561008708988,
    "cycles": 0.12080639356376041,
    "cache-references": 13.803601396304805,
    "cache-misses": 8.38127864883285,
    "branches": 0.11032579840964886,
    "branch-misses": 0.09340991184204288,
    "cpu-clock": 0.01833929502070925,
    "task-clock": 0.012433618261405719,
    "faults": 0.2390724973213266,
    "minor-faults": 0.2105904283287352,
    "major-faults": 0.0,
    "cs": 83.82750857376999,
    "migrations": 221.50056433336692,
    "L1-dcache-loads": 0.12926954078205977,
    "L1-dcache-load-misses": 18.166555724495044,
    "dTLB-loads": 1.1897330851963637,
    "dTLB-load-misses": 3.373275335511869,
    "weights": 16.781922017173613,
    "energy": 1.6230886940679583
}