{
    "original": {
        "median_execution_time": 24.010031521999736,
        "search_type": "local_search"
    },
    "items": [
        {
            "item_name": "energy",
            "median_execution_time": 16.328615776000333,
            "duration": 277.414739287,
            "patch_contents": "ParamSetting(('scipy.params', 'param', 'method'), 'L-BFGS-B') | ParamSetting(('scipy.params', 'param', 'jac'), 'cs')\n",
            "number_of_retries": 1,
            "number_of_steps": 29,
            "best_fitness": 568775380.0,
            "reference_fitness": 1108606334.0,
            "params": false,
            "fitness_values": [
                1108606334.0,
                1108606334.0,
                1015955806.0,
                568775380.0,
                1012572833.0,
                1015955806.0,
                568775380.0,
                568775380.0,
                1015955806.0,
                736303230.0,
                582028647.0,
                568775380.0,
                1012572833.0,
                1012572833.0,
                1012572833.0,
                568775380.0,
                568775380.0,
                568775380.0,
                612460072.0,
                568775380.0,
                568775380.0,
                1015955806.0,
                626669054.0
            ],
            "new_highs": 2,
            "new_highs_ratio": 0.08695652173913043
        }
    ]
}