{
    "original": {
        "median_execution_time": 21.73651853299816
    },
    "items": [
        {
            "item_name": "perf_time",
            "median_execution_time": 11.606773290011915,
            "duration": 202.16827415699663,
            "patch_contents": "ParamSetting(('scipy.params', 'param', 'method'), 'TNC') | ParamSetting(('scipy.params', 'param', 'method'), 'TNC') | ParamSetting(('scipy.params', 'param', 'maxiter'), 8235)\n",
            "number_of_retries": 1,
            "number_of_steps": 13,
            "best_fitness": 8.500481,
            "reference_fitness": 20.996628,
            "params": false,
            "fitness_values": [
                22.366764,
                10.803292,
                20.996628,
                11.676734,
                14.042391,
                14.881321,
                15.629785,
                20.996628,
                14.881321,
                10.803292,
                8.500481
            ],
            "new_highs": 2,
            "new_highs_ratio": 0.18181818181818182
        },
        {
            "item_name": "perf_instructions",
            "median_execution_time": 18.39297403600358,
            "duration": 219.78029599500587,
            "patch_contents": "ParamSetting(('scipy.params', 'param', 'disp'), 'False') | ParamSetting(('scipy.params', 'param', 'maxiter'), 275) | ParamSetting(('scipy.params', 'param', 'method'), 'L-BFGS-B')\n",
            "number_of_retries": 1,
            "number_of_steps": 8,
            "best_fitness": 75382262238.0,
            "reference_fitness": 89121995885.0,
            "params": false,
            "fitness_values": [
                93813341583.0,
                91108197774.0,
                89121995885.0,
                85117593828.0,
                75382262238.0,
                75382262238.0,
                85117593828.0,
                77293896874.0
            ],
            "new_highs": 4,
            "new_highs_ratio": 0.5
        },
        {
            "item_name": "weights",
            "median_execution_time": 7.4831314089969965,
            "duration": 254.66641104700102,
            "patch_contents": "ParamSetting(('scipy.params', 'param', 'method'), 'trust-constr') | ParamSetting(('scipy.params', 'param', 'tol'), 0.10849532832215551)\n",
            "number_of_retries": 1,
            "number_of_steps": 7,
            "best_fitness": 7919897393.04,
            "reference_fitness": 31077201863.928,
            "params": false,
            "fitness_values": [
                24145620423.202,
                31077201863.928,
                7919897393.04,
                31114533290.772,
                30597466604.828
            ],
            "new_highs": 1,
            "new_highs_ratio": 0.2
        }
    ]
}