{
    "original": {
        "median_execution_time": 6.458276987075806
    },
    "items": [
        {
            "item_name": "perf_time",
            "median_execution_time": 4.580849885940552,
            "duration": 234.68526312899485,
            "patch_contents": "ParamSetting(('minisat_advanced.params', 'param', 'cp-increase'), 7195) | ParamSetting(('minisat_advanced.params', 'param', 'var-decay'), 0.853709807561772) | ParamSetting(('minisat_advanced.params', 'param', 'simp-gc-frac'), 870.0431881508005)\n",
            "number_of_retries": 1,
            "number_of_steps": 65,
            "best_fitness": 2.450299,
            "reference_fitness": 4.126694,
            "params": false,
            "fitness_values": [
                4.012758,
                4.126694,
                4.061496,
                4.253718,
                4.012758,
                4.012758,
                4.478858,
                4.126694,
                4.065634,
                4.656696,
                24.095343,
                3.427038,
                3.402962,
                4.126694,
                3.402962,
                4.126694,
                3.402962,
                4.126694,
                4.433827,
                3.332393,
                4.566847,
                3.384396,
                3.332393,
                4.566847,
                3.332393,
                3.332393,
                17.978106,
                3.332393,
                3.332393,
                3.332393,
                3.421405,
                3.332393,
                3.332393,
                3.332393,
                3.402962,
                3.332393,
                3.4156,
                4.566847,
                3.332393,
                3.332393,
                3.332393,
                4.566847,
                2.504341,
                3.488993,
                15.821889,
                3.095631,
                2.504341,
                2.47495,
                4.088613,
                3.304097,
                3.402962,
                2.47495,
                2.47495,
                3.766602,
                4.088613,
                3.402962,
                2.47495,
                2.47495,
                2.59358,
                3.402962,
                2.450299,
                5.092863,
                3.299426
            ],
            "new_highs": 6,
            "new_highs_ratio": 0.09523809523809523
        },
        {
            "item_name": "energy",
            "median_execution_time": 18.026427507400513,
            "duration": 228.70872354099993,
            "patch_contents": "ParamSetting(('minisat_advanced.params', 'param', 'rnd-freq'), 0.2995941339785977) | ParamSetting(('minisat_advanced.params', 'param', 'var-decay'), 0.8417780103927015) | ParamSetting(('minisat_advanced.params', 'param', 'asymm'), 'False') | ParamSetting(('minisat_advanced.params', 'param', 'rnd-freq'), 0.2941893961894083) | ParamSetting(('minisat_advanced.params', 'param', 'cl-lim$unbounded'), '-1') | ParamSetting(('minisat_advanced.params', 'param', 'rcheck'), 'False')\n",
            "number_of_retries": 1,
            "number_of_steps": 53,
            "best_fitness": 8078897.0,
            "reference_fitness": 26488239.0,
            "params": false,
            "fitness_values": [
                26295958.0,
                26295958.0,
                26295958.0,
                14528805.0,
                13321927.0,
                20316927.0,
                14516950.0,
                14528805.0,
                26323056.0,
                13321927.0,
                20316927.0,
                14528805.0,
                13321927.0,
                13321927.0,
                25348695.0,
                28420116.0,
                13321927.0,
                13321927.0,
                20316927.0,
                9011314.0,
                10662107.0,
                13321927.0,
                12494182.0,
                27325918.0,
                21432622.0,
                9053090.0,
                9011314.0,
                9011314.0,
                8078897.0,
                8490451.0,
                12917575.0,
                23489675.0,
                8078897.0,
                8078897.0,
                8078897.0,
                8078897.0,
                23489675.0,
                17155073.0,
                8078897.0,
                8078897.0,
                25449093.0,
                8907529.0,
                10556323.0,
                8078897.0,
                8078897.0,
                30017979.0,
                22826944.0,
                8078897.0,
                8078897.0,
                8078897.0,
                28277087.0,
                9649007.0,
                24987859.0
            ],
            "new_highs": 4,
            "new_highs_ratio": 0.07547169811320754
        }
    ]
}