{
    "original": {
        "median_execution_time": 0.07018589973449707
    },
    "items": [
        {
            "item_name": "time",
            "median_execution_time": 0.000702977180480957,
            "duration": 39.22466993331909,
            "patch_contents": "SrcmlStmtInsertion(('triangle.cpp.xml', '_inter_block', 11), ('triangle.cpp.xml', 'stmt', 4)) | SrcmlStmtDeletion(('triangle.cpp.xml', 'stmt', 3)) | SrcmlStmtReplacement(('triangle.cpp.xml', 'stmt', 5), ('triangle.cpp.xml', 'stmt', 13)) | SrcmlStmtReplacement(('triangle.cpp.xml', 'stmt', 17), ('triangle.cpp.xml', 'stmt', 16))\n",
            "number_of_retries": 1,
            "number_of_steps": 100,
            "best_fitness": 0.0044,
            "reference_fitness": 0.0829,
            "params": false,
            "fitness_values": [
                0.0792,
                0.0829,
                0.0078,
                0.0129,
                0.0792,
                0.012,
                0.0077,
                0.0787,
                0.0078,
                0.0044,
                0.0077,
                0.0802,
                0.0076,
                0.0044,
                0.0044,
                0.0044,
                0.0044,
                0.0044,
                0.0044,
                0.0076,
                0.0074,
                0.0802,
                0.0076,
                0.0077,
                0.0077,
                0.0088,
                0.0132,
                0.0077,
                0.0122,
                0.0078,
                0.0117,
                0.0145,
                0.0082,
                0.0114,
                0.0083
            ],
            "new_highs": 3,
            "new_highs_ratio": 0.08571428571428572
        },
        {
            "item_name": "weights",
            "median_execution_time": 0.000957489013671875,
            "duration": 65.5355019569397,
            "patch_contents": "SrcmlStmtInsertion(('triangle.cpp.xml', '_inter_block', 30), ('triangle.cpp.xml', 'stmt', 17)) | SrcmlStmtDeletion(('triangle.cpp.xml', 'stmt', 1)) | SrcmlStmtReplacement(('triangle.cpp.xml', 'stmt', 16), ('triangle.cpp.xml', 'stmt', 16))\n",
            "number_of_retries": 1,
            "number_of_steps": 100,
            "best_fitness": 55297.265,
            "reference_fitness": 457587.751,
            "params": false,
            "fitness_values": [
                209358.997,
                457587.751,
                221541.973,
                83614.067,
                209358.997,
                161299.589,
                141767.732,
                55297.265,
                83614.067,
                55297.265,
                55297.265,
                457587.751,
                99174.566,
                107334.993,
                256169.168,
                104677.032,
                139242.538,
                109206.288,
                55297.265,
                457587.751,
                55297.265,
                457587.751,
                144423.39,
                104677.032,
                142395.898,
                195596.275,
                167958.388,
                242848.779,
                244580.646,
                292329.685
            ],
            "new_highs": 2,
            "new_highs_ratio": 0.06666666666666667
        }
    ]
}