Key,Median,IQR
5,0.04766708701134931,0.05121781698627913
4,0.049754299754299756,0.07637111662846957
2,0.06509866102889358,0.08591297857780432
3,0.0856815578465063,0.10974265029443805
1,0.09179287249462688,0.11121455205573544
