Key,Median,IQR
5,0.04125874125874126,0.0406005255352725
4,0.045454545454545456,0.04718614718614719
3,0.06046037296037296,0.05701526285078435
2,0.06818181818181818,0.08214030064423765
1,0.09716599190283401,0.11701585915902807
