number_of_retries,execution_rank_per_item
1.0,2.5714285714285716
2.0,2.4285714285714284
3.0,2.5714285714285716
4.0,4.0
5.0,3.4285714285714284
