{
    "time": 1.0,
    "perf_time": 0.9990578994023905,
    "instructions": 1283046743.9243028,
    "cycles": 4170088542.928287,
    "cache-references": 1672995.6175298807,
    "cache-misses": 146510.05976095618,
    "branches": 342121704.48207176,
    "branch-misses": 3044654.581673307,
    "cpu-clock": 0.9990724521912351,
    "task-clock": 0.9990474163346614,
    "faults": 105.57768924302789,
    "minor-faults": 101.79282868525897,
    "major-faults": 3.884462151394423,
    "cs": 8.964143426294822,
    "migrations": 0.0,
    "L1-dcache-loads": 209320206.07569724,
    "L1-dcache-load-misses": 456072.7091633467,
    "dTLB-loads": 208394.32270916336,
    "dTLB-load-misses": 1250.7968127490042,
    "weights": 305279.7808764941,
    "energy": 2457331.374501992
}