{
    "time": 1.0,
    "perf_time": 1.0009578402018502,
    "instructions": 1282274765.9377627,
    "cycles": 4172976616.148023,
    "cache-references": 1652838.3515559293,
    "cache-misses": 147865.68544995793,
    "branches": 342130582.00168204,
    "branch-misses": 3047926.8292682925,
    "cpu-clock": 1.0001731976450798,
    "task-clock": 0.9999684322960471,
    "faults": 89.15054667788057,
    "minor-faults": 86.20689655172413,
    "major-faults": 3.027754415475189,
    "cs": 8.242220353238014,
    "migrations": 0.0,
    "L1-dcache-loads": 209450028.84777123,
    "L1-dcache-load-misses": 461341.3793103448,
    "dTLB-loads": 207921.110176619,
    "dTLB-load-misses": 1269.6383515559294,
    "weights": 269334.1463414634,
    "energy": 2415390.1597981495
}