{
"time": [11.89,11.93,11.88,11.90,11.89,11.88,11.89,11.89,11.90,11.88,11.89,11.90,11.88,11.91,11.89,11.93,11.91,11.89,11.89,11.93,11.92],
"perf_time": [11.93239099,11.89757420,11.90033307,11.89186768,11.90583196,11.89770383,11.91383255,11.89581336,11.90305765,11.91320566,11.91525215,11.87869282,11.90897083,11.91066853,11.90110587,11.89428251,11.91789452,11.89963801,11.88305769,11.90138872,11.90659937],
"instructions": [15261673084.00000000,15246342086.00000000,15244994537.00000000,15246246967.00000000,15244835268.00000000,15245384519.00000000,15246949438.00000000,15247137515.00000000,15246835108.00000000,15246225646.00000000,15255373597.00000000,15246838753.00000000,15245778196.00000000,15244598315.00000000,15255126180.00000000,15245256732.00000000,15245516113.00000000,15246238367.00000000,15247067174.00000000,15249392197.00000000,15245481536.00000000],
"cycles": [49717683742.00000000,49564901568.00000000,49707455003.00000000,49555302715.00000000,49558711283.00000000,49591555537.00000000,49577032200.00000000,49622175761.00000000,49616691966.00000000,49627625035.00000000,49598069516.00000000,49628245918.00000000,49522624980.00000000,49720201295.00000000,49637784422.00000000,49617794637.00000000,49655708315.00000000,49542781210.00000000,49564804550.00000000,49576596708.00000000,49717182140.00000000],
"cache-references": [19535069.00000000,19441080.00000000,31671812.00000000,21380362.00000000,24137904.00000000,20413873.00000000,20037150.00000000,19737850.00000000,19661168.00000000,19391254.00000000,19576404.00000000,19427826.00000000,19643027.00000000,21055931.00000000,19652248.00000000,19484740.00000000,19998539.00000000,19598620.00000000,19496586.00000000,19564497.00000000,19843271.00000000],
"cache-misses": [1905890.00000000,1897427.00000000,2114734.00000000,1677436.00000000,1667230.00000000,1890984.00000000,1932535.00000000,1747386.00000000,1731155.00000000,1895068.00000000,1677167.00000000,1758123.00000000,1678730.00000000,1825404.00000000,1682963.00000000,1938197.00000000,1739924.00000000,1612329.00000000,2017909.00000000,1886143.00000000,1750986.00000000],
"branches": [4069896507.00000000,4069449040.00000000,4068127122.00000000,4069329360.00000000,4067828990.00000000,4068657072.00000000,4068991736.00000000,4067719338.00000000,4068929715.00000000,4068039315.00000000,4067997270.00000000,4067863680.00000000,4067725887.00000000,4069083860.00000000,4067932620.00000000,4067743451.00000000,4067724416.00000000,4067648019.00000000,4067747424.00000000,4067640297.00000000,4067727034.00000000],
"branch-misses": [36307911.00000000,36239416.00000000,36235556.00000000,36236433.00000000,36276544.00000000,36237633.00000000,36239738.00000000,36239850.00000000,36240235.00000000,36240626.00000000,36240893.00000000,36239402.00000000,36238130.00000000,36234160.00000000,36234187.00000000,36261010.00000000,36258757.00000000,36241470.00000000,36274592.00000000,36240366.00000000,36235813.00000000],
"cpu-clock": [11.90551536,11.89380040,11.86757479,11.89268259,11.88877972,11.87796829,11.88102273,11.89505936,11.89894602,11.90852021,11.87364979,11.88813236,11.87359643,11.91401840,11.87796640,11.89058889,11.90330328,11.89205932,11.89461754,11.90033021,11.88156616],
"task-clock": [11.89054230,11.88620404,11.88510669,11.87021011,11.89019435,11.90799417,11.87705071,11.88963136,11.87919268,11.89070273,11.86480027,11.90315675,11.88295139,11.90116062,11.90220691,11.87383494,11.91019773,11.90401294,11.88962466,11.87593493,11.88603356],
"faults": [1058.00000000,1062.00000000,1060.00000000,1061.00000000,1059.00000000,1058.00000000,1060.00000000,1058.00000000,1065.00000000,1060.00000000,1066.00000000,1060.00000000,1062.00000000,1061.00000000,1062.00000000,1060.00000000,1063.00000000,1062.00000000,1062.00000000,1060.00000000,1060.00000000],
"minor-faults": [1027.00000000,1026.00000000,1027.00000000,1025.00000000,1022.00000000,1025.00000000,1026.00000000,1024.00000000,1023.00000000,1027.00000000,1025.00000000,1028.00000000,1025.00000000,1024.00000000,1026.00000000,1023.00000000,1027.00000000,1025.00000000,1029.00000000,1028.00000000,1024.00000000],
"major-faults": [36.00000000,36.00000000,35.00000000,35.00000000,36.00000000,36.00000000,36.00000000,36.00000000,36.00000000,36.00000000,36.00000000,35.00000000,36.00000000,36.00000000,36.00000000,36.00000000,36.00000000,36.00000000,36.00000000,36.00000000,36.00000000],
"cs": [90.00000000,74.00000000,93.00000000,90.00000000,317.00000000,80.00000000,98.00000000,127.00000000,687.00000000,80.00000000,98.00000000,156.00000000,171.00000000,679.00000000,630.00000000,156.00000000,81.00000000,518.00000000,86.00000000,113.00000000,95.00000000],
"migrations": [0.00000000,1.00000000,0.00000000,0.00000000,0.00000000,0.00000000,0.00000000,0.00000000,0.00000000,0.00000000,0.00000000,0.00000000,0.00000000,0.00000000,0.00000000,1.00000000,0.00000000,0.00000000,0.00000000,0.00000000,3.00000000],
"L1-dcache-loads": [2493048101.00000000,2488052106.00000000,2490386750.00000000,2490789060.00000000,2490687450.00000000,2490536615.00000000,2490229195.00000000,2488890642.00000000,2490317942.00000000,2488154295.00000000,2490382466.00000000,2488394009.00000000,2489547250.00000000,2490528728.00000000,2487685076.00000000,2488890724.00000000,2490360843.00000000,2490673934.00000000,2491442174.00000000,2490907107.00000000,2490324332.00000000],
"L1-dcache-load-misses": [5667110.00000000,5643129.00000000,5488255.00000000,15824627.00000000,5507599.00000000,5485349.00000000,5458655.00000000,5464076.00000000,5507649.00000000,5466455.00000000,5479320.00000000,5454491.00000000,5462926.00000000,5462207.00000000,5493635.00000000,5440801.00000000,5440177.00000000,8517182.00000000,5418108.00000000,5573749.00000000,8471270.00000000],
"dTLB-loads": [2458588.00000000,2454800.00000000,2496637.00000000,2454921.00000000,2539898.00000000,2549892.00000000,2453610.00000000,2464702.00000000,2460098.00000000,2453754.00000000,2453075.00000000,2459182.00000000,2551461.00000000,2472182.00000000,2473933.00000000,2549848.00000000,2457318.00000000,2531078.00000000,2537456.00000000,2527469.00000000,2532992.00000000],
"dTLB-load-misses": [16905.00000000,14691.00000000,17581.00000000,14941.00000000,14797.00000000,15123.00000000,15044.00000000,15331.00000000,15283.00000000,15034.00000000,15096.00000000,14990.00000000,16063.00000000,14954.00000000,15848.00000000,15643.00000000,15020.00000000,17274.00000000,14869.00000000,16465.00000000,14787.00000000],
"weights": [3941157.00000000,2959009.00000000,3081277.00000000,3071901.00000000,2827291.00000000,2975276.00000000,3323091.00000000,4173473.00000000,3339588.00000000,3207084.00000000,2873015.00000000,3870326.00000000,3231861.00000000,3202383.00000000,4408182.00000000,3374263.00000000,2767791.00000000,3118353.00000000,2863031.00000000,3615371.00000000,2953896.00000000],
"energy": [29826751.00000000,29362221.00000000,29143589.00000000,29120976.00000000,29201844.00000000,29054620.00000000,28829442.00000000,28842640.00000000,28619293.00000000,28522161.00000000,28718989.00000000,28817357.00000000,28562732.00000000,28607529.00000000,28541935.00000000,28721751.00000000,28514929.00000000,28325729.00000000,28443720.00000000,28154016.00000000,28183036.00000000]
}
