{
"time": 11.89,
"perf_time": 11.90138872,
"instructions": 15246246967.00000000,
"cycles": 49616691966.00000000,
"cache-references": 19652248.00000000,
"cache-misses": 1758123.00000000,
"branches": 4067932620.00000000,
"branch-misses": 36239850.00000000,
"cpu-clock": 11.89205932,
"task-clock": 11.88962466,
"faults": 1060.00000000,
"minor-faults": 1025.00000000,
"major-faults": 36.00000000,
"cs": 98.00000000,
"migrations": 0.00000000,
"L1-dcache-loads": 2490360843.00000000,
"L1-dcache-load-misses": 5485349.00000000,
"dTLB-loads": 2472182.00000000,
"dTLB-load-misses": 15096.00000000,
"weights": 3202383.00000000,
"energy": 28718989.00000000
}
