{
"time": 10.04,
"perf_time": 10.03054131,
"instructions": 12881789309.00000000,
"cycles": 41867688971.00000000,
"cache-references": 16796876.00000000,
"cache-misses": 1470961.00000000,
"branches": 3434901913.00000000,
"branch-misses": 30568332.00000000,
"cpu-clock": 10.03068742,
"task-clock": 10.03043606,
"faults": 1060.00000000,
"minor-faults": 1022.00000000,
"major-faults": 39.00000000,
"cs": 90.00000000,
"migrations": 0.00000000,
"L1-dcache-loads": 2101574869.00000000,
"L1-dcache-load-misses": 4578970.00000000,
"dTLB-loads": 2092279.00000000,
"dTLB-load-misses": 12558.00000000,
"weights": 3065009.00000000,
"energy": 24671607.00000000
}
