{
"time": [10.04,10.04,10.04,10.04,10.04,10.04,10.04,10.04,10.04,10.04,10.04,10.04,10.04,10.04,10.04,10.04,10.04,10.04,10.04,10.04,10.04],
"perf_time": [10.02444137,10.03025524,10.03053314,10.03054131,10.03193737,10.02995185,10.03149248,10.03094821,10.03013707,10.03072339,10.03069615,10.02931629,10.03070900,10.03063853,10.03009132,10.03001834,10.03050730,10.03025224,10.03113042,10.03091985,10.03119866],
"instructions": [12894004338.00000000,12881789309.00000000,12880166272.00000000,12855199275.00000000,12860914789.00000000,12896936986.00000000,12869842484.00000000,12884099916.00000000,12866215670.00000000,12896132547.00000000,12891156642.00000000,12895304114.00000000,12870381780.00000000,12895848661.00000000,12894527196.00000000,12853048063.00000000,12893603487.00000000,12896460443.00000000,12874865853.00000000,12880097325.00000000,12862615095.00000000],
"cycles": [41807070769.00000000,41832703343.00000000,41820195345.00000000,41813481640.00000000,41753609718.00000000,41883446772.00000000,41884195449.00000000,41875466167.00000000,41890579675.00000000,41753461910.00000000,41892743259.00000000,41884244023.00000000,41889714216.00000000,41890671709.00000000,41867688971.00000000,41818743846.00000000,41742844291.00000000,41889441514.00000000,41756621532.00000000,41880568089.00000000,41805693267.00000000],
"cache-references": [16634088.00000000,17444971.00000000,16750576.00000000,22494136.00000000,21532276.00000000,16800675.00000000,16721900.00000000,16761084.00000000,17127986.00000000,16527084.00000000,17136868.00000000,16476183.00000000,16852974.00000000,18041001.00000000,17065700.00000000,16487174.00000000,16772972.00000000,16688926.00000000,17622413.00000000,16777940.00000000,16796876.00000000],
"cache-misses": [1414217.00000000,1373317.00000000,1541363.00000000,1436092.00000000,1352412.00000000,1773081.00000000,1442968.00000000,1414918.00000000,1445842.00000000,1479447.00000000,1587623.00000000,1696761.00000000,1590505.00000000,1546933.00000000,1470961.00000000,1467984.00000000,1304260.00000000,1490710.00000000,1576884.00000000,1410828.00000000,1484147.00000000],
"branches": [3438058186.00000000,3429450730.00000000,3437556277.00000000,3436764104.00000000,3437430206.00000000,3435209383.00000000,3434901913.00000000,3425550856.00000000,3431199604.00000000,3431482849.00000000,3435338965.00000000,3436331622.00000000,3433273017.00000000,3430963253.00000000,3434122921.00000000,3435090034.00000000,3438948480.00000000,3438893879.00000000,3429709614.00000000,3431688340.00000000,3434138248.00000000],
"branch-misses": [30548205.00000000,30568332.00000000,30525695.00000000,30574112.00000000,30538280.00000000,30552908.00000000,30573375.00000000,30559384.00000000,30567450.00000000,30612562.00000000,30596179.00000000,30592276.00000000,30556856.00000000,30625243.00000000,30608913.00000000,30562201.00000000,30556552.00000000,30622065.00000000,30582076.00000000,30611780.00000000,30562305.00000000],
"cpu-clock": [10.02997427,10.03079169,10.03064188,10.02236436,10.03070886,10.03099758,10.03203885,10.03005633,10.02984052,10.03099402,10.03025601,10.03074622,10.03052518,10.03103488,10.03068742,10.02417172,10.03132353,10.03124280,10.03240782,10.03025748,10.03013441],
"task-clock": [10.03062072,10.03041287,10.03003887,10.03027096,10.03089038,10.03183184,10.03048376,10.03035106,10.03037656,10.03080084,10.02989779,10.03134819,10.03127835,10.03091196,10.03043606,10.03064286,10.02991791,10.03021899,10.02948098,10.03073694,10.02969358],
"faults": [1060.00000000,1062.00000000,1060.00000000,1064.00000000,1063.00000000,1059.00000000,1061.00000000,1060.00000000,1059.00000000,1059.00000000,1057.00000000,1059.00000000,1066.00000000,1055.00000000,1058.00000000,1059.00000000,1057.00000000,1064.00000000,1063.00000000,1063.00000000,1061.00000000],
"minor-faults": [1021.00000000,1021.00000000,1022.00000000,1022.00000000,1022.00000000,1025.00000000,1022.00000000,1019.00000000,1021.00000000,1021.00000000,1023.00000000,1024.00000000,1020.00000000,1025.00000000,1023.00000000,1022.00000000,1023.00000000,1023.00000000,1024.00000000,1022.00000000,1024.00000000],
"major-faults": [39.00000000,39.00000000,39.00000000,39.00000000,39.00000000,39.00000000,39.00000000,39.00000000,39.00000000,39.00000000,39.00000000,38.00000000,39.00000000,39.00000000,39.00000000,39.00000000,38.00000000,38.00000000,39.00000000,39.00000000,39.00000000],
"cs": [84.00000000,83.00000000,107.00000000,94.00000000,167.00000000,91.00000000,90.00000000,80.00000000,400.00000000,78.00000000,84.00000000,90.00000000,95.00000000,315.00000000,85.00000000,89.00000000,525.00000000,90.00000000,77.00000000,83.00000000,203.00000000],
"migrations": [1.00000000,0.00000000,0.00000000,0.00000000,0.00000000,0.00000000,0.00000000,0.00000000,0.00000000,0.00000000,0.00000000,1.00000000,0.00000000,0.00000000,0.00000000,0.00000000,0.00000000,0.00000000,1.00000000,0.00000000,1.00000000],
"L1-dcache-loads": [2103481817.00000000,2101093201.00000000,2100470047.00000000,2102242990.00000000,2104826655.00000000,2103856263.00000000,2100161509.00000000,2100201641.00000000,2104269492.00000000,2100698684.00000000,2105604831.00000000,2099645430.00000000,2102030053.00000000,2096296887.00000000,2106582020.00000000,2103265478.00000000,2101574869.00000000,2101173489.00000000,2102788228.00000000,2099811376.00000000,2100689335.00000000],
"L1-dcache-load-misses": [9484243.00000000,4487187.00000000,4593320.00000000,9609045.00000000,4562639.00000000,9539991.00000000,4583440.00000000,19695561.00000000,4664901.00000000,4565817.00000000,4573313.00000000,4563228.00000000,4570559.00000000,4555812.00000000,7265774.00000000,9668690.00000000,4773063.00000000,4554501.00000000,4560660.00000000,4578970.00000000,4505178.00000000],
"dTLB-loads": [2078355.00000000,2085582.00000000,2084869.00000000,2101225.00000000,2084372.00000000,2148859.00000000,2092690.00000000,2175470.00000000,2098258.00000000,2080936.00000000,2114244.00000000,2088489.00000000,2124823.00000000,2092109.00000000,2092279.00000000,2103200.00000000,2089289.00000000,2096653.00000000,2094906.00000000,2086195.00000000,2083133.00000000],
"dTLB-load-misses": [12231.00000000,11988.00000000,12414.00000000,12457.00000000,12689.00000000,13015.00000000,12831.00000000,12641.00000000,13216.00000000,14888.00000000,12792.00000000,12359.00000000,12509.00000000,12476.00000000,12302.00000000,12669.00000000,12182.00000000,12034.00000000,12838.00000000,12558.00000000,13133.00000000],
"weights": [2908212.00000000,2921044.00000000,2522039.00000000,3641556.00000000,2797508.00000000,3896688.00000000,3065009.00000000,2571253.00000000,5478863.00000000,3042052.00000000,3305869.00000000,3079245.00000000,2839923.00000000,3046827.00000000,5017730.00000000,3422485.00000000,5037068.00000000,2966815.00000000,3990564.00000000,3947539.00000000,2964261.00000000],
"energy": [25972946.00000000,25466121.00000000,25330400.00000000,24944480.00000000,24714206.00000000,24739764.00000000,24809356.00000000,24743197.00000000,24590235.00000000,24630592.00000000,24664252.00000000,24671607.00000000,24563335.00000000,25008106.00000000,24697087.00000000,24628059.00000000,24564739.00000000,24583003.00000000,24439913.00000000,24545224.00000000,24414356.00000000]
}
