{
"time": [7.98,7.96,7.96],
"perf_time": [7.94111957,7.94190060,7.95310369],
"instructions": [10158656676.00000000,10157517676.00000000,10157612216.00000000],
"cycles": [33108092941.00000000,33108845378.00000000,32988770732.00000000],
"cache-references": [14575623.00000000,16438885.00000000,13931131.00000000],
"cache-misses": [1461118.00000000,1400235.00000000,1494063.00000000],
"branches": [2711319534.00000000,2710977139.00000000,2711111038.00000000],
"branch-misses": [24236150.00000000,24212391.00000000,24231253.00000000],
"cpu-clock": [7.95383330,7.93595022,7.94198346],
"task-clock": [7.93783637,7.94899945,7.96351271],
"faults": [1058.00000000,1060.00000000,1061.00000000],
"minor-faults": [1022.00000000,1026.00000000,1028.00000000],
"major-faults": [35.00000000,31.00000000,35.00000000],
"cs": [81.00000000,83.00000000,71.00000000],
"migrations": [0.00000000,1.00000000,0.00000000],
"L1-dcache-loads": [1665939717.00000000,1665304369.00000000,1665732158.00000000],
"L1-dcache-load-misses": [3892123.00000000,3861429.00000000,3892101.00000000],
"dTLB-loads": [1700253.00000000,1697090.00000000,1707038.00000000],
"dTLB-load-misses": [15130.00000000,15538.00000000,14845.00000000],
"weights": [3554862.00000000,3356161.00000000,2980829.00000000],
"energy": [20587726.00000000,20646088.00000000,20298480.00000000]
}
