{
    "time": 1.769279720518178e-14,
    "perf_time": 0.014223641560909864,
    "instructions": 0.1130384290304615,
    "cycles": 0.12505998964724266,
    "cache-references": 8.898490326969691,
    "cache-misses": 7.300961750892794,
    "branches": 0.09991659799123351,
    "branch-misses": 0.08958556565084175,
    "cpu-clock": 0.022976896760658973,
    "task-clock": 0.005497481766856025,
    "faults": 0.25131022640681167,
    "minor-faults": 0.14890649180814924,
    "major-faults": 0.900547699552639,
    "cs": 82.80991975144353,
    "migrations": 206.15528128088303,
    "L1-dcache-loads": 0.10981773615667999,
    "L1-dcache-load-misses": 55.96597503813725,
    "dTLB-loads": 1.1078273256777282,
    "dTLB-load-misses": 4.663455878406611,
    "weights": 23.644700620958247,
    "energy": 1.480081858762571
}