{
    "time": 0.13794123295804794,
    "perf_time": 0.09860659304788558,
    "instructions": 0.02763703310895146,
    "cycles": 0.11837202327840617,
    "cache-references": 13.035713947066954,
    "cache-misses": 7.164378261594669,
    "branches": 0.017023320398580837,
    "branch-misses": 0.05021731966271529,
    "cpu-clock": 0.10182760139765237,
    "task-clock": 0.10398136372845837,
    "faults": 0.1927457296430171,
    "minor-faults": 0.1744826729945759,
    "major-faults": 0.975892327802063,
    "cs": 97.18159198000428,
    "migrations": 287.0540018881465,
    "L1-dcache-loads": 0.050189533541469315,
    "L1-dcache-load-misses": 36.82799425712595,
    "dTLB-loads": 1.5705717431676394,
    "dTLB-load-misses": 5.41236131946613,
    "weights": 13.593465074915512,
    "energy": 1.3804759278940362
}