{
    "time": 1.0,
    "perf_time": 1.002316775,
    "instructions": 1281116756.0,
    "cycles": 4142231660.5,
    "cache-references": 2545274.5,
    "cache-misses": 350895.5,
    "branches": 341031350.5,
    "branch-misses": 3070570.0,
    "cpu-clock": 1.001699375,
    "task-clock": 0.99893264,
    "faults": 530.0,
    "minor-faults": 512.5,
    "major-faults": 17.0,
    "cs": 22.0,
    "migrations": 0.0,
    "L1-dcache-loads": 213112202.5,
    "L1-dcache-load-misses": 671769.0,
    "dTLB-loads": 268243.5,
    "dTLB-load-misses": 6182.5,
    "weights": 1762140.0,
    "energy": 2471819.0
}