{
"time": [2.03,2.01,2.00,2.01,2.02,2.01,2.00,2.00,2.00,2.00,2.00,2.01,2.02,2.02,2.00,2.00,2.00,2.02,2.01,2.00,2.00],
"perf_time": [2.02588131,2.00986083,2.01829554,2.00015009,2.01387509,2.00645863,1.99742117,2.01496590,1.99698241,1.99782978,1.99835029,2.01234411,2.00463355,2.01935777,1.99929072,1.99820098,2.00432083,1.99811443,2.01674707,2.00404011,2.01195486],
"instructions": [2571881397.00000000,2562845489.00000000,2562721228.00000000,2562553968.00000000,2561868810.00000000,2562330651.00000000,2562025257.00000000,2562473761.00000000,2562498980.00000000,2562251669.00000000,2561932883.00000000,2561852375.00000000,2562374128.00000000,2562233512.00000000,2562052863.00000000,2561954006.00000000,2561562311.00000000,2563875279.00000000,2562008541.00000000,2561845182.00000000,2562151365.00000000],
"cycles": [8339598771.00000000,8284463321.00000000,8288932848.00000000,8288107044.00000000,8234694840.00000000,8282581619.00000000,8253145470.00000000,8214812129.00000000,8254243042.00000000,8251639993.00000000,8295004812.00000000,8280998148.00000000,8301526113.00000000,8288898880.00000000,8327920701.00000000,8268192371.00000000,8279485860.00000000,8270121864.00000000,8289702687.00000000,8298198991.00000000,8307330767.00000000],
"cache-references": [5233190.00000000,5089759.00000000,5072867.00000000,5062688.00000000,5074727.00000000,5072941.00000000,5101738.00000000,5090549.00000000,6116377.00000000,5036517.00000000,5109334.00000000,5094297.00000000,5083325.00000000,5174927.00000000,5072147.00000000,5175652.00000000,6127610.00000000,6101841.00000000,5099155.00000000,5047373.00000000,5053902.00000000],
"cache-misses": [812960.00000000,727323.00000000,762889.00000000,702495.00000000,693317.00000000,697319.00000000,699414.00000000,815859.00000000,763101.00000000,761024.00000000,700196.00000000,698775.00000000,647355.00000000,704026.00000000,710897.00000000,749723.00000000,685662.00000000,696424.00000000,690425.00000000,699480.00000000,701791.00000000],
"branches": [684253540.00000000,682125763.00000000,682199868.00000000,681927213.00000000,682385079.00000000,682118501.00000000,682080312.00000000,682088880.00000000,682041598.00000000,682086832.00000000,682116839.00000000,681981584.00000000,682048363.00000000,681985339.00000000,681989280.00000000,682072196.00000000,682049392.00000000,681933285.00000000,682009312.00000000,682062701.00000000,682022693.00000000],
"branch-misses": [6187324.00000000,6143065.00000000,6149943.00000000,6139686.00000000,6139194.00000000,6140521.00000000,6140872.00000000,6142840.00000000,6141407.00000000,6141045.00000000,6140200.00000000,6142597.00000000,6141140.00000000,6139507.00000000,6139414.00000000,6141544.00000000,6138317.00000000,6141053.00000000,6142346.00000000,6143660.00000000,6146758.00000000],
"cpu-clock": [2.01662588,1.99878544,2.00860195,2.00857045,1.99508422,2.01283065,1.99680529,1.99735549,2.01143137,2.01065082,2.00704334,2.01413907,2.00849462,1.99894188,2.00224876,2.00339875,1.99428105,2.01828890,1.99300128,1.99689915,1.99485086],
"task-clock": [2.00835894,2.01306535,1.99247403,2.02055400,2.01210761,2.00899572,1.99378519,1.99168452,2.00258349,1.99517116,1.99790968,1.99276940,1.99179156,1.99528184,2.02471462,1.99458964,1.99332265,2.00947992,1.99640310,2.00244187,1.99786528],
"faults": [1063.00000000,1061.00000000,1056.00000000,1063.00000000,1059.00000000,1063.00000000,1063.00000000,1059.00000000,1059.00000000,1061.00000000,1066.00000000,1060.00000000,1059.00000000,1059.00000000,1060.00000000,1060.00000000,1052.00000000,1059.00000000,1061.00000000,1064.00000000,1062.00000000],
"minor-faults": [1025.00000000,1022.00000000,1029.00000000,1031.00000000,1030.00000000,1023.00000000,1023.00000000,1026.00000000,1024.00000000,1028.00000000,1025.00000000,1025.00000000,1025.00000000,1026.00000000,1025.00000000,1026.00000000,1022.00000000,1028.00000000,1031.00000000,1024.00000000,1028.00000000],
"major-faults": [34.00000000,34.00000000,34.00000000,34.00000000,34.00000000,34.00000000,34.00000000,34.00000000,34.00000000,34.00000000,34.00000000,34.00000000,34.00000000,34.00000000,34.00000000,34.00000000,34.00000000,34.00000000,34.00000000,34.00000000,33.00000000],
"cs": [58.00000000,46.00000000,276.00000000,43.00000000,41.00000000,94.00000000,42.00000000,43.00000000,47.00000000,44.00000000,40.00000000,47.00000000,46.00000000,39.00000000,44.00000000,53.00000000,87.00000000,41.00000000,56.00000000,42.00000000,42.00000000],
"migrations": [0.00000000,0.00000000,0.00000000,0.00000000,0.00000000,1.00000000,0.00000000,0.00000000,4.00000000,0.00000000,1.00000000,0.00000000,0.00000000,0.00000000,1.00000000,0.00000000,0.00000000,2.00000000,0.00000000,1.00000000,0.00000000],
"L1-dcache-loads": [428255836.00000000,426426008.00000000,426321472.00000000,426194830.00000000,427214991.00000000,426468093.00000000,426224405.00000000,425851099.00000000,425988403.00000000,426037324.00000000,425748020.00000000,426273637.00000000,426370238.00000000,425810871.00000000,426327748.00000000,425976936.00000000,426671254.00000000,426212333.00000000,426465326.00000000,425814550.00000000,425742002.00000000],
"L1-dcache-load-misses": [1457096.00000000,1333790.00000000,1363418.00000000,1343538.00000000,1325735.00000000,1333440.00000000,1406307.00000000,1331418.00000000,2844394.00000000,1349246.00000000,1365329.00000000,1367060.00000000,1415855.00000000,1334687.00000000,1384356.00000000,1343202.00000000,1339128.00000000,1311700.00000000,1339093.00000000,1826478.00000000,1343187.00000000],
"dTLB-loads": [541317.00000000,536266.00000000,536029.00000000,537606.00000000,537584.00000000,538827.00000000,535568.00000000,534350.00000000,536487.00000000,546891.00000000,535149.00000000,536448.00000000,544568.00000000,535642.00000000,536744.00000000,556899.00000000,557907.00000000,534578.00000000,535167.00000000,535529.00000000,542479.00000000],
"dTLB-load-misses": [13909.00000000,12288.00000000,12186.00000000,12633.00000000,12420.00000000,12254.00000000,12365.00000000,12388.00000000,12781.00000000,12820.00000000,12355.00000000,12120.00000000,12742.00000000,12109.00000000,12303.00000000,12320.00000000,12371.00000000,12451.00000000,12406.00000000,12175.00000000,12344.00000000],
"weights": [3390935.00000000,3235821.00000000,3065288.00000000,3957019.00000000,4697020.00000000,2977354.00000000,3612870.00000000,5476035.00000000,3141089.00000000,3524280.00000000,5807582.00000000,3145346.00000000,3674025.00000000,5580564.00000000,4477730.00000000,3030336.00000000,3414249.00000000,3534455.00000000,3470281.00000000,3397782.00000000,3529411.00000000],
"energy": [5257739.00000000,5207753.00000000,5166664.00000000,5137873.00000000,5135339.00000000,5100062.00000000,5048552.00000000,5016540.00000000,4997376.00000000,4989869.00000000,4937947.00000000,4943638.00000000,4904730.00000000,4899603.00000000,4923238.00000000,4924687.00000000,4883964.00000000,4898413.00000000,4898047.00000000,4896292.00000000,4901266.00000000]
}
