{
    "time": 0.45870682176977357,
    "perf_time": 0.42654970233588174,
    "instructions": 0.08197968542586671,
    "cycles": 0.3402491327231739,
    "cache-references": 6.851873458737839,
    "cache-misses": 5.74434865093059,
    "branches": 0.06971004519821816,
    "branch-misses": 0.16340907438778862,
    "cpu-clock": 0.3919120614463776,
    "task-clock": 0.4838382227654248,
    "faults": 0.27388658102253194,
    "minor-faults": 0.2604885398756573,
    "major-faults": 0.6272280441794642,
    "cs": 82.972650023493,
    "migrations": 200.99751242241783,
    "L1-dcache-loads": 0.13015930176702198,
    "L1-dcache-load-misses": 22.68284026629674,
    "dTLB-loads": 1.2295746960696854,
    "dTLB-load-misses": 3.0345010338427127,
    "weights": 22.24998704952698,
    "energy": 2.306409803029651
}