{
    "original": {
        "median_execution_time": 0.07048022747039795
    },
    "items": [
        {
            "item_name": "time",
            "median_execution_time": 0.0009152889251708984,
            "duration": 60.88044857978821,
            "patch_contents": "SrcmlStmtInsertion(('triangle.c.xml', '_inter_block', 35), ('triangle.c.xml', 'stmt', 10)) | SrcmlStmtDeletion(('triangle.c.xml', 'stmt', 3)) | SrcmlStmtInsertion(('triangle.c.xml', '_inter_block', 1), ('triangle.c.xml', 'stmt', 21))\n",
            "number_of_retries": 1,
            "number_of_steps": 363,
            "best_fitness": 0.0039,
            "reference_fitness": 0.0829,
            "params": false,
            "fitness_values": [
                0.0756,
                0.0829,
                0.0789,
                0.0756,
                0.0756,
                0.0829,
                0.0756,
                0.0756,
                0.0756,
                0.0769,
                0.077,
                0.0756,
                0.0756,
                0.0756,
                0.0829,
                0.0756,
                0.0756,
                0.0829,
                0.0759,
                0.0756,
                0.0756,
                0.0829,
                0.0759,
                0.0756,
                0.0756,
                0.0821,
                0.0829,
                0.0756,
                0.0756,
                0.0756,
                0.0756,
                0.0829,
                0.0756,
                0.0756,
                0.0822,
                0.0829,
                0.0758,
                0.0756,
                0.0756,
                0.0829,
                0.0829,
                0.0756,
                0.0756,
                0.0829,
                0.0802,
                0.0756,
                0.0756,
                0.0829,
                0.0756,
                0.0756,
                0.0829,
                0.0821,
                0.0761,
                0.0756,
                0.0756,
                0.0142,
                0.0074,
                0.0829,
                0.0082,
                0.0135,
                0.0077,
                0.0121,
                0.0074,
                0.0829,
                0.0074,
                0.0829,
                0.008,
                0.0079,
                0.0073,
                0.0073,
                0.0074,
                0.0073,
                0.0074,
                0.012,
                0.0777,
                0.0114,
                0.0079,
                0.0085,
                0.0085,
                0.0079,
                0.0073,
                0.0074,
                0.0073,
                0.0074,
                0.0777,
                0.0077,
                0.0073,
                0.008,
                0.0073,
                0.0077,
                0.0074,
                0.0076,
                0.0075,
                0.0073,
                0.0119,
                0.0075,
                0.0074,
                0.0075,
                0.0075,
                0.0072,
                0.0039,
                0.0175,
                0.0077,
                0.0085,
                0.0065,
                0.0073,
                0.0122,
                0.0133,
                0.0143,
                0.0076,
                0.0076,
                0.0075,
                0.0077,
                0.0077,
                0.0073,
                0.0079,
                0.0076,
                0.0076,
                0.0071,
                0.0039,
                0.0073,
                0.0039,
                0.0073,
                0.0065,
                0.0175,
                0.0078,
                0.0085,
                0.0039,
                0.0119,
                0.0039,
                0.0175,
                0.0129,
                0.0124,
                0.0065
            ],
            "new_highs": 5,
            "new_highs_ratio": 0.03731343283582089
        },
        {
            "item_name": "weights",
            "median_execution_time": 0.0005501508712768555,
            "duration": 67.43322229385376,
            "patch_contents": "SrcmlStmtDeletion(('triangle.c.xml', 'stmt', 3)) | SrcmlStmtDeletion(('triangle.c.xml', 'stmt', 1)) | SrcmlStmtInsertion(('triangle.c.xml', '_inter_block', 17), ('triangle.c.xml', 'stmt', 10)) | SrcmlStmtInsertion(('triangle.c.xml', '_inter_block', 21), ('triangle.c.xml', 'stmt', 5))\n",
            "number_of_retries": 1,
            "number_of_steps": 136,
            "best_fitness": 68228.736,
            "reference_fitness": 208951.947,
            "params": false,
            "fitness_values": [
                242054.891,
                294156.178,
                418026.991,
                273237.981,
                177206.128,
                208951.947,
                116577.321,
                116577.321,
                130505.123,
                116577.321,
                177357.384,
                177206.128,
                147340.344,
                116577.321,
                177206.128,
                116577.321,
                130505.123,
                177206.128,
                147837.476,
                194732.86,
                262096.258,
                194306.802,
                90739.937,
                68228.736,
                168249.804,
                90739.937,
                68228.736,
                186967.718,
                168249.804,
                236865.032,
                131467.09,
                160490.248,
                90739.937,
                68228.736,
                162959.673,
                135323.528,
                168249.804,
                131467.09,
                149022.207,
                160490.248,
                106119.768,
                68228.736,
                68228.736,
                160490.248,
                131467.09,
                123052.03,
                162959.673,
                176801.362,
                90739.937,
                228613.094,
                168249.804,
                210509.884,
                92810.523,
                68228.736,
                90739.937,
                68228.736,
                160490.248,
                131467.09,
                68228.736,
                160490.248,
                268993.586,
                210509.884,
                68228.736,
                186967.718,
                168249.804,
                160490.248,
                90739.937,
                131467.09,
                114293.803
            ],
            "new_highs": 4,
            "new_highs_ratio": 0.057971014492753624
        }
    ]
}