{
    "original": {
        "median_execution_time": 8.98823824012652,
        "search_type": "genetic_programming"
    },
    "items": [
        {
            "item_name": "weights",
            "median_execution_time": 6.321971070487052,
            "duration": 2451.3109817132354,
            "patch_contents": "ParamSetting(('weka.params', 'param', 'N'), 2)\n",
            "number_of_retries": 3,
            "number_of_steps": 148,
            "best_fitness": 111707807.174,
            "reference_fitness": 149600191.610667,
            "params": false,
            "fitness_values": [
                149600191.610667,
                111707807.174,
                154737270.912667,
                139975685.074,
                156934700.511333,
                154891303.043,
                126912532.434667,
                136571983.884333,
                135065177.546333,
                111707807.174,
                149600191.610667,
                111707807.174,
                136571983.884333,
                136571983.884333,
                156934700.511333,
                149122065.220667,
                149600191.610667,
                149600191.610667,
                149600191.610667,
                111707807.174,
                149600191.610667,
                136571983.884333,
                111707807.174,
                111707807.174,
                149600191.610667,
                111707807.174,
                120760986.589667,
                164822494.952,
                154891303.043,
                111707807.174,
                111707807.174,
                111707807.174,
                111707807.174,
                124757474.457,
                111707807.174,
                111707807.174,
                111707807.174,
                149600191.610667,
                145541237.984667,
                111707807.174,
                111707807.174,
                149600191.610667,
                111707807.174,
                162354043.046667,
                124757474.457,
                152955381.552333,
                154300524.759,
                149600191.610667,
                149600191.610667,
                111707807.174,
                124757474.457,
                111707807.174,
                162354043.046667,
                162354043.046667,
                149600191.610667,
                143632357.677,
                149600191.610667,
                111707807.174,
                149600191.610667,
                111707807.174,
                111707807.174,
                124757474.457,
                111707807.174,
                162354043.046667,
                111707807.174,
                111707807.174,
                144590164.065667,
                111707807.174,
                162354043.046667,
                111707807.174,
                111707807.174,
                144590164.065667,
                149600191.610667,
                111707807.174,
                124757474.457,
                111707807.174,
                166514495.162667,
                111707807.174,
                151950426.890667,
                111707807.174,
                111707807.174,
                111707807.174,
                149600191.610667,
                151950426.890667,
                113981646.089667,
                111707807.174,
                111707807.174,
                111707807.174,
                111707807.174,
                111707807.174,
                144590164.065667,
                151950426.890667,
                149600191.610667,
                151950426.890667,
                113981646.089667,
                111707807.174,
                111707807.174,
                154936783.600333,
                111707807.174,
                111707807.174,
                111707807.174,
                111707807.174,
                111707807.174,
                113981646.089667,
                144590164.065667,
                156530406.963,
                111707807.174,
                111707807.174,
                129743424.286333,
                111707807.174,
                111707807.174,
                111707807.174,
                151877574.687,
                111707807.174,
                111707807.174,
                162263434.074333,
                111707807.174,
                111707807.174,
                111707807.174,
                111707807.174,
                111707807.174,
                111707807.174,
                111707807.174,
                111707807.174,
                111707807.174,
                111707807.174,
                111707807.174,
                135452860.909667,
                111707807.174,
                111707807.174,
                111707807.174,
                111707807.174,
                111707807.174,
                111707807.174,
                154891303.043,
                111707807.174,
                135452860.909667,
                151950426.890667,
                111707807.174,
                111707807.174,
                135452860.909667,
                111707807.174,
                111707807.174,
                111707807.174,
                111707807.174,
                152566593.845333,
                145175829.567333
            ],
            "new_highs": 1,
            "new_highs_ratio": 0.006802721088435374
        }
    ]
}