{
    "original": {
        "median_execution_time": 7.0166778564453125
    },
    "items": [
        {
            "item_name": "time",
            "median_execution_time": 7.560328006744385,
            "duration": 168.8293805939993,
            "patch_contents": "ParamSetting(('test.params', 'param', 'VARDECAY'), 0.8208782772771122) | ParamSetting(('test.params', 'param', 'VARDECAY'), 0.039604392848693326)\n",
            "number_of_retries": 1,
            "number_of_steps": 14,
            "best_fitness": 7.0187,
            "reference_fitness": 7.0743,
            "params": false,
            "fitness_values": [
                7.0903,
                7.0368,
                7.2392,
                7.0743,
                7.068,
                7.0509,
                7.0187,
                7.0368,
                7.0187,
                7.1774,
                7.2111,
                7.2552,
                7.2398,
                7.475
            ],
            "new_highs": 2,
            "new_highs_ratio": 0.14285714285714285
        }
    ]
}