{
    "original": {
        "median_execution_time": 10.196892769999977
    },
    "items": [
        {
            "item_name": "perf_time",
            "median_execution_time": 8.292428433000168,
            "duration": 155.3323981499998,
            "patch_contents": "ParamSetting(('weka.params', 'param', 'P'), 6) | ParamSetting(('weka.params', 'param', 'I'), 2) | ParamSetting(('weka.params', 'param', 'N'), 28) | ParamSetting(('weka.params', 'param', 'N'), 87) | ParamSetting(('weka.params', 'param', 'K'), 23) | ParamSetting(('weka.params', 'param', 'M'), 1) | ParamSetting(('weka.params', 'param', 'N'), 89)\n",
            "number_of_retries": 1,
            "number_of_steps": 52,
            "best_fitness": 1.248983,
            "reference_fitness": 7.652145,
            "params": false,
            "fitness_values": [
                7.652145,
                7.652145,
                2.615932,
                7.652145,
                2.625236,
                3.751333,
                1.831507,
                2.738064,
                1.856336,
                1.856676,
                2.615932,
                2.177054,
                1.831507,
                1.795533,
                1.831507,
                1.795756,
                1.832652,
                1.795533,
                1.831507,
                2.116872,
                1.60984,
                1.605056,
                1.62036,
                1.600119,
                1.813501,
                1.628394,
                1.729975,
                1.600119,
                1.579666,
                1.794361,
                1.579666,
                1.848534,
                2.628802,
                1.579666,
                1.564763,
                1.579666,
                1.360009,
                1.325158,
                1.336787,
                1.360953,
                1.328562,
                1.325158,
                1.360953,
                1.248983,
                1.325158,
                2.086597,
                1.28187,
                1.250774,
                1.268033,
                1.438325,
                1.298841,
                1.311415
            ],
            "new_highs": 11,
            "new_highs_ratio": 0.21153846153846154
        },
        {
            "item_name": "weights",
            "median_execution_time": 8.418508274000487,
            "duration": 248.97303306400136,
            "patch_contents": "ParamSetting(('weka.params', 'param', 'I'), 5) | ParamSetting(('weka.params', 'param', 'P'), 25)\n",
            "number_of_retries": 1,
            "number_of_steps": 5,
            "best_fitness": 712441423.525,
            "reference_fitness": 824583816.308,
            "params": false,
            "fitness_values": [
                743619690.676,
                935955791.105,
                873007106.852,
                712441423.525,
                847808964.539
            ],
            "new_highs": 1,
            "new_highs_ratio": 0.2
        },
        {
            "item_name": "energy",
            "median_execution_time": 8.325707019001129,
            "duration": 179.9982139950007,
            "patch_contents": "ParamSetting(('weka.params', 'param', 'P'), 8)\n",
            "number_of_retries": 1,
            "number_of_steps": 15,
            "best_fitness": 74129513.0,
            "reference_fitness": 75925318.0,
            "params": false,
            "fitness_values": [
                75925318.0,
                75925318.0,
                78070410.0,
                79631670.0,
                74129513.0,
                75925318.0,
                82100659.0,
                74129513.0,
                75925318.0,
                74129513.0,
                74657272.0,
                90680903.0,
                74129513.0,
                74129513.0,
                90343992.0
            ],
            "new_highs": 1,
            "new_highs_ratio": 0.06666666666666667
        }
    ]
}