number_of_retries,execution_rank_per_item
1.0,1.6153846153846154
2.0,1.3846153846153846
