{
    "time": 1.0,
    "perf_time": 1.0014425251509054,
    "instructions": 1279724808.0482898,
    "cycles": 4162033234.808853,
    "cache-references": 1918305.633802817,
    "cache-misses": 208553.31991951712,
    "branches": 341377671.6297787,
    "branch-misses": 3052487.5251509054,
    "cpu-clock": 0.9987270905432596,
    "task-clock": 0.999162406438632,
    "faults": 213.48088531187125,
    "minor-faults": 206.841046277666,
    "major-faults": 6.841046277665996,
    "cs": 11.670020120724347,
    "migrations": 0.0,
    "L1-dcache-loads": 210320339.63782698,
    "L1-dcache-load-misses": 520244.2655935614,
    "dTLB-loads": 225531.58953722336,
    "dTLB-load-misses": 2725.754527162978,
    "weights": 686093.3601609658,
    "energy": 2450161.569416499
}