{
"time": 7.96,
"perf_time": 7.94190060,
"instructions": 10157612216.00000000,
"cycles": 33108092941.00000000,
"cache-references": 14575623.00000000,
"cache-misses": 1461118.00000000,
"branches": 2711111038.00000000,
"branch-misses": 24231253.00000000,
"cpu-clock": 7.94198346,
"task-clock": 7.94899945,
"faults": 1060.00000000,
"minor-faults": 1026.00000000,
"major-faults": 35.00000000,
"cs": 81.00000000,
"migrations": 0.00000000,
"L1-dcache-loads": 1665732158.00000000,
"L1-dcache-load-misses": 3892101.00000000,
"dTLB-loads": 1700253.00000000,
"dTLB-load-misses": 15130.00000000,
"weights": 3356161.00000000,
"energy": 20587726.00000000
}
