{
"time": [4.99,4.97,4.96,4.97,4.97,4.98,4.97,4.98,4.96,4.97,4.97,4.99,4.98,4.98,4.99,4.98,4.97,4.99,4.99,4.97,4.97],
"perf_time": [4.97716935,4.97744438,4.96682219,4.97399077,4.96414157,4.97995990,4.97937757,4.97795904,4.98698663,4.96539465,4.96929916,4.98093299,4.97623705,4.98262502,4.98464138,4.96590910,4.98197746,4.96507695,4.96813093,4.97861840,4.96616897],
"instructions": [6369796637.00000000,6361803762.00000000,6360156425.00000000,6362441227.00000000,6360322410.00000000,6362298470.00000000,6359719515.00000000,6360180549.00000000,6359991716.00000000,6359835803.00000000,6360785503.00000000,6360605875.00000000,6360231580.00000000,6360109402.00000000,6359887664.00000000,6360232296.00000000,6360664896.00000000,6360549025.00000000,6359967772.00000000,6361099461.00000000,6360108758.00000000],
"cycles": [20691072484.00000000,20685305177.00000000,20613875474.00000000,20705113049.00000000,20692428948.00000000,20591309431.00000000,20662618886.00000000,20696757537.00000000,20643491660.00000000,20698666762.00000000,20680649485.00000000,20699514450.00000000,20683113437.00000000,20746729842.00000000,20675651314.00000000,20642511408.00000000,20625362590.00000000,20616117227.00000000,20698225194.00000000,20688288423.00000000,20687768192.00000000],
"cache-references": [10904618.00000000,9372579.00000000,9399459.00000000,9668334.00000000,9413145.00000000,9864506.00000000,9576626.00000000,9621530.00000000,9277717.00000000,9347077.00000000,9534619.00000000,9457269.00000000,16924201.00000000,9424187.00000000,9537201.00000000,9508534.00000000,9869501.00000000,9496730.00000000,9977680.00000000,9391642.00000000,9533979.00000000],
"cache-misses": [1105349.00000000,1043894.00000000,1050152.00000000,1039080.00000000,1036510.00000000,977477.00000000,949657.00000000,1090029.00000000,962026.00000000,1062633.00000000,1091778.00000000,1005900.00000000,934327.00000000,960027.00000000,1020249.00000000,951976.00000000,943644.00000000,959894.00000000,1124775.00000000,1125365.00000000,1066090.00000000],
"branches": [1698959066.00000000,1696575232.00000000,1696647028.00000000,1696930182.00000000,1696549307.00000000,1696722342.00000000,1696603581.00000000,1696498583.00000000,1696580178.00000000,1696595914.00000000,1697033596.00000000,1697100602.00000000,1696601815.00000000,1696603426.00000000,1696481991.00000000,1696729874.00000000,1696979071.00000000,1696610372.00000000,1696973385.00000000,1696741488.00000000,1697270888.00000000],
"branch-misses": [15239127.00000000,15171636.00000000,15168802.00000000,15169660.00000000,15171273.00000000,15168605.00000000,15179897.00000000,15168611.00000000,15170232.00000000,15171173.00000000,15172803.00000000,15170863.00000000,15175070.00000000,15177648.00000000,15169463.00000000,15176213.00000000,15168625.00000000,15168806.00000000,15176546.00000000,15170474.00000000,15169775.00000000],
"cpu-clock": [4.97919794,4.98230256,4.96310179,4.96133510,4.98005838,4.95788015,4.96513903,4.95736313,4.95501690,4.96466999,4.96414353,4.95812579,4.97368598,4.97356111,4.96367364,4.96942955,4.95970642,4.97049692,4.96310179,4.96157249,4.95546807],
"task-clock": [4.96310598,4.98045151,4.97210298,4.95609252,4.96493433,4.95460861,4.95642049,4.97618383,4.97106466,4.96925600,4.96639225,4.97394258,4.96198992,4.95437088,4.97762227,4.97504606,4.96583716,4.95516412,4.97007397,4.95639367,4.95346120],
"faults": [1060.00000000,1058.00000000,1059.00000000,1060.00000000,1059.00000000,1064.00000000,1062.00000000,1061.00000000,1063.00000000,1064.00000000,1061.00000000,1061.00000000,1064.00000000,1066.00000000,1061.00000000,1061.00000000,1061.00000000,1064.00000000,1060.00000000,1060.00000000,1063.00000000],
"minor-faults": [1026.00000000,1029.00000000,1026.00000000,1028.00000000,1028.00000000,1026.00000000,1030.00000000,1027.00000000,1028.00000000,1029.00000000,1030.00000000,1025.00000000,1030.00000000,1028.00000000,1030.00000000,1026.00000000,1025.00000000,1026.00000000,1023.00000000,1030.00000000,1028.00000000],
"major-faults": [34.00000000,34.00000000,34.00000000,34.00000000,34.00000000,34.00000000,34.00000000,34.00000000,34.00000000,34.00000000,34.00000000,34.00000000,34.00000000,34.00000000,34.00000000,34.00000000,34.00000000,34.00000000,34.00000000,34.00000000,34.00000000],
"cs": [105.00000000,57.00000000,197.00000000,46.00000000,279.00000000,54.00000000,52.00000000,48.00000000,64.00000000,68.00000000,47.00000000,60.00000000,58.00000000,242.00000000,54.00000000,53.00000000,58.00000000,222.00000000,47.00000000,51.00000000,89.00000000],
"migrations": [1.00000000,0.00000000,0.00000000,0.00000000,0.00000000,0.00000000,1.00000000,1.00000000,0.00000000,0.00000000,0.00000000,0.00000000,0.00000000,0.00000000,0.00000000,0.00000000,0.00000000,0.00000000,0.00000000,0.00000000,0.00000000],
"L1-dcache-loads": [1047856326.00000000,1046147966.00000000,1045741949.00000000,1047363651.00000000,1045547964.00000000,1044649314.00000000,1045224258.00000000,1044548007.00000000,1045106214.00000000,1045114506.00000000,1045292088.00000000,1045670311.00000000,1044547494.00000000,1045406767.00000000,1045430892.00000000,1045612929.00000000,1044639351.00000000,1044457017.00000000,1044872381.00000000,1045475229.00000000,1045053657.00000000],
"L1-dcache-load-misses": [2752122.00000000,2573870.00000000,2575876.00000000,2562920.00000000,2852432.00000000,2661555.00000000,2592044.00000000,2580548.00000000,2702255.00000000,2535607.00000000,2593783.00000000,2682696.00000000,2623912.00000000,2548041.00000000,2585614.00000000,2538730.00000000,2751113.00000000,2551211.00000000,2566428.00000000,3826322.00000000,2576000.00000000],
"dTLB-loads": [1120543.00000000,1112788.00000000,1142664.00000000,1158718.00000000,1118996.00000000,1120892.00000000,1151283.00000000,1119865.00000000,1121504.00000000,1151197.00000000,1114472.00000000,1117281.00000000,1122441.00000000,1148638.00000000,1117275.00000000,1117123.00000000,1121973.00000000,1118924.00000000,1115822.00000000,1155038.00000000,1155472.00000000],
"dTLB-load-misses": [15710.00000000,13471.00000000,13477.00000000,14291.00000000,13446.00000000,13412.00000000,13739.00000000,14241.00000000,14382.00000000,13598.00000000,12934.00000000,13494.00000000,13735.00000000,13543.00000000,13300.00000000,13547.00000000,13911.00000000,13394.00000000,14411.00000000,14011.00000000,13356.00000000],
"weights": [3091279.00000000,3659573.00000000,2781797.00000000,3339502.00000000,5718537.00000000,3545415.00000000,3401074.00000000,4463283.00000000,3042870.00000000,3321597.00000000,5418802.00000000,2914354.00000000,9348704.00000000,4989703.00000000,3612519.00000000,2921848.00000000,2750881.00000000,5773034.00000000,2996497.00000000,3409884.00000000,5385637.00000000],
"energy": [12663484.00000000,12580236.00000000,12412489.00000000,12256034.00000000,12203486.00000000,12228326.00000000,12219552.00000000,12177303.00000000,12087830.00000000,12142591.00000000,12132384.00000000,12209955.00000000,12105194.00000000,12160580.00000000,12122039.00000000,12204112.00000000,12166623.00000000,12183147.00000000,12074723.00000000,12146482.00000000,12174160.00000000]
}
