{
"time": 4.97,
"perf_time": 4.97716935,
"instructions": 6360232296.00000000,
"cycles": 20685305177.00000000,
"cache-references": 9533979.00000000,
"cache-misses": 1036510.00000000,
"branches": 1696647028.00000000,
"branch-misses": 15170863.00000000,
"cpu-clock": 4.96367364,
"task-clock": 4.96583716,
"faults": 1061.00000000,
"minor-faults": 1028.00000000,
"major-faults": 34.00000000,
"cs": 58.00000000,
"migrations": 0.00000000,
"L1-dcache-loads": 1045292088.00000000,
"L1-dcache-load-misses": 2585614.00000000,
"dTLB-loads": 1120892.00000000,
"dTLB-load-misses": 13547.00000000,
"weights": 3409884.00000000,
"energy": 12177303.00000000
}
