{
    "time": 0.19090849132306606,
    "perf_time": 0.14359077937203701,
    "instructions": 0.033125614091737414,
    "cycles": 0.17689798191625672,
    "cache-references": 16.011659171858813,
    "cache-misses": 6.046821016245054,
    "branches": 0.030558556683250818,
    "branch-misses": 0.09686827760085642,
    "cpu-clock": 0.16006806149661268,
    "task-clock": 0.17156205965127455,
    "faults": 0.18979181590979882,
    "minor-faults": 0.19141603881790137,
    "major-faults": 0.0,
    "cs": 76.92846805747484,
    "migrations": 244.9489742783178,
    "L1-dcache-loads": 0.08030125547175822,
    "L1-dcache-load-misses": 10.067650390307046,
    "dTLB-loads": 1.4258858801066165,
    "dTLB-load-misses": 4.179803684065616,
    "weights": 37.68068134743906,
    "energy": 1.2077577624739817
}