item_name,rank_median_execution_time,median_execution_time
time_1,1.0,0.001037001609802246
perf_time_2,2.0,0.0011296272277832031
time_3,3.0,0.0011719465255737305
perf_time_4,4.0,0.0012123584747314453
time_2,5.0,0.0012710094451904297
time_4,6.0,0.001421213150024414
time_5,7.0,0.0015457868576049805
perf_time_3,8.0,0.0015597343444824219
perf_time_5,9.0,0.0015773773193359375
original,10.0,0.07152044773101807
