item_name,rank_median_execution_time,median_execution_time
perf_time_5,1.0,0.0009334087371826172
perf_time_1,2.0,0.0009801387786865234
time_1,3.0,0.0010421276092529297
perf_time_3,4.0,0.0013006925582885742
perf_time_4,5.0,0.0013535022735595703
time_4,6.0,0.0014026165008544922
time_3,7.0,0.0014543533325195312
time_2,8.0,0.001521468162536621
perf_time_2,9.0,0.0015320777893066406
original,10.0,0.07152044773101807
