number_of_retries,execution_rank_per_item
1.0,2.923076923076923
2.0,3.1538461538461537
3.0,3.076923076923077
4.0,2.923076923076923
5.0,2.923076923076923
