number_of_retries,execution_rank_per_item
1.0,2.769230769230769
2.0,2.6923076923076925
3.0,3.769230769230769
4.0,2.3846153846153846
5.0,3.3846153846153846
