{
    "original": {
        "median_execution_time": 7.651331639150158,
        "search_type": "local_search"
    },
    "items": [
        {
            "item_name": "weights",
            "median_execution_time": 7.342497903038748,
            "duration": 2691.5105937500484,
            "patch_contents": "ParamSetting(('test.params', 'param', 'CONFLICTBOUNDINCFACTOR'), 2.1441515513114506) | ParamSetting(('test.params', 'param', 'VARDECAY'), 0.08982827530229975) | ParamSetting(('test.params', 'param', 'CONFLICTBOUNDINCFACTOR'), 2.001215817953507)\n",
            "number_of_retries": 2,
            "number_of_steps": 27,
            "best_fitness": 1141556282.9875,
            "reference_fitness": 1351121337.7425,
            "params": false,
            "fitness_values": [
                1231038055.252,
                1351121337.7425,
                1362356796.443,
                1304838007.1775,
                1283181244.106,
                1191480872.916,
                1191480872.916,
                1316782233.4055,
                1249052233.2145,
                1191480872.916,
                1237143769.143,
                1231038055.252,
                1191480872.916,
                1300290570.48,
                1231038055.252,
                1237143769.143,
                1191480872.916,
                1141556282.9875,
                1141556282.9875,
                1554547497.0835,
                1382115664.604,
                1224978199.6615,
                1316447269.781,
                1237143769.143,
                1190718411.959,
                1324927078.879,
                1198289657.2175
            ],
            "new_highs": 2,
            "new_highs_ratio": 0.07407407407407407
        },
        {
            "item_name": "weights",
            "median_execution_time": 7.353184040053748,
            "duration": 3175.0935201880056,
            "patch_contents": "ParamSetting(('test.params', 'param', 'CONFLICTBOUNDINCFACTOR'), 2.1441515513114506) | ParamSetting(('test.params', 'param', 'FIXEDPERIOD'), 3169)\n",
            "number_of_retries": 4,
            "number_of_steps": 15,
            "best_fitness": 1205604514.81925,
            "reference_fitness": 1343218204.73725,
            "params": false,
            "fitness_values": [
                1244535769.6315,
                1343218204.73725,
                1205604514.81925,
                1351806678.867,
                1390624747.3285,
                1447199909.74875,
                1255679366.81975,
                1205604514.81925,
                1282691733.88475,
                1254527057.65475,
                1205604514.81925,
                1390624747.3285,
                1244535769.6315,
                1205604514.81925,
                1300263464.19475
            ],
            "new_highs": 1,
            "new_highs_ratio": 0.06666666666666667
        }
    ]
}