item_name_orig,mean_median_execution_time,rank
time,0.0010468006134033204,1.0
perf_time,0.0012770891189575195,2.0
original,0.0714268684387207,3.0
