{
    "original": {
        "median_execution_time": 0.07194173336029053
    },
    "items": [
        {
            "item_name": "time",
            "median_execution_time": 0.0009791851043701172,
            "duration": 11.018502473831177,
            "patch_contents": "SrcmlStmtInsertion(('triangle.c.xml', '_inter_block', 17), ('triangle.c.xml', 'stmt', 21)) | SrcmlStmtReplacement(('triangle.c.xml', 'stmt', 8), ('triangle.c.xml', 'stmt', 5))\n",
            "number_of_retries": 1,
            "number_of_steps": 80,
            "best_fitness": 0.0802,
            "reference_fitness": 0.0814,
            "params": false,
            "fitness_values": [
                0.0814,
                0.0814,
                0.0807,
                0.0822,
                0.0814,
                0.0802,
                0.0802,
                0.081,
                0.0835,
                0.0847,
                0.0802,
                0.0807,
                0.086,
                0.081,
                0.0825,
                0.0842,
                0.0802,
                0.0802,
                0.0802,
                0.081,
                0.0802,
                0.081,
                0.0932,
                0.0807,
                0.0802,
                0.081,
                0.0886,
                0.0837,
                0.0802,
                0.0807,
                0.081,
                0.0802,
                0.0802,
                0.0802,
                0.0833,
                0.081
            ],
            "new_highs": 2
        },
        {
            "item_name": "perf_time",
            "median_execution_time": 0.0007953643798828125,
            "duration": 11.05885934829712,
            "patch_contents": "SrcmlStmtReplacement(('triangle.c.xml', 'stmt', 1), ('triangle.c.xml', 'stmt', 2)) | SrcmlStmtInsertion(('triangle.c.xml', '_inter_block', 20), ('triangle.c.xml', 'stmt', 14)) | SrcmlStmtInsertion(('triangle.c.xml', '_inter_block', 21), ('triangle.c.xml', 'stmt', 18))\n",
            "number_of_retries": 1,
            "number_of_steps": 68,
            "best_fitness": 0.000979,
            "reference_fitness": 0.069765,
            "params": false,
            "fitness_values": [
                0.070454,
                0.071774,
                0.001403,
                0.001473,
                0.001805,
                0.069765,
                0.00133,
                0.00133,
                0.069765,
                0.001357,
                0.001572,
                0.001032,
                0.000979,
                0.001032,
                0.001065,
                0.001401,
                0.001388,
                0.073286,
                0.001402,
                0.001351,
                0.001359,
                0.001359,
                0.001789
            ],
            "new_highs": 4
        },
        {
            "item_name": "perf_instructions",
            "median_execution_time": 0.001364588737487793,
            "duration": 11.201837539672852,
            "patch_contents": "SrcmlStmtInsertion(('triangle.c.xml', '_inter_block', 17), ('triangle.c.xml', 'stmt', 6)) | SrcmlStmtInsertion(('triangle.c.xml', '_inter_block', 1), ('triangle.c.xml', 'stmt', 2)) | SrcmlStmtInsertion(('triangle.c.xml', '_inter_block', 9), ('triangle.c.xml', 'stmt', 18)) | SrcmlStmtReplacement(('triangle.c.xml', 'stmt', 17), ('triangle.c.xml', 'stmt', 16))\n",
            "number_of_retries": 1,
            "number_of_steps": 58,
            "best_fitness": 1392684.0,
            "reference_fitness": 1480263.0,
            "params": false,
            "fitness_values": [
                1474668.0,
                1480263.0,
                1474668.0,
                1480263.0,
                1474668.0,
                1473612.0,
                1501268.0,
                1398499.0,
                1406092.0,
                1422881.0,
                1408588.0,
                1406271.0,
                1473612.0,
                1410770.0,
                1403339.0,
                1413127.0,
                1428801.0,
                1422881.0,
                1392684.0,
                1392684.0,
                1392684.0,
                1406614.0,
                1494369.0,
                1398499.0,
                1409605.0,
                1428588.0,
                1493637.0,
                1424991.0,
                1409811.0
            ],
            "new_highs": 3
        },
        {
            "item_name": "perf_cycles",
            "median_execution_time": 0.0007950067520141602,
            "duration": 11.239337921142578,
            "patch_contents": "SrcmlStmtInsertion(('triangle.c.xml', '_inter_block', 33), ('triangle.c.xml', 'stmt', 7)) | SrcmlStmtDeletion(('triangle.c.xml', 'stmt', 3)) | SrcmlStmtInsertion(('triangle.c.xml', '_inter_block', 35), ('triangle.c.xml', 'stmt', 0))\n",
            "number_of_retries": 1,
            "number_of_steps": 75,
            "best_fitness": 913123.0,
            "reference_fitness": 2131731.0,
            "params": false,
            "fitness_values": [
                2100249.0,
                2131731.0,
                2459941.0,
                935514.0,
                2100249.0,
                1103294.0,
                1029272.0,
                1058492.0,
                913123.0,
                1967152.0,
                958481.0,
                935514.0,
                947159.0,
                973811.0,
                986633.0,
                1036666.0,
                943212.0,
                1038457.0,
                929918.0,
                938184.0,
                930286.0
            ],
            "new_highs": 2
        },
        {
            "item_name": "perf_cache_references",
            "median_execution_time": 0.0009762048721313477,
            "duration": 11.024423360824585,
            "patch_contents": "SrcmlStmtDeletion(('triangle.c.xml', 'stmt', 3)) | SrcmlStmtDeletion(('triangle.c.xml', 'stmt', 1)) | SrcmlStmtReplacement(('triangle.c.xml', 'stmt', 4), ('triangle.c.xml', 'stmt', 4))\n",
            "number_of_retries": 1,
            "number_of_steps": 76,
            "best_fitness": 82773.0,
            "reference_fitness": 179098.0,
            "params": false,
            "fitness_values": [
                170689.0,
                179098.0,
                177027.0,
                185391.0,
                194118.0,
                101100.0,
                101886.0,
                103041.0,
                170689.0,
                91405.0,
                91405.0,
                105424.0,
                91405.0,
                100151.0,
                101100.0,
                91405.0,
                99614.0,
                82773.0,
                99803.0,
                101886.0,
                82773.0,
                99803.0,
                101886.0,
                86315.0,
                100260.0,
                82773.0,
                99803.0,
                82773.0,
                101886.0,
                98576.0,
                100731.0,
                99803.0,
                86822.0
            ],
            "new_highs": 3
        },
        {
            "item_name": "perf_cache_misses",
            "median_execution_time": 0.0009834766387939453,
            "duration": 10.981305360794067,
            "patch_contents": "SrcmlStmtInsertion(('triangle.c.xml', '_inter_block', 21), ('triangle.c.xml', 'stmt', 4)) | SrcmlStmtInsertion(('triangle.c.xml', '_inter_block', 0), ('triangle.c.xml', 'stmt', 17)) | SrcmlStmtInsertion(('triangle.c.xml', '_inter_block', 31), ('triangle.c.xml', 'stmt', 14)) | SrcmlStmtInsertion(('triangle.c.xml', '_inter_block', 17), ('triangle.c.xml', 'stmt', 13))\n",
            "number_of_retries": 1,
            "number_of_steps": 73,
            "best_fitness": 22075.0,
            "reference_fitness": 61412.0,
            "params": false,