{
    "time": 1.0,
    "perf_time": 1.4157060000000001,
    "instructions": 4886662800.0,
    "cycles": 4451632500.0,
    "cache-references": 426388800.0,
    "cache-misses": 130306900.0,
    "branches": 963410000.0,
    "branch-misses": 22169900.0,
    "cpu-clock": 1.4593289999999999,
    "task-clock": 1.5596519999999998,
    "faults": 250300.0,
    "minor-faults": 249900.0,
    "major-faults": 0.0,
    "cs": 2600.0,
    "migrations": 200.0,
    "L1-dcache-loads": 2047423900.0,
    "L1-dcache-load-misses": 94009500.0,
    "dTLB-loads": 9250800.0,
    "dTLB-load-misses": 2145500.0,
    "weights": 63636400.0,
    "energy": 1286200.0
}