{
"time": [0.02,0.02,0.01,0.01,0.01,0.01,0.01,0.01,0.01,0.01,0.01,0.01,0.01,0.01,0.01,0.01,0.01,0.01,0.01,0.01,0.01],
"perf_time": [0.01604080,0.01395263,0.01289038,0.01418402,0.01618062,0.01508450,0.01476008,0.01296239,0.01415706,0.01449768,0.01344159,0.01323960,0.01212525,0.01277291,0.01662825,0.01177073,0.01339947,0.01457311,0.01343593,0.01541905,0.01680153],
"instructions": [48790015.00000000,48827454.00000000,48901623.00000000,48320466.00000000,48443021.00000000,48837683.00000000,49194778.00000000,49275628.00000000,49073588.00000000,49302491.00000000,48366599.00000000,49145091.00000000,49244234.00000000,48566903.00000000,48535254.00000000,48866628.00000000,49034557.00000000,49372939.00000000,48664416.00000000,49026365.00000000,48550294.00000000],
"cycles": [44021897.00000000,49083960.00000000,45153381.00000000,48927549.00000000,43344355.00000000,43117958.00000000,42120383.00000000,43869212.00000000,42871143.00000000,46843298.00000000,43220389.00000000,44721536.00000000,42726999.00000000,43073081.00000000,44702177.00000000,50276644.00000000,44516325.00000000,44914114.00000000,45056375.00000000,44921410.00000000,43717968.00000000],
"cache-references": [4399251.00000000,4409813.00000000,4482406.00000000,4204758.00000000,4263141.00000000,4342230.00000000,4129985.00000000,4349585.00000000,3952746.00000000,4035358.00000000,4216959.00000000,4270676.00000000,4263888.00000000,3987091.00000000,4177019.00000000,4198993.00000000,4269158.00000000,4285930.00000000,4332949.00000000,4258227.00000000,4263977.00000000],
"cache-misses": [1265853.00000000,1265169.00000000,1230958.00000000,1329275.00000000,1233556.00000000,1278290.00000000,1289961.00000000,1327163.00000000,1288115.00000000,1361417.00000000,1334178.00000000,1344823.00000000,1335496.00000000,1347078.00000000,1331816.00000000,1302978.00000000,1284372.00000000,1270145.00000000,1303069.00000000,1320998.00000000,1332640.00000000],
"branches": [9701055.00000000,9471903.00000000,9690384.00000000,9568129.00000000,9540367.00000000,9715282.00000000,9634100.00000000,9587339.00000000,9682629.00000000,9640459.00000000,9687685.00000000,9700279.00000000,9681530.00000000,9652571.00000000,9625303.00000000,9634095.00000000,9454957.00000000,9720286.00000000,9633455.00000000,9574884.00000000,9594721.00000000],
"branch-misses": [192470.00000000,244243.00000000,245544.00000000,213727.00000000,218309.00000000,236413.00000000,222650.00000000,221699.00000000,230771.00000000,206682.00000000,221797.00000000,216298.00000000,231082.00000000,228917.00000000,226538.00000000,203237.00000000,225408.00000000,213532.00000000,214822.00000000,213708.00000000,195512.00000000],
"cpu-clock": [0.01306534,0.01243633,0.01376517,0.01245966,0.01538029,0.01349578,0.01291098,0.01522719,0.01580940,0.01329079,0.01495529,0.01345059,0.01644344,0.01650497,0.01636892,0.01459329,0.01328087,0.01784645,0.02036324,0.01590299,0.01378891],
"task-clock": [0.01556956,0.01558514,0.02220270,0.01432929,0.01577546,0.01406514,0.02102123,0.01758977,0.02334463,0.02157516,0.02186864,0.01524221,0.02104512,0.02070198,0.01464219,0.01527860,0.01589964,0.01559652,0.01176842,0.01395919,0.01271871],
"faults": [2528.00000000,2479.00000000,2503.00000000,2527.00000000,2503.00000000,2497.00000000,2508.00000000,2525.00000000,2500.00000000,2501.00000000,2527.00000000,2481.00000000,2496.00000000,2477.00000000,2474.00000000,2492.00000000,2505.00000000,2493.00000000,2524.00000000,2525.00000000,2519.00000000],
"minor-faults": [2525.00000000,2467.00000000,2554.00000000,2493.00000000,2481.00000000,2526.00000000,2485.00000000,2494.00000000,2498.00000000,2501.00000000,2480.00000000,2499.00000000,2522.00000000,2519.00000000,2546.00000000,2499.00000000,2523.00000000,2471.00000000,2477.00000000,2545.00000000,2520.00000000],
"major-faults": [0.00000000,0.00000000,0.00000000,0.00000000,0.00000000,0.00000000,0.00000000,0.00000000,0.00000000,0.00000000,0.00000000,0.00000000,0.00000000,0.00000000,0.00000000,0.00000000,0.00000000,0.00000000,0.00000000,0.00000000,0.00000000],
"cs": [25.00000000,28.00000000,27.00000000,25.00000000,26.00000000,24.00000000,27.00000000,26.00000000,25.00000000,26.00000000,26.00000000,26.00000000,27.00000000,26.00000000,25.00000000,27.00000000,24.00000000,25.00000000,28.00000000,26.00000000,28.00000000],
"migrations": [3.00000000,0.00000000,3.00000000,3.00000000,4.00000000,0.00000000,0.00000000,0.00000000,0.00000000,0.00000000,0.00000000,2.00000000,2.00000000,0.00000000,3.00000000,3.00000000,2.00000000,4.00000000,2.00000000,1.00000000,1.00000000],
"L1-dcache-loads": [20474239.00000000,20568705.00000000,20512986.00000000,20642445.00000000,20464835.00000000,20442843.00000000,20583492.00000000,20835188.00000000,20431809.00000000,20343643.00000000,20636263.00000000,20548921.00000000,20406387.00000000,20366778.00000000,20427185.00000000,20634441.00000000,20545256.00000000,20596362.00000000,20470671.00000000,20250445.00000000,20374019.00000000],
"L1-dcache-load-misses": [957720.00000000,943148.00000000,938978.00000000,929032.00000000,930724.00000000,939941.00000000,956678.00000000,942137.00000000,932222.00000000,932757.00000000,941593.00000000,940095.00000000,948604.00000000,942734.00000000,939699.00000000,956678.00000000,928182.00000000,943746.00000000,939521.00000000,945649.00000000,926816.00000000],
"dTLB-loads": [91430.00000000,94972.00000000,91327.00000000,97631.00000000,92930.00000000,89764.00000000,86313.00000000,92846.00000000,92508.00000000,89441.00000000,90474.00000000,93868.00000000,93326.00000000,90988.00000000,96072.00000000,91880.00000000,95042.00000000,94456.00000000,91734.00000000,93203.00000000,89780.00000000],
"dTLB-load-misses": [20351.00000000,22220.00000000,18507.00000000,20200.00000000,19123.00000000,21727.00000000,24266.00000000,23424.00000000,23096.00000000,21455.00000000,20346.00000000,19864.00000000,19326.00000000,22537.00000000,20070.00000000,21592.00000000,18160.00000000,23167.00000000,17035.00000000,21516.00000000,25248.00000000],
"weights": [10364656.00000000,8916380.00000000,428607.00000000,0.00000000,540217.00000000,647844.00000000,636364.00000000,2102319.00000000,12338414.00000000,421518.00000000,3056220.00000000,7418134.00000000,1015497.00000000,509736.00000000,239115.00000000,679016.00000000,272646.00000000,519788.00000000,3814018.00000000,531657.00000000,569105.00000000],
"energy": [13000.00000000,13213.00000000,12649.00000000,61124.00000000,13381.00000000,12787.00000000,13106.00000000,13213.00000000,13122.00000000,13077.00000000,12817.00000000,12404.00000000,12496.00000000,12878.00000000,12145.00000000,12832.00000000,12862.00000000,12588.00000000,12481.00000000,12451.00000000,13045.00000000]
}
