{
"time": 0.01,
"perf_time": 0.01415706,
"instructions": 48866628.00000000,
"cycles": 44516325.00000000,
"cache-references": 4263888.00000000,
"cache-misses": 1303069.00000000,
"branches": 9634100.00000000,
"branch-misses": 221699.00000000,
"cpu-clock": 0.01459329,
"task-clock": 0.01559652,
"faults": 2503.00000000,
"minor-faults": 2499.00000000,
"major-faults": 0.00000000,
"cs": 26.00000000,
"migrations": 2.00000000,
"L1-dcache-loads": 20474239.00000000,
"L1-dcache-load-misses": 940095.00000000,
"dTLB-loads": 92508.00000000,
"dTLB-load-misses": 21455.00000000,
"weights": 636364.00000000,
"energy": 12862.00000000
}
