{
    "time": 26.801800012908593,
    "perf_time": 9.843270763160735,
    "instructions": 0.6493198213794398,
    "cycles": 4.823149347051031,
    "cache-references": 3.0762914634264273,
    "cache-misses": 2.784952336232731,
    "branches": 0.7585891424184503,
    "branch-misses": 6.184048753889329,
    "cpu-clock": 13.078256770377648,
    "task-clock": 20.1073302561605,
    "faults": 0.6942342919197446,
    "minor-faults": 0.9899927505278442,
    "major-faults": 0,
    "cs": 4.507798174017533,
    "migrations": 91.21161783813582,
    "L1-dcache-loads": 0.6204303291297446,
    "L1-dcache-load-misses": 0.9381044606819874,
    "dTLB-loads": 2.703004240071498,
    "dTLB-load-misses": 9.732715977687556,
    "weights": 140.00688343549226,
    "energy": 68.02235742512346
}