{
    "original": {
        "median_execution_time": 7.230061173439026
    },
    "items": [
        {
            "item_name": "time",
            "median_execution_time": 7.473210692405701,
            "duration": 745.1080626779999,
            "patch_contents": "ParamSetting(('test.params', 'param', 'FIXEDPERIOD'), 3267)\n",
            "number_of_retries": 1,
            "number_of_steps": 82,
            "best_fitness": 7.1765,
            "reference_fitness": 7.2496,
            "params": false,
            "fitness_values": [
                7.4676,
                7.3473,
                7.1765,
                7.2496,
                7.3179,
                7.1798,
                7.195,
                7.3037,
                7.4744,
                7.6318,
                7.5817,
                7.6678,
                7.1798,
                7.7663,
                7.4572,
                7.4747,
                7.5325,
                7.493,
                7.4495,
                7.4489,
                7.6175,
                7.4747,
                7.4556,
                7.5568,
                7.501,
                7.475,
                7.5141,
                7.4879,
                7.4417,
                7.1765,
                7.2496,
                7.4569,
                7.5061,
                7.3987,
                7.4747,
                7.4333,
                7.3435,
                7.1765,
                7.2496,
                7.5811,
                7.4235,
                7.4983,
                7.4978,
                7.4569,
                7.3385,
                7.4127,
                7.4747,
                7.4747,
                7.5324,
                7.4127,
                7.5568,
                7.1765,
                7.2496,
                7.7011,
                7.403,
                7.1765,
                7.4655,
                7.2496,
                7.4122,
                7.5415,
                7.6258,
                7.4749,
                7.3179,
                7.6077,
                7.4414,
                7.4495,
                7.4683,
                7.4621,
                7.4747,
                7.3439,
                7.4121,
                7.4018,
                7.4747,
                7.441,
                7.1765,
                7.2496,
                7.1765,
                7.4246,
                7.2496,
                7.5891,
                7.4747,
                7.4423
            ],
            "new_highs": 2,
            "new_highs_ratio": 0.024390243902439025
        },
        {
            "item_name": "time",
            "median_execution_time": 7.488630175590515,
            "duration": 770.6678091929998,
            "patch_contents": "ParamSetting(('test.params', 'param', 'CLADECAY'), 0.6344493354261185)\n",
            "number_of_retries": 2,
            "number_of_steps": 55,
            "best_fitness": 7.3549,
            "reference_fitness": 7.4793,
            "params": false,
            "fitness_values": [
                7.3549,
                7.4793,
                7.4484,
                7.4255,
                7.4145,
                7.5677,
                7.4439,
                7.416,
                7.4687,
                7.4714,
                7.4236,
                7.4253,
                7.4631,
                7.5105,
                7.3549,
                7.3549,
                7.4793,
                7.5118,
                7.5149,
                7.4893,
                7.4784,
                7.5125,
                7.4326,
                7.4484,
                7.5056,
                7.4255,
                7.4265,
                7.5533,
                7.4858,
                7.4236,
                7.4255,
                7.3903,
                7.4484,
                7.4674,
                7.5105,
                7.4255,
                7.4951,
                7.4255,
                7.4808,
                7.4519,
                7.3549,
                7.3549,
                7.3549,
                7.4767,
                7.5145,
                7.4695,
                7.475,
                7.4355,
                7.5105,
                7.3549,
                7.4309,
                7.3549,
                7.3549,
                7.4302,
                7.4999
            ],
            "new_highs": 0,
            "new_highs_ratio": 0.0
        },
        {
            "item_name": "time",
            "median_execution_time": 7.511058330535889,
            "duration": 792.01635308,
            "patch_contents": "ParamSetting(('test.params', 'param', 'SIMP'), 'NO_SIMPLIFICATION') | ParamSetting(('test.params', 'param', 'INITCONFLICTBOUND'), 51) | ParamSetting(('test.params', 'param', 'INITCONFLICTBOUND'), 128)\n",
            "number_of_retries": 3,
            "number_of_steps": 40,
            "best_fitness": 7.367,
            "reference_fitness": 7.478,
            "params": false,
            "fitness_values": [
                7.6355,
                7.4562,
                7.478,
                7.4503,
                7.4562,
                7.4463,
                7.4521,
                7.4239,
                7.367,
                7.4989,
                7.4201,
                7.367,
                7.4201,
                7.5307,
                7.5246,
                7.367,
                7.5189,
                7.4201,
                7.367,
                7.4769,
                7.367,
                7.367,
                7.5104,
                7.367,
                7.4562,
                7.3882,
                7.5158,
                7.4228,
                7.371,
                7.4463,
                7.367,
                7.4562,
                7.4201,
                7.5339,
                7.4061,
                7.5292,
                7.4475,
                7.4308,
                7.5131,
                7.5076
            ],
            "new_highs": 5,
            "new_highs_ratio": 0.125
        },
        {
            "item_name": "time",
            "median_execution_time": 7.532069563865662,
            "duration": 836.8826128350001,
            "patch_contents": "ParamSetting(('test.params', 'param', 'PHASE'), 'RandomLiteralSelectionStrategy') | ParamSetting(('test.params', 'param', 'CONFLICTBOUNDINCFACTOR'), 3.7270245974691756)\n",
            "number_of_retries": 4,
            "number_of_steps": 34,
            "best_fitness": 7.4034,
            "reference_fitness": 7.4409,
            "params": false,
            "fitness_values": [
                7.4113,
                7.4478,
                7.4409,
                7.4113,
                7.4409,
                7.4234,
                7.5355,
                7.4578,
                7.4578,
                7.4113,
                7.4409,
                7.4034,
                7.5657,
                7.4113,
                7.4034,
                7.4893,
                7.5205,
                7.4779,
                7.4758,
                7.4113,
                7.4991,
                7.5657,
                7.4034,
                7.5657,
                7.4113,
                7.4508,
                7.5415,
                7.5019,
                7.5025,
                7.5082,
                7.4416,
                7.4891,
                7.4502,
                7.5003
            ],
            "new_highs": 1,
            "new_highs_ratio": 0.029411764705882353
        },
        {
            "item_name": "time",
            "median_execution_time": 7.489812731742859,
            "duration": 847.0243919600007,
            "patch_contents": "ParamSetting(('test.params', 'param', 'CLADECAY'), 0.9753126005957254)\n",
            "number_of_retries": 5,
            "number_of_steps": 27,
            "best_fitness": 7.3833,
            "reference_fitness": 7.4032,
            "params": false,