{
    "original": {
        "median_execution_time": 11.325062274932861
    },
    "items": [
        {
            "item_name": "energy",
            "median_execution_time": 30.412893891334534,
            "duration": 804.1953213149991,
            "patch_contents": "ParamSetting(('minisat_simplified.params', 'param', 'var-decay'), 0.6027369114333054) | ParamSetting(('minisat_simplified.params', 'param', 'ccmin-mode'), 1)\n",
            "number_of_retries": 5,
            "number_of_steps": 13,
            "best_fitness": 89348019.4,
            "reference_fitness": 89993344.0,
            "params": false,
            "fitness_values": [
                89700738.4,
                89735868.2,
                89993344.0,
                89710601.4,
                89385197.2,
                89385197.2,
                89435551.2,
                89385197.2,
                89700738.4,
                89364238.2,
                89348019.4,
                89451767.2,
                89470651.0
            ],
            "new_highs": 3,
            "new_highs_ratio": 0.23076923076923078
        }
    ]
}