{
    "original": {
        "median_execution_time": 13.197352176000095,
        "search_type": "local_search"
    },
    "items": [
        {
            "item_name": "weights",
            "median_execution_time": 13.645588256999872,
            "duration": 189.27579189299922,
            "patch_contents": "ParamSetting(('lpg.params', 'param', 'repeats'), 11)\n",
            "number_of_retries": 1,
            "number_of_steps": 9,
            "best_fitness": 32762137402.85,
            "reference_fitness": 34398861200.319,
            "params": false,
            "fitness_values": [
                34398861200.319,
                34398861200.319,
                34398861200.319,
                34398861200.319,
                32762137402.85
            ],
            "new_highs": 1,
            "new_highs_ratio": 0.2
        },
        {
            "item_name": "energy",
            "median_execution_time": 13.169646223999735,
            "duration": 252.65507900000011,
            "patch_contents": "ParamSetting(('lpg.params', 'param', 'repeats'), 11)\n",
            "number_of_retries": 1,
            "number_of_steps": 11,
            "best_fitness": 694061992.0,
            "reference_fitness": 962096349.0,
            "params": false,
            "fitness_values": [
                1252324641.0,
                962096349.0,
                962096349.0,
                962096349.0,
                962096349.0,
                694061992.0,
                962096349.0
            ],
            "new_highs": 2,
            "new_highs_ratio": 0.2857142857142857
        }
    ]
}