item_name,rank_median_execution_time,median_execution_time
perf_time_4,1.0,0.0007807016372680664
time_1,2.0,0.0008310079574584961
time_3,3.0,0.0009250640869140625
perf_time_2,4.0,0.0010364055633544922
perf_time_1,5.0,0.0010765790939331055
time_2,6.0,0.0012366771697998047
time_4,7.0,0.0012841224670410156
perf_time_3,8.0,0.0013873577117919922
time_5,9.0,0.0015156269073486328
perf_time_5,10.0,0.0016260147094726562
original,11.0,0.0714268684387207
