Key,Median_Largest_Improvement_Ratio
4,0.17894736842105263
1,0.20752831445702863
5,0.3205128205128205
3,0.3405797101449275
2,0.4437837837837838
