{
"time": 2.99,
"perf_time": 2.99461868,
"instructions": 3828503369.00000000,
"cycles": 12426075974.00000000,
"cache-references": 6561277.00000000,
"cache-misses": 808555.00000000,
"branches": 1020205934.00000000,
"branch-misses": 9151163.00000000,
"cpu-clock": 2.99090256,
"task-clock": 2.98691241,
"faults": 1060.00000000,
"minor-faults": 1028.00000000,
"major-faults": 34.00000000,
"cs": 50.00000000,
"migrations": 0.00000000,
"L1-dcache-loads": 632712742.00000000,
"L1-dcache-load-misses": 1754116.00000000,
"dTLB-loads": 734899.00000000,
"dTLB-load-misses": 12785.00000000,
"weights": 3291486.00000000,
"energy": 7508202.00000000
}
