{
    "time": 0.2843965631160257,
    "perf_time": 0.3105537259322981,
    "instructions": 0.05866765330980802,
    "cycles": 0.2854099582668941,
    "cache-references": 14.323314388162848,
    "cache-misses": 6.154234926469291,
    "branches": 0.044820958378416806,
    "branch-misses": 0.11469568582598053,
    "cpu-clock": 0.3189560367187474,
    "task-clock": 0.31313475100560423,
    "faults": 0.22973924183702868,
    "minor-faults": 0.25594033314457454,
    "major-faults": 1.7364546487236554,
    "cs": 33.52960727139945,
    "migrations": 308.2207001484488,
    "L1-dcache-loads": 0.08122232823619756,
    "L1-dcache-load-misses": 17.168560012901963,
    "dTLB-loads": 0.9719748423116358,
    "dTLB-load-misses": 4.82434233557022,
    "weights": 23.593147962261533,
    "energy": 2.5879127068128076
}