{
    "original": {
        "median_execution_time": 11.557759523391724
    },
    "items": [
        {
            "item_name": "perf_time",
            "median_execution_time": 11.532766342163086,
            "duration": 123.23931465700025,
            "patch_contents": "SrcmlStmtDeletion(('core/Solver.cc.xml', 'stmt', 167))\n",
            "number_of_retries": 1,
            "number_of_steps": 14,
            "best_fitness": 11.583428,
            "reference_fitness": 11.584116,
            "params": false,
            "fitness_values": [
                11.674264,
                11.712877,
                11.583428,
                11.584116,
                11.637099
            ],
            "new_highs": 1,
            "new_highs_ratio": 0.2
        }
    ]
}