{
    "original": {
        "median_execution_time": 11.315391276999435
    },
    "items": [
        {
            "item_name": "energy",
            "median_execution_time": 11.18974538600014,
            "duration": 110.75453890599965,
            "patch_contents": "ParamSetting(('minisat_simplified.params', 'param', 'cl-lim'), 4799) | ParamSetting(('minisat_simplified.params', 'param', 'elim'), 'True') | ParamSetting(('minisat_simplified.params', 'param', 'var-decay'), 0.9476921471155484) | ParamSetting(('minisat_simplified.params', 'param', 'rnd-seed'), 1019565123)\n",
            "number_of_retries": 1,
            "number_of_steps": 9,
            "best_fitness": 76457838.0,
            "reference_fitness": 86632483.0,
            "params": false,
            "fitness_values": [
                79931215.0,
                86632483.0,
                84679871.0,
                79931215.0,
                86047155.0,
                77738136.0,
                77738136.0,
                77738136.0,
                76457838.0
            ],
            "new_highs": 2,
            "new_highs_ratio": 0.2222222222222222
        }
    ]
}