number_of_retries,execution_rank_per_item
1.0,2.2857142857142856
2.0,3.142857142857143
3.0,3.857142857142857
4.0,3.142857142857143
5.0,2.5714285714285716
