{
    "original": {
        "median_execution_time": 5.034813121001207
    },
    "items": [
        {
            "item_name": "perf_time",
            "median_execution_time": 5.10165030799908,
            "duration": 83.46473788099684,
            "patch_contents": "ParamSetting(('minisat_advanced.params', 'param', 'pre'), 'True') | ParamSetting(('minisat_advanced.params', 'param', '@sub-lim$flag'), 'True')\n",
            "number_of_retries": 1,
            "number_of_steps": 27,
            "best_fitness": 5.117426,
            "reference_fitness": 5.158781,
            "params": false,
            "fitness_values": [
                5.531491,
                5.158781,
                5.158781,
                5.158781,
                5.158781,
                5.158781,
                5.158781,
                5.158781,
                5.158781,
                5.158781,
                5.117426,
                5.117426,
                5.117426,
                5.117426,
                5.117426,
                5.117426,
                5.158781,
                5.117426,
                5.158781,
                5.117426,
                5.158781,
                5.117913,
                5.49227,
                5.49227,
                5.16331,
                5.117735
            ],
            "new_highs": 2,
            "new_highs_ratio": 0.07692307692307693
        },
        {
            "item_name": "perf_time",
            "median_execution_time": 5.041984384002717,
            "duration": 110.70337449400176,
            "patch_contents": "ParamSetting(('minisat_advanced.params', 'param', 'simp-gc-frac'), 5881.583223578989) | ParamSetting(('minisat_advanced.params', 'param', 'luby'), 0.9991568352396683)\n",
            "number_of_retries": 2,
            "number_of_steps": 6,
            "best_fitness": 5.101799,
            "reference_fitness": 5.114979,
            "params": false,
            "fitness_values": [
                5.111297,
                8.216771,
                5.114979,
                5.101799,
                8.031268,
                10.42023
            ],
            "new_highs": 1,
            "new_highs_ratio": 0.16666666666666666
        },
        {
            "item_name": "perf_time",
            "median_execution_time": 5.075211445000605,
            "duration": 119.11380640500283,
            "patch_contents": "ParamSetting(('minisat_advanced.params', 'param', 'lbd-cut'), 5.6309609979796615)\n",
            "number_of_retries": 3,
            "number_of_steps": 8,
            "best_fitness": 5.113718,
            "reference_fitness": 5.147131,
            "params": false,
            "fitness_values": [
                5.166984,
                5.147131,
                5.147131,
                5.559706,
                5.147131,
                5.147131,
                6.451698,
                5.113718
            ],
            "new_highs": 2,
            "new_highs_ratio": 0.25
        },
        {
            "item_name": "weights",
            "median_execution_time": 5.12432146500214,
            "duration": 88.80660174999866,
            "patch_contents": "ParamSetting(('minisat_advanced.params', 'param', 'rcheck'), 'True') | ParamSetting(('minisat_advanced.params', 'param', '@sub-lim$flag'), 'True') | ParamSetting(('minisat_advanced.params', 'param', 'luby'), 0.6266782443365149)\n",
            "number_of_retries": 1,
            "number_of_steps": 12,
            "best_fitness": 512140.352,
            "reference_fitness": 18286850.377,
            "params": false,
            "fitness_values": [
                17878452.826,
                18286850.377,
                2014390.467,
                17878452.826,
                2014390.467,
                59900518.601,
                17878452.826,
                2014390.467,
                3551829.497,
                48928014.457,
                17878452.826,
                512140.352
            ],
            "new_highs": 2,
            "new_highs_ratio": 0.16666666666666666
        },
        {
            "item_name": "weights",
            "median_execution_time": 6.208265471999766,
            "duration": 110.24468414700095,
            "patch_contents": "ParamSetting(('minisat_advanced.params', 'param', 'sub-lim$bounded'), 527) | ParamSetting(('minisat_advanced.params', 'param', 'lbd-cut'), 7.718540329977941) | ParamSetting(('minisat_advanced.params', 'param', 'rinc'), 10157.230246165229)\n",
            "number_of_retries": 2,
            "number_of_steps": 7,
            "best_fitness": 4345817.444,
            "reference_fitness": 37711937.6645,
            "params": false,
            "fitness_values": [
                37711937.6645,
                15569139.778,
                4345817.444,
                4345817.444,
                15569139.778,
                54833366.3225,
                48207965.907
            ],
            "new_highs": 2,
            "new_highs_ratio": 0.2857142857142857
        },
        {
            "item_name": "weights",
            "median_execution_time": 5.065306642998621,
            "duration": 126.494012596002,
            "patch_contents": "ParamSetting(('minisat_advanced.params', 'param', 'cl-lim$unbounded'), '-1') | ParamSetting(('minisat_advanced.params', 'param', 'rfirst'), 1087) | ParamSetting(('minisat_advanced.params', 'param', 'rfirst'), 249)\n",
            "number_of_retries": 3,
            "number_of_steps": 8,
            "best_fitness": 21840098.771667,
            "reference_fitness": 41773037.611333,
            "params": false,
            "fitness_values": [
                41773037.611333,
                23978144.892667,
                21840098.771667,
                21840098.771667,
                21840098.771667,
                21840098.771667,
                21840098.771667,
                42578557.511
            ],
            "new_highs": 2,
            "new_highs_ratio": 0.25
        }
    ]
}