{
    "original": {
        "median_execution_time": 11.530681371688843
    },
    "items": [
        {
            "item_name": "weights",
            "median_execution_time": 1.8696725368499756,
            "duration": 659.3709687139999,
            "patch_contents": "ParamSetting(('minisat_simplified.params', 'param', 'luby'), 'False') | ParamSetting(('minisat_simplified.params', 'param', 'rinc'), 1150.3675828737316) | ParamSetting(('minisat_simplified.params', 'param', 'phase-saving'), 2) | ParamSetting(('minisat_simplified.params', 'param', 'verb'), '0')\n",
            "number_of_retries": 1,
            "number_of_steps": 130,
            "best_fitness": 3970664840.844,
            "reference_fitness": 27783840823.879,
            "params": false,
            "fitness_values": [
                18552321951.377,
                27783840823.879,
                18640874196.582,
                34972724918.068,
                6430894302.817,
                5219226619.194,
                5546394233.451,
                27783840823.879,
                5811738017.633,
                5811738017.633,
                5156563082.192,
                5231742165.892,
                5220058786.768,
                6141561225.124,
                27619255851.024,
                4084914276.25,
                4038870472.938,
                4635706678.979,
                5219226619.194,
                7287748480.024,
                3981360478.792,
                4038870472.938,
                3981360478.792,
                13621817466.865,
                5219226619.194,
                4473489852.132,
                4473489852.132,
                4674757119.388,
                29871627419.741,
                6044309911.511,
                5529402572.622,
                3981360478.792,
                6405701164.787,
                4473489852.132,
                3981360478.792,
                5219226619.194,
                4095503000.46,
                4379730474.898,
                4473489852.132,
                3981360478.792,
                3981360478.792,
                3981360478.792,
                7249455673.806,
                5219226619.194,
                4473489852.132,
                11750094584.16,
                4379730474.898,
                3981360478.792,
                4472975843.711,
                4044045868.648,
                6757772993.155,
                3981360478.792,
                3981360478.792,
                4473489852.132,
                3981360478.792,
                5219226619.194,
                4026378767.052,
                6001553079.97,
                3970664840.844,
                5188317238.518,
                3970664840.844,
                5188317238.518,
                3981360478.792,
                4064110462.204,
                3970664840.844,
                3970664840.844,
                31400239635.285,
                5938499707.55,
                3970664840.844,
                4603530036.624,
                4060152456.014,
                6249355662.547,
                4005514944.708,
                4992978707.864,
                4419960683.351,
                4507962381.705,
                3970664840.844,
                4055924131.195,
                3981360478.792,
                4127442279.828,
                4904861330.935,
                4022369140.143,
                4603530036.624,
                4059285754.938,
                5188317238.518,
                4452465311.026,
                7692434339.889,
                4603530036.624,
                4440601167.484,
                4452465311.026,
                3978947844.0,
                4010372032.201,
                3970664840.844,
                3970664840.844,
                3970664840.844,
                3970664840.844,
                3970664840.844,
                4006137461.326,
                4452465311.026,
                3970664840.844,
                4603530036.624,
                5188317238.518,
                3970664840.844,
                4507962381.705,
                3981360478.792,
                3970664840.844,
                3970664840.844,
                4603530036.624,
                3981360478.792,
                5188317238.518,
                4507962381.705,
                3996514756.486,
                3970664840.844,
                4603530036.624,
                3970664840.844,
                4992978707.864,
                17258808275.23,
                3994058984.054,
                3970664840.844,
                3981360478.792,
                3970664840.844,
                4113641261.278,
                4603530036.624,
                3977825704.581,
                4360512997.539,
                4276065141.271,
                4023314800.331,
                43693370277.674
            ],
            "new_highs": 7,
            "new_highs_ratio": 0.0546875
        },
        {
            "item_name": "weights",
            "median_execution_time": 1.878733515739441,
            "duration": 715.3483452050004,
            "patch_contents": "ParamSetting(('minisat_simplified.params', 'param', 'sub-lim'), 58655) | ParamSetting(('minisat_simplified.params', 'param', 'rinc'), 12760.57890250371) | ParamSetting(('minisat_simplified.params', 'param', 'luby'), 'False')\n",
            "number_of_retries": 2,
            "number_of_steps": 61,
            "best_fitness": 3968803888.224,
            "reference_fitness": 27748829985.275,
            "params": false,
            "fitness_values": [
                27557342977.876,
                27748829985.275,
                4483883080.4345,
                4930298362.455999,
                4593609792.5625,
                27557342977.876,
                13656174394.067501,
                3968803888.224,
                4088210223.5635,
                9540610394.404,
                4062343114.2615,
                3968803888.224,
                4483883080.4345,
                5090552295.1,
                3968803888.224,
                4483883080.4345,
                3968803888.224,
                4051672348.4655,
                4483883080.4345,
                4483883080.4345,
                4100442146.741,
                5154440651.025,
                3968803888.224,
                4023816515.436,
                3968803888.224,
                4483883080.4345,
                3968803888.224,
                5154440651.025,
                3968803888.224,
                5154440651.025,
                3968803888.224,
                3968803888.224,
                5157710965.0705,
                4469919235.3855,
                4100442146.741,
                5154440651.025,
                4734241324.061,
                4483883080.4345,
                4721390903.115,
                4001097801.646,
                6786505867.4325,
                3968803888.224,
                3968803888.224,
                4748189988.792999,
                5342838411.556499,
                3968803888.224,
                3968803888.224,
                4060174722.7895,
                5154440651.025,
                3968803888.224,
                4073365604.5445,
                4036017355.5015,
                3968803888.224,
                3968803888.224,
                34067321705.128,
                3968803888.224,
                5768852110.385,
                5154440651.025,
                4055812340.863
            ],
            "new_highs": 2,
            "new_highs_ratio": 0.03389830508474576
        },
        {
            "item_name": "weights",
            "median_execution_time": 7.625683069229126,
            "duration": 761.8828338990006,