{
    "original": {
        "median_execution_time": 11.463303089141846
    },
    "items": [
        {
            "item_name": "perf_time",
            "median_execution_time": 10.23049545288086,
            "duration": 171.2098451719994,
            "patch_contents": "SrcmlStmtDeletion(('core/Solver.cc.xml', 'stmt', 231)) | SrcmlStmtDeletion(('core/Solver.cc.xml', 'stmt', 58)) | SrcmlStmtDeletion(('core/Solver.cc.xml', 'stmt', 266))\n",
            "number_of_retries": 1,
            "number_of_steps": 25,
            "best_fitness": 10.264168,
            "reference_fitness": 11.697963,
            "params": false,
            "fitness_values": [
                10.733473,
                10.931287,
                11.697963,
                11.656402,
                10.820052,
                10.776289,
                10.905287,
                10.843866,
                10.318867,
                10.733473,
                10.264168,
                10.896345
            ],
            "new_highs": 2,
            "new_highs_ratio": 0.16666666666666666
        },
        {
            "item_name": "weights",
            "median_execution_time": 7.912435054779053,
            "duration": 152.1014773750003,
            "patch_contents": "SrcmlStmtDeletion(('core/Solver.cc.xml', 'stmt', 294)) | SrcmlStmtDeletion(('core/Solver.cc.xml', 'stmt', 198))\n",
            "number_of_retries": 1,
            "number_of_steps": 24,
            "best_fitness": 16608150053.154,
            "reference_fitness": 27725919857.043,
            "params": false,
            "fitness_values": [
                18050927973.155,
                27725919857.043,
                18129678192.809,
                18103534557.695,
                18430160960.598,
                16608150053.154,
                16608150053.154,
                18050927973.155,
                16608150053.154,
                18050927973.155,
                25306015767.281
            ],
            "new_highs": 1,
            "new_highs_ratio": 0.09090909090909091
        },
        {
            "item_name": "energy",
            "median_execution_time": 11.624032258987427,
            "duration": 171.42188030300076,
            "patch_contents": "SrcmlStmtReplacement(('core/Solver.cc.xml', 'stmt', 179), ('core/Solver.cc.xml', 'stmt', 261))\n",
            "number_of_retries": 1,
            "number_of_steps": 33,
            "best_fitness": 84941530.0,
            "reference_fitness": 87744867.0,
            "params": false,
            "fitness_values": [
                84941530.0,
                87744867.0,
                86183180.0,
                86707689.0,
                85544054.0,
                123785850.0,
                86385395.0,
                86850535.0
            ],
            "new_highs": 0,
            "new_highs_ratio": 0.0
        }
    ]
}