number_of_retries,execution_rank_per_item
1.0,2.7857142857142856
2.0,3.0
3.0,3.0714285714285716
4.0,2.7857142857142856
5.0,3.357142857142857
